<collection xmlns="http://exist.sourceforge.net/NS/exist" name="/db/examples/eml_sample_xslt" owner="projectDBuser" group="projectDB" mode="755" created="2009-04-21T13:56:03-04:00" version="1">
    <resource type="BinaryResource" name="00_readme_eml_samples.txt" owner="projectDBuser" group="projectDB" mode="755" created="2009-04-22T12:27:44-04:00" modified="2009-04-22T12:27:44-04:00" filename="00_readme_eml_samples.txt" mimetype="text/plain"/>
    <resource type="XMLResource" name="eml-coverage.xsl" owner="projectDBuser" group="projectDB" mode="755" created="2009-04-22T11:57:03-04:00" modified="2009-04-22T11:57:03-04:00" filename="eml-coverage.xsl" mimetype="text/xml"/>
    <resource type="XMLResource" name="eml-dataset.xsl" owner="projectDBuser" group="projectDB" mode="755" created="2009-04-22T11:56:43-04:00" modified="2009-04-22T11:56:43-04:00" filename="eml-dataset.xsl" mimetype="text/xml"/>
    <resource type="XMLResource" name="eml-literature.xsl" owner="projectDBuser" group="projectDB" mode="755" created="2009-04-22T15:07:41-04:00" modified="2009-04-22T15:07:41-04:00" filename="eml-literature.xsl" mimetype="text/xml"/>
    <resource type="XMLResource" name="eml-party.xsl" owner="projectDBuser" group="projectDB" mode="755" created="2009-04-22T11:57:33-04:00" modified="2009-04-22T11:57:33-04:00" filename="eml-party.xsl" mimetype="text/xml"/>
    <resource type="XMLResource" name="eml-project.xsl" owner="projectDBuser" group="projectDB" mode="755" created="2009-04-21T14:03:20-04:00" modified="2009-04-22T11:57:51-04:00" filename="eml-project.xsl" mimetype="text/xml"/>
    <resource type="XMLResource" name="eml-resource.xsl" owner="projectDBuser" group="projectDB" mode="755" created="2009-04-22T11:57:58-04:00" modified="2009-04-22T11:57:58-04:00" filename="eml-resource.xsl" mimetype="text/xml"/>
    <resource type="XMLResource" name="eml-text.xsl" owner="projectDBuser" group="projectDB" mode="755" created="2009-04-22T11:58:12-04:00" modified="2009-04-22T11:58:12-04:00" filename="eml-text.xsl" mimetype="text/xml"/>
    <resource type="XMLResource" name="resultset-table.xsl" owner="projectDBuser" group="projectDB" mode="755" created="2009-04-21T14:02:05-04:00" modified="2009-04-21T14:02:05-04:00" filename="resultset-table.xsl" mimetype="text/xml"/>
    <resource type="XMLResource" name="resultset.xsl" owner="projectDBuser" group="projectDB" mode="755" created="2009-04-21T14:01:58-04:00" modified="2009-04-21T14:01:58-04:00" filename="resultset.xsl" mimetype="text/xml"/>
</collection>