<collection xmlns="http://exist.sourceforge.net/NS/exist" name="/db/projects/util/xslt" owner="projectDBuser" group="projectDB" mode="774" created="2009-04-24T14:38:15-04:00" version="1">
    <resource type="XMLResource" name="capProjectHTML.xsl" owner="projectDBuser" group="projectDB" mode="755" created="2009-04-21T11:26:36-04:00" modified="2009-04-27T10:44:31-04:00" filename="capProjectHTML.xsl" mimetype="text/xml"/>
    <resource type="XMLResource" name="capProjectListHTML.xsl" owner="projectDBuser" group="projectDB" mode="755" created="2009-04-23T11:37:54-04:00" modified="2009-04-24T14:06:45-04:00" filename="capProjectListHTML.xsl" mimetype="text/xml"/>
    <resource type="XMLResource" name="gceMainTemplate.xsl" owner="projectDBuser" group="projectDB" mode="755" created="2009-04-22T22:52:02-04:00" modified="2010-01-13T13:40:37-05:00" filename="gceMainTemplate.xsl" mimetype="text/xml"/>
    <resource type="XMLResource" name="gceProjectDescription.xsl" owner="projectDBuser" group="projectDB" mode="755" created="2009-05-03T09:27:29-04:00" modified="2010-01-13T13:40:24-05:00" filename="gceProjectDescription.xsl" mimetype="text/xml"/>
    <resource type="XMLResource" name="gceProjectDescriptionPlain.xsl" owner="admin" group="dba" mode="755" created="2010-10-14T11:14:33-04:00" modified="2010-10-14T11:14:33-04:00" filename="gceProjectDescriptionPlain.xsl" mimetype="text/xml"/>
    <resource type="XMLResource" name="gceProjectsListTable.xsl" owner="projectDBuser" group="projectDB" mode="755" created="2009-04-22T17:26:42-04:00" modified="2010-10-14T11:21:04-04:00" filename="gceProjectsListTable.xsl" mimetype="text/xml"/>
    <resource type="XMLResource" name="gceProjectsListText.xsl" owner="projectDBuser" group="projectDB" mode="755" created="2009-04-27T13:30:40-04:00" modified="2010-10-14T11:21:25-04:00" filename="gceProjectsListText.xsl" mimetype="text/xml"/>
    <resource type="XMLResource" name="gceQueryForm.xsl" owner="projectDBuser" group="projectDB" mode="755" created="2009-04-27T12:51:09-04:00" modified="2010-01-13T13:39:40-05:00" filename="gceQueryForm.xsl" mimetype="text/xml"/>
    <resource type="XMLResource" name="gceQueryForm_old.xsl" owner="projectDBuser" group="projectDB" mode="755" created="2010-01-13T13:37:20-05:00" modified="2010-01-13T13:37:20-05:00" filename="gceQueryForm_old.xsl" mimetype="text/xml"/>
    <resource type="XMLResource" name="lterProjectAdminDescription.xsl" owner="projectDBuser" group="projectDB" mode="755" created="2009-05-01T18:02:18-04:00" modified="2009-05-11T20:09:02-04:00" filename="lterProjectAdminDescription.xsl" mimetype="text/xml"/>
    <resource type="XMLResource" name="lterProjectDescription.xsl" owner="projectDBuser" group="projectDB" mode="755" created="2009-04-30T12:41:50-04:00" modified="2009-05-11T20:08:54-04:00" filename="lterProjectDescription.xsl" mimetype="text/xml"/>
    <resource type="XMLResource" name="lterProjectPermits.xsl" owner="projectDBuser" group="projectDB" mode="755" created="2009-05-01T17:51:47-04:00" modified="2009-05-01T17:51:47-04:00" filename="lterProjectPermits.xsl" mimetype="text/xml"/>
    <resource type="XMLResource" name="lterProjectReporting.xsl" owner="projectDBuser" group="projectDB" mode="755" created="2009-04-24T15:49:11-04:00" modified="2009-04-24T16:58:55-04:00" filename="lterProjectReporting.xsl" mimetype="text/xml"/>
    <resource type="XMLResource" name="lterProjectsAdminListTable.xsl" owner="projectDBuser" group="projectDB" mode="755" created="2009-05-01T17:52:19-04:00" modified="2009-05-03T16:43:38-04:00" filename="lterProjectsAdminListTable.xsl" mimetype="text/xml"/>
    <resource type="XMLResource" name="lterProjectsAdminListText.xsl" owner="projectDBuser" group="projectDB" mode="755" created="2009-05-01T17:52:39-04:00" modified="2009-05-04T11:35:26-04:00" filename="lterProjectsAdminListText.xsl" mimetype="text/xml"/>
    <resource type="XMLResource" name="lterProjectsAdminQueryForm.xsl" owner="projectDBuser" group="projectDB" mode="755" created="2009-05-01T17:52:51-04:00" modified="2009-05-01T17:52:51-04:00" filename="lterProjectsAdminQueryForm.xsl" mimetype="text/xml"/>
    <resource type="XMLResource" name="lterProjectsListTable.xsl" owner="projectDBuser" group="projectDB" mode="755" created="2009-04-22T17:06:37-04:00" modified="2009-05-03T16:39:58-04:00" filename="lterProjectsListTable.xsl" mimetype="text/xml"/>
    <resource type="XMLResource" name="lterProjectsListText.xsl" owner="projectDBuser" group="projectDB" mode="755" created="2009-04-22T17:06:37-04:00" modified="2009-05-03T16:40:08-04:00" filename="lterProjectsListText.xsl" mimetype="text/xml"/>
    <resource type="XMLResource" name="lterQueryForm.xsl" owner="projectDBuser" group="projectDB" mode="755" created="2009-04-24T16:58:23-04:00" modified="2010-01-13T15:23:52-05:00" filename="lterQueryForm.xsl" mimetype="text/xml"/>
    <resource type="XMLResource" name="projectdb_make_menu_1.xsl" owner="projectDBuser" group="projectDB" mode="755" created="2009-04-23T16:31:30-04:00" modified="2009-04-24T16:17:36-04:00" filename="projectdb_make_menu_1.xsl" mimetype="text/xml"/>
    <resource type="XMLResource" name="sbcMainTemplate.xsl" owner="projectDBuser" group="projectDB" mode="755" created="2010-03-15T16:22:19-04:00" modified="2010-03-15T16:37:57-04:00" filename="sbcMainTemplate.xsl" mimetype="text/xml"/>
    <resource type="XMLResource" name="sbcProjectDescription.xsl" owner="projectDBuser" group="projectDB" mode="755" created="2009-09-18T14:44:15-04:00" modified="2010-03-15T15:22:53-04:00" filename="sbcProjectDescription.xsl" mimetype="text/xml"/>
    <resource type="XMLResource" name="sbcProjectsListTable.xsl" owner="projectDBuser" group="projectDB" mode="755" created="2010-03-15T16:09:30-04:00" modified="2010-03-15T16:42:28-04:00" filename="sbcProjectsListTable.xsl" mimetype="text/xml"/>
    <resource type="XMLResource" name="subSiteMapConvert.xsl" owner="projectDBuser" group="projectDB" mode="755" created="2009-04-24T13:44:56-04:00" modified="2009-04-24T13:44:56-04:00" filename="subSiteMapConvert.xsl" mimetype="text/xml"/>
</collection>