<?xml version="1.0" encoding="UTF-8"?>
<lter:researchProject xmlns:lter="eml://ecoinformatics.org/lter-project-2.1.0" xmlns:xsi="http://www.w3.org/2001/XMLSchema-instance" id="knb-lter-bes.p1.1" xsi:schemaLocation="eml://ecoinformatics.org/lter-project-2.1.0 file:/C:/Documents%20and%20Settings/besuser/My%20Documents/svn%20stuff/schema/lter-project.xsd">
    <shortName>BES Birdsurvey</shortName>
    <title>Bird Transect Survey in Baltimore</title>
    <creator><individualName><salutation>Dr.</salutation>
            <givenName>Paige</givenName>
            <surName>Warren</surName>
        </individualName>
        <organizationName>University of Massachusetts</organizationName>
        <address><deliveryPoint>Dept. of Biology</deliveryPoint>
            <deliveryPoint>University of Massachusetts</deliveryPoint>
            <city>Amhearst</city>
            <administrativeArea>Massachusetts</administrativeArea>
            <postalCode>01003</postalCode>
            <country>USA</country>
        </address>
        <electronicMailAddress>pswarren@nrc.umass.edu</electronicMailAddress>
        <onlineUrl>http://beslter.org</onlineUrl>
    </creator>
    <metadataProvider><organizationName>Baltimore Ecosystem Study</organizationName>
        <address><deliveryPoint>TRC Building</deliveryPoint>
            <deliveryPoint>5200 Westmoreland Boulevard</deliveryPoint>
            <city>Baltimore</city>
            <administrativeArea>Maryland</administrativeArea>
            <postalCode>21227</postalCode>
            <country>USA</country>
        </address>
        <electronicMailAddress>info@beslter.org</electronicMailAddress>
        <onlineUrl>http://beslter.org</onlineUrl>
    </metadataProvider>
    <associatedParty><individualName><salutation>Dr.</salutation>
            <givenName>Paige</givenName>
            <surName>Warren</surName>
        </individualName>
        <organizationName>University of Massachusetts</organizationName>
        <address><deliveryPoint>Dept. of Biology</deliveryPoint>
            <deliveryPoint>University of Massachusetts</deliveryPoint>
            <city>Amhearst</city>
            <administrativeArea>Massachusetts</administrativeArea>
            <postalCode>01003</postalCode>
            <country>USA</country>
        </address>
        <electronicMailAddress>pswarren@nrc.umass.edu</electronicMailAddress>
        <onlineUrl>http://beslter.org</onlineUrl>
        <role>co-PI</role>
        <temporalCoverage><rangeOfDates><beginDate><calendarDate>2002-01-01</calendarDate>
                </beginDate>
                <endDate><calendarDate>2012-01-01</calendarDate>
                </endDate>
            </rangeOfDates>
        </temporalCoverage>
    </associatedParty>
    <associatedParty><individualName><salutation>Dr.</salutation>
            <givenName>Kirsten</givenName>
            <surName>Schwarz</surName>
        </individualName>
        <organizationName>Cary Institute of Ecosystem Studies</organizationName>
        <address><deliveryPoint>Plant Science Building</deliveryPoint>
            <deliveryPoint>PO Box AB</deliveryPoint>
            <city>Millbrook</city>
            <administrativeArea>New York</administrativeArea>
            <postalCode>12545</postalCode>
            <country>USA</country>
        </address>
        <electronicMailAddress>schwarzk@caryinstitute.org</electronicMailAddress>
        <onlineUrl>http://beslter.org</onlineUrl>
        <role>Graduate Coordinator</role>
        <temporalCoverage><rangeOfDates><beginDate><calendarDate>2005-01-01</calendarDate>
                </beginDate>
                <endDate><calendarDate>2012-01-01</calendarDate>
                </endDate>
            </rangeOfDates>
        </temporalCoverage>
    </associatedParty>
    <pubDate>2009</pubDate>
    <abstract><section><title>Overview</title>
            <para>The Baltimore Birdscape project is a breeding bird survey intended to find out
                what birds are breeding in Baltimore and where. Volunteers from the local area will
                survey the entire city and find what areas are rich in breeding bird diversity. We
                will then make a map of where these birds are located. Through the survey efforts of
                local volunteers this project will show associations among land cover, landuse, and
                habitat features with breeding bird abundance, to provide information for land
                managers on possible consequences of land use changes on bird communities. The
                Baltimore Birdscape data will provide an overview of bird distributions within
                Baltimore City. In 2002 we did point counts on a a 50 point random sample of the
                BirdScape grid. </para>
        </section>
        <section><title>Background</title>
            <para> The Baltimore Parks Project will examine the ecological and social role of small,
                neighborhood parks in the urban residential areas. This work will expand upon and
                provide comparisons with the existing study of neighborhood parks in Phoenix.
                Results from the Phoenix study indicate that parks in lower income and minority
                neighborhoods support lower bird species diversity than similar parks in more
                affluent areas. In Baltimore, we will build on the findings from Phoenix to examine
                how social, cultural and economic factors may account for ecological variation in
                urban parks and neighborhoods. Comparisons between Birdscape and the Parks Project
                will serve to validate results from each study. </para>
        </section>
    </abstract>
    <keywordSet name="organizations">
        <keyword>BES</keyword>
        <keyword>LTER</keyword>
        <keyword>NSF</keyword>
    </keywordSet>
    <keywordSet name="habitats">
        <keyword>birds</keyword>
        <keyword>squirrels</keyword>
        <keyword>breeding</keyword>
        <keyword>comparative</keyword>
    </keywordSet>
    <keywordSet name="measurements">
        <keyword>count</keyword>
        <keyword>plant diversity</keyword>
    </keywordSet>
    <coverage><geographicCoverage><geographicDescription>Transects in Baltimore</geographicDescription>
            <boundingCoordinates><westBoundingCoordinate>-77.314183</westBoundingCoordinate>
                <eastBoundingCoordinate>-76.012008</eastBoundingCoordinate>
                <northBoundingCoordinate>39.724847</northBoundingCoordinate>
                <southBoundingCoordinate>38.708367</southBoundingCoordinate>
            </boundingCoordinates>
        </geographicCoverage>
        <temporalCoverage><rangeOfDates><beginDate><calendarDate>2003-01-01</calendarDate>
                </beginDate>
                <endDate><calendarDate>2012-01-01</calendarDate>
                </endDate>
            </rangeOfDates>
        </temporalCoverage>
    </coverage>
    <funding><section><title>BES-II NSF Grant</title>
            <para>This material is based upon work supported by the National Science Foundation
                under grant number OCE-0620959. Any opinions, findings, conclusions, or
                recommendations expressed in the material are those of the author(s) and do not
                necessarily reflect the views of the National Science Foundation.</para>
        </section>
    </funding>
    <studyAreaDescription><coverage><geographicCoverage><geographicDescription>Baltimore Ecosystem Study Coastal Ecosystems LTER Study
                    Area</geographicDescription>
                <boundingCoordinates><westBoundingCoordinate>-77.314183</westBoundingCoordinate>
                    <eastBoundingCoordinate>-76.012008</eastBoundingCoordinate>
                    <northBoundingCoordinate>39.724847</northBoundingCoordinate>
                    <southBoundingCoordinate>38.708367</southBoundingCoordinate>
                </boundingCoordinates>
            </geographicCoverage>
        </coverage>
    </studyAreaDescription>
    <designDescription><description><section><title>Hypotheses</title>
                <para>BES Bird Survey Hypothesis Lorem Ipsum is simply dummy text of the printing
                    and typesetting industry. Lorem Ipsum has been the industry's standard dummy
                    text ever since the 1500s, when an unknown printer took a galley of type and
                    scrambled it to make a type specimen book. It has survived not only five
                    centuries, but also the leap into electronic typesetting, remaining essentially
                    unchanged. It was popularised in the 1960s with the release of Letraset sheets
                    containing Lorem Ipsum passages, and more recently with desktop publishing
                    software like Aldus PageMaker including versions of Lorem Ipsum.</para>
            </section>
        </description>
    </designDescription>
    <reporting date="2007">
        <reportSection><sectionTitle>2007 NSF Status Report</sectionTitle>
            <sectionValue><section><title>Overview</title>
                    <para>Oerview of BES Birdsurvey Lorem Ipsum is simply dummy text of the printing
                        and typesetting industry. Lorem Ipsum has been the industry's standard dummy
                        text ever since the 1500s, when an unknown printer took a galley of type and
                        scrambled it to make a type specimen book. It has survived not only five
                        centuries, but also the leap into electronic typesetting, remaining
                        essentially unchanged. It was popularised in the 1960s with the release of
                        Letraset sheets containing Lorem Ipsum passages, and more recently with
                        desktop publishing software like Aldus PageMaker including versions of Lorem
                        Ipsum.</para>
                </section>
            </sectionValue>
        </reportSection>
    </reporting>
    <reporting date="2008">
        <reportSection><sectionTitle>2008 NSF Status Report</sectionTitle>
            <sectionValue><section><title>Overview</title>
                    <para>Overview of BES 2008 Report Lorem Ipsum is simply dummy text of the
                        printing and typesetting industry. Lorem Ipsum has been the industry's
                        standard dummy text ever since the 1500s, when an unknown printer took a
                        galley of type and scrambled it to make a type specimen book. It has
                        survived not only five centuries, but also the leap into electronic
                        typesetting, remaining essentially unchanged. It was popularised in the
                        1960s with the release of Letraset sheets containing Lorem Ipsum passages,
                        and more recently with desktop publishing software like Aldus PageMaker
                        including versions of Lorem Ipsum.</para>
                </section>
                <section><title>2003 Bird Survey</title>
                    <para>Overview of BES 2008 Report Lorem Ipsum is simply dummy text of the
                        printing and typesetting industry. Lorem Ipsum has been the industry's
                        standard dummy text ever since the 1500s, when an unknown printer took a
                        galley of type and scrambled it to make a type specimen book. It has
                        survived not only five centuries, but also the leap into electronic
                        typesetting, remaining essentially unchanged. It was popularised in the
                        1960s with the release of Letraset sheets containing Lorem Ipsum passages,
                        and more recently with desktop publishing software like Aldus PageMaker
                        including versions of Lorem Ipsum.</para>
                </section>
                <section><title>Bird Studies </title>
                    <para>Bird study introduction.</para>
                </section>
                <section><title>BES Bird Survey</title>
                    <para>Report on the bid survey</para>
                </section>
            </sectionValue>
        </reportSection>
    </reporting>
    <associatedMaterial category="map">
        <distribution><online><url>http://www.beslter.org/frame4-page_3f_05.html/frame4-page_3f_05_01.jpg</url>
            </online>
        </distribution>
    </associatedMaterial>
</lter:researchProject>