<collection xmlns="http://exist.sourceforge.net/NS/exist" name="/db/projects/util/web/js/gce" owner="projectDBuser" group="projectDB" mode="755" created="2009-04-24T14:38:15-04:00" version="1">
    <resource type="BinaryResource" name="ajaxLoadLeftNav.js" owner="projectDBuser" group="projectDB" mode="755" created="2009-04-23T14:15:02-04:00" modified="2010-01-13T13:33:58-05:00" filename="ajaxLoadLeftNav.js" mimetype="application/x-javascript"/>
    <resource type="BinaryResource" name="ajaxUtils.js" owner="projectDBuser" group="projectDB" mode="755" created="2009-04-23T14:15:02-04:00" modified="2010-01-13T13:33:59-05:00" filename="ajaxUtils.js" mimetype="application/x-javascript"/>
    <resource type="BinaryResource" name="dragzoom.js" owner="projectDBuser" group="projectDB" mode="755" created="2010-01-13T13:33:59-05:00" modified="2010-01-13T13:33:59-05:00" filename="dragzoom.js" mimetype="application/x-javascript"/>
    <resource type="BinaryResource" name="gceProjectDescription.js" owner="projectDBuser" group="projectDB" mode="755" created="2010-01-13T13:33:59-05:00" modified="2010-01-13T13:33:59-05:00" filename="gceProjectDescription.js" mimetype="application/x-javascript"/>
    <resource type="BinaryResource" name="gceProjectsList.js" owner="projectDBuser" group="projectDB" mode="755" created="2009-05-03T10:45:07-04:00" modified="2010-01-13T13:34:00-05:00" filename="gceProjectsList.js" mimetype="application/x-javascript"/>
    <resource type="BinaryResource" name="gceQueryForm.js" owner="projectDBuser" group="projectDB" mode="755" created="2010-01-13T13:34:00-05:00" modified="2010-01-13T13:34:00-05:00" filename="gceQueryForm.js" mimetype="application/x-javascript"/>
    <resource type="BinaryResource" name="leftnav_insert.txt" owner="projectDBuser" group="projectDB" mode="755" created="2009-04-23T14:16:34-04:00" modified="2010-01-13T13:34:01-05:00" filename="leftnav_insert.txt" mimetype="text/plain"/>
    <resource type="BinaryResource" name="map_functions.js" owner="projectDBuser" group="projectDB" mode="755" created="2010-01-13T13:34:01-05:00" modified="2010-01-13T13:36:27-05:00" filename="map_functions.js" mimetype="application/x-javascript"/>
    <resource type="BinaryResource" name="zoom-button-activated.gif" owner="projectDBuser" group="projectDB" mode="755" created="2010-01-13T13:33:56-05:00" modified="2010-01-13T13:33:56-05:00" filename="zoom-button-activated.gif" mimetype="image/gif"/>
    <resource type="BinaryResource" name="zoom-button.gif" owner="projectDBuser" group="projectDB" mode="755" created="2010-01-13T13:34:01-05:00" modified="2010-01-13T13:34:01-05:00" filename="zoom-button.gif" mimetype="image/gif"/>
</collection>