<collection xmlns="http://exist.sourceforge.net/NS/exist" name="/db/projects/util/web/css" owner="projectDBuser" group="projectDB" mode="755" created="2009-04-24T14:38:15-04:00" version="1">
    <resource type="BinaryResource" name="caplter.css" owner="projectDBuser" group="projectDB" mode="755" created="2009-04-23T17:41:17-04:00" modified="2009-04-23T17:41:17-04:00" filename="caplter.css" mimetype="text/css"/>
    <resource type="BinaryResource" name="gceProjectDescription.css" owner="projectDBuser" group="projectDB" mode="755" created="2009-05-07T09:32:36-04:00" modified="2010-10-14T11:12:37-04:00" filename="gceProjectDescription.css" mimetype="text/css"/>
    <resource type="BinaryResource" name="gceProjectDescriptionPlain.css" owner="projectDBuser" group="projectDB" mode="755" created="2010-10-14T11:12:37-04:00" modified="2010-10-14T11:12:37-04:00" filename="gceProjectDescriptionPlain.css" mimetype="text/css"/>
    <resource type="BinaryResource" name="gceProjectsListTable.css" owner="projectDBuser" group="projectDB" mode="755" created="2009-04-27T12:41:35-04:00" modified="2010-10-14T11:12:38-04:00" filename="gceProjectsListTable.css" mimetype="text/css"/>
    <resource type="BinaryResource" name="gceProjectsListText.css" owner="projectDBuser" group="projectDB" mode="755" created="2009-04-27T13:32:15-04:00" modified="2010-10-14T11:12:36-04:00" filename="gceProjectsListText.css" mimetype="text/css"/>
    <resource type="BinaryResource" name="gceQueryForm.css" owner="projectDBuser" group="projectDB" mode="755" created="2009-04-27T12:47:46-04:00" modified="2010-01-13T13:33:10-05:00" filename="gceQueryForm.css" mimetype="text/css"/>
    <resource type="BinaryResource" name="gce_main_plain.css" owner="projectDBuser" group="projectDB" mode="755" created="2010-10-14T11:12:36-04:00" modified="2010-10-14T11:12:36-04:00" filename="gce_main_plain.css" mimetype="text/css"/>
    <resource type="BinaryResource" name="lterProjectDescription.css" owner="projectDBuser" group="projectDB" mode="755" created="2009-04-30T12:41:37-04:00" modified="2009-05-12T11:11:46-04:00" filename="lterProjectDescription.css" mimetype="text/css"/>
    <resource type="BinaryResource" name="projectdb.css" owner="projectDBuser" group="projectDB" mode="755" created="2009-04-24T15:40:38-04:00" modified="2009-04-24T15:45:31-04:00" filename="projectdb.css" mimetype="text/css"/>
    <resource type="BinaryResource" name="query_form.css" owner="projectDBuser" group="projectDB" mode="755" created="2009-04-24T15:09:36-04:00" modified="2010-01-13T15:08:45-05:00" filename="query_form.css" mimetype="text/css"/>
</collection>