<collection xmlns="http://exist.sourceforge.net/NS/exist" name="/db/projects/data" owner="projectDBuser" group="projectDB" mode="755" created="2009-04-24T14:35:58-04:00" version="1">
    <subcollection name="bes" filename="bes"/>
    <subcollection name="sev" filename="sev"/>
    <subcollection name="testing" filename="testing"/>
    <subcollection name="sbc" filename="sbc"/>
    <subcollection name="gce" filename="gce"/>
    <subcollection name="vcr" filename="vcr"/>
    <subcollection name="kbs" filename="kbs"/>
    <subcollection name="and" filename="and"/>
    <subcollection name="mcr" filename="mcr"/>
    <subcollection name="cap" filename="cap"/>
</collection>