<collection xmlns="http://exist.sourceforge.net/NS/exist" name="/db" owner="guest" group="guest" mode="777" created="2009-04-20T09:34:07-04:00" version="1">
    <resource type="XMLResource" name="examples.xml" owner="guest" group="guest" mode="755" created="2009-04-21T11:42:59-04:00" modified="2009-04-21T11:56:41-04:00" filename="examples.xml" mimetype="text/xml"/>
    <resource type="XMLResource" name="names.xml" owner="guest" group="guest" mode="755" created="2011-06-17T08:11:01-04:00" modified="2011-06-17T08:11:01-04:00" filename="names.xml" mimetype="text/xml"/>
    <subcollection name="examples" filename="examples"/>
    <subcollection name="sandbox" filename="sandbox"/>
    <subcollection name="projects" filename="projects"/>
    <subcollection name="XQTS" filename="XQTS"/>
    <subcollection name="system" filename="system"/>
    <subcollection name="personnel" filename="personnel"/>
</collection>