<collection xmlns="http://exist.sourceforge.net/NS/exist" name="/db/projects/util/web/js" owner="projectDBuser" group="projectDB" mode="755" created="2009-04-24T14:38:15-04:00" version="1">
    <resource type="BinaryResource" name="dragzoom.js" owner="projectDBuser" group="projectDB" mode="755" created="2010-01-13T14:52:22-05:00" modified="2010-01-13T14:52:22-05:00" filename="dragzoom.js" mimetype="application/x-javascript"/>
    <resource type="BinaryResource" name="lterProjectAdminDescription.js" owner="projectDBuser" group="projectDB" mode="755" created="2009-05-01T17:54:23-04:00" modified="2009-05-02T16:38:33-04:00" filename="lterProjectAdminDescription.js" mimetype="application/x-javascript"/>
    <resource type="BinaryResource" name="lterProjectDescription.js" owner="projectDBuser" group="projectDB" mode="755" created="2009-04-30T12:41:30-04:00" modified="2009-05-02T16:23:26-04:00" filename="lterProjectDescription.js" mimetype="application/x-javascript"/>
    <resource type="BinaryResource" name="lterQueryForm.js" owner="projectDBuser" group="projectDB" mode="755" created="2009-05-07T08:55:50-04:00" modified="2009-05-07T08:55:50-04:00" filename="lterQueryForm.js" mimetype="application/x-javascript"/>
    <resource type="BinaryResource" name="map_functions.js" owner="projectDBuser" group="projectDB" mode="755" created="2010-01-13T14:51:43-05:00" modified="2010-01-13T15:25:48-05:00" filename="map_functions.js" mimetype="application/x-javascript"/>
    <resource type="BinaryResource" name="zoom-button-activated.gif" owner="projectDBuser" group="projectDB" mode="755" created="2010-01-13T14:54:18-05:00" modified="2010-01-13T14:54:18-05:00" filename="zoom-button-activated.gif" mimetype="image/gif"/>
    <resource type="BinaryResource" name="zoom-button.gif" owner="projectDBuser" group="projectDB" mode="755" created="2010-01-13T14:54:18-05:00" modified="2010-01-13T14:54:18-05:00" filename="zoom-button.gif" mimetype="image/gif"/>
    <subcollection name="gce" filename="gce"/>
</collection>