<?xml version="1.0" encoding="UTF-8"?>
<?xml-stylesheet type="text/xsl" href="EML2KMLtest.xsl"?><eml:eml xmlns:eml="eml://ecoinformatics.org/eml-2.0.1" xmlns:stmml="http://www.xml-cml.org/schema/stmml" xmlns:ds="eml://ecoinformatics.org/dataset-2.0.1" xmlns:xsi="http://www.w3.org/2001/XMLSchema-instance" packageId="knb-lter-vcr.75.8" system="VCR" xsi:schemaLocation="eml://ecoinformatics.org/eml-2.0.1 http://gce-lter.marsci.uga.edu/lter/files/schemas/eml-201/eml.xsd">
   <dataset id="75" system="VCR">
      <alternateIdentifier>VCR99057</alternateIdentifier>
      <title>Water Quality - Nutrients</title>
      <creator><individualName><salutation>Dr.</salutation>
            <givenName>Robert</givenName>
            <surName>Christian</surName>
         </individualName>
         <address><deliveryPoint>East Carolina University, Department of Biology</deliveryPoint>
         <city>Greenville</city>
         <administrativeArea>NC</administrativeArea>
         <postalCode>27858-4353</postalCode>
      </address>
         <phone phonetype="voice">(252) 328-1835</phone>
         <phone phonetype="facsimile">(252) 328-4178</phone>
         <electronicMailAddress>christianr@ecu.edu </electronicMailAddress>
      </creator>
      <creator><individualName><salutation>Dr.</salutation>
            <givenName>Karen</givenName>
            <surName>McGlathery</surName>
         </individualName>
         <address><deliveryPoint>Department of Environmental Sciences, Clark Hall, University of Virginia</deliveryPoint>
         <city>Charlottesville</city>
         <administrativeArea>VA</administrativeArea>
         <postalCode>22903</postalCode>
      </address>
         <phone phonetype="voice">434-924-0558</phone>
         <phone phonetype="facsimile">434-982-2137</phone>
         <electronicMailAddress>kjm4k@virginia.edu</electronicMailAddress>
      </creator>
      <metadataProvider><organizationName>Virginia Coast Reserve Long-Term Ecological Research Project</organizationName>
         <address><deliveryPoint>Department of Environmental Sciences, University of Virginia, 291 McCormick Road, PO Box 400123</deliveryPoint>
         <city>Charlottesville</city>
         <administrativeArea>VA</administrativeArea>
         <postalCode>22904-4123</postalCode>
         <country>USA</country>
      </address>
         <phone phonetype="voice">434-924-7761</phone>
         <phone phonetype="facsimile">434-982-2137</phone>
         <onlineUrl>http://www.vcrlter.virginia.edu</onlineUrl>
      </metadataProvider>
      <pubDate>1999-12-31</pubDate>
      <abstract><section><para> This dataset contains information on nutrient concentrations a the Virginia Coast
               Reserve Long-Term Ecological Research Project. </para>
         </section>
      </abstract>
      <keywordSet><keyword keywordType="theme">Nutrient Movements</keyword>
         <keyword keywordType="theme">System State/Condition</keyword>
         <keyword keywordType="theme">Nitrogen</keyword>
         <keyword keywordType="theme">Phosphorus</keyword>
         <keyword keywordType="theme">Nitrite</keyword>
         <keyword keywordType="theme">Ammonium</keyword>
         <keyword keywordType="theme">water quality</keyword>
         <keyword keywordType="theme">Phosphate</keyword>
      </keywordSet>
      <intellectualRights><section><title>Data License</title>
            <para>Data and documentation is copyrighted by The Virginia Coast Reserve LTER project
               of the University of Virginia (UVA), and ownership remains with the UVA.</para>
            <para>The UVA grants you (hereafter, Licensee) a license to use the data and
               documentation for academic, and research purposes only, without a fee.</para>
            <para>Licensee may make derivative works. However, if Licensee distributes any
               derivative work based on or derived from the data and documentation, then Licensee
               will</para>
            <para><orderedlist><listitem><para>notify the VCR/LTER designated contact (typically the investigator who
                        collected the data) regarding its distribution of the derivative work,
                     and</para>
                  </listitem>
                  <listitem><para>clearly notify users that such derivative work is a modified version and
                        not the original data and documentation distributed by the UVA.</para>
                  </listitem>
                  <listitem><para>acknowledge the support of NSF Grants BSR-8702333-06, DEB-9211772,
                        DEB-9411974 and DEB-0080381 in any publications using the data and
                        documentation.</para>
                  </listitem>
                  <listitem><para>send to the address, above, two reprints of any publications resulting
                        from use of the data and documentation. </para>
                  </listitem>
               </orderedlist>
            </para>
            <para>Any Licensee wishing to make commercial use of the data and documentation should
               contact the UVA, c/o VCR/LTER, to negotiate an appropriate license for such
               commercial use. Commercial use includes</para>
            <para><orderedlist><listitem><para>integration of all or part of the data and documentation into a product
                        for sale or license by or on behalf of Licensee to third parties, or</para>
                  </listitem>
                  <listitem><para> distribution of the data or documentation to third parties that need it
                        to utilize a commercial product sold or licensed by or on behalf of
                        Licensee.</para>
                  </listitem>
               </orderedlist>
            </para>
            <para><emphasis>UVA MAKES NO REPRESENTATIONS ABOUT THE SUITABILITY OF THIS DATA AND
                  DOCUMENTATION FOR ANY PURPOSE. IT IS PROVIDED "AS IS" WITHOUT EXPRESS OR IMPLIED
                  WARRANTY. THE UVA SHALL NOT BE LIABLE FOR ANY DAMAGES SUFFERED BY THE USERS OF
                  THIS DATA AND DOCUMENTATION.</emphasis>
            </para>
            <para>By using or copying this data and documentation, Licensee agrees to abide by the
               copyright law and all other applicable laws of the U.S. including, but not limited
               to, export control laws, and the terms of this license. UVA shall have the right to
               terminate this license immediately by written notice upon Licensee's breach of, or
               non-compliance with, any of its terms. Licensee may be held legally responsible for
               any copyright infringement that is caused or encouraged by Licensee's failure to
               abide by the terms of this license. </para>
         </section>
      </intellectualRights>
      <distribution><online><url>http://www.vcrlter.virginia.edu/cgi-bin/w3-msql2/data/query/datasets/show_data.html?QDATA_ID=VCR99057</url>
         </online>
      </distribution>
      <coverage><geographicCoverage><geographicDescription>Hog Island Bay - Hog Island Bay</geographicDescription>
            <boundingCoordinates><westBoundingCoordinate>-75.700000</westBoundingCoordinate>
               <eastBoundingCoordinate>-75.810000</eastBoundingCoordinate>
               <northBoundingCoordinate>37.500000</northBoundingCoordinate>
               <southBoundingCoordinate>37.360000</southBoundingCoordinate>
            </boundingCoordinates>
         </geographicCoverage>
         <geographicCoverage><geographicDescription>Oyster Harbor - Oyster Harbor</geographicDescription>
            <boundingCoordinates><westBoundingCoordinate>-75.923545553</westBoundingCoordinate>
               <eastBoundingCoordinate>-75.923545553</eastBoundingCoordinate>
               <northBoundingCoordinate>37.2889694</northBoundingCoordinate>
               <southBoundingCoordinate>37.2889694</southBoundingCoordinate>
            </boundingCoordinates>
         </geographicCoverage>
         <geographicCoverage><geographicDescription>Cattleshed Creek head - Cattleshed Creek head</geographicDescription>
            <boundingCoordinates><westBoundingCoordinate>-75.685100</westBoundingCoordinate>
               <eastBoundingCoordinate>-75.685100</eastBoundingCoordinate>
               <northBoundingCoordinate>37.442550</northBoundingCoordinate>
               <southBoundingCoordinate>37.442550</southBoundingCoordinate>
            </boundingCoordinates>
         </geographicCoverage>
         <geographicCoverage><geographicDescription>Cattleshed Creek mouth - Cattleshed Creek mouth</geographicDescription>
            <boundingCoordinates><westBoundingCoordinate>-75.688870</westBoundingCoordinate>
               <eastBoundingCoordinate>-75.688870</eastBoundingCoordinate>
               <northBoundingCoordinate>37.443382</northBoundingCoordinate>
               <southBoundingCoordinate>37.443382</southBoundingCoordinate>
            </boundingCoordinates>
         </geographicCoverage>
         <geographicCoverage><geographicDescription>Greens Creek - Greens Creek</geographicDescription>
            <boundingCoordinates><westBoundingCoordinate>-75.807060</westBoundingCoordinate>
               <eastBoundingCoordinate>-75.807060</eastBoundingCoordinate>
               <northBoundingCoordinate>37.484510</northBoundingCoordinate>
               <southBoundingCoordinate>37.484510</southBoundingCoordinate>
            </boundingCoordinates>
         </geographicCoverage>
         <geographicCoverage><geographicDescription>Machipongo Inlet - Machipongo Inlet</geographicDescription>
            <boundingCoordinates><westBoundingCoordinate>-75.735920</westBoundingCoordinate>
               <eastBoundingCoordinate>-75.735920</eastBoundingCoordinate>
               <northBoundingCoordinate>37.367640</northBoundingCoordinate>
               <southBoundingCoordinate>37.367640</southBoundingCoordinate>
            </boundingCoordinates>
         </geographicCoverage>
         <geographicCoverage><geographicDescription>No Name Creek - No Name Creek</geographicDescription>
            <boundingCoordinates><westBoundingCoordinate>-75.687560</westBoundingCoordinate>
               <eastBoundingCoordinate>-75.687560</eastBoundingCoordinate>
               <northBoundingCoordinate>37.436930</northBoundingCoordinate>
               <southBoundingCoordinate>37.436930</southBoundingCoordinate>
            </boundingCoordinates>
         </geographicCoverage>
         <geographicCoverage><geographicDescription>Oyster Harbor - Oyster Harbor</geographicDescription>
            <boundingCoordinates><westBoundingCoordinate>-75.924270</westBoundingCoordinate>
               <eastBoundingCoordinate>-75.924270</eastBoundingCoordinate>
               <northBoundingCoordinate>37.289190</northBoundingCoordinate>
               <southBoundingCoordinate>37.289190</southBoundingCoordinate>
            </boundingCoordinates>
         </geographicCoverage>
         <geographicCoverage><geographicDescription>Phillips Creek resampled coming back in to shore - Phillips Creek
               resampled coming back in to shore</geographicDescription>
            <boundingCoordinates><westBoundingCoordinate>-75.835010</westBoundingCoordinate>
               <eastBoundingCoordinate>-75.835010</eastBoundingCoordinate>
               <northBoundingCoordinate>37.445520</northBoundingCoordinate>
               <southBoundingCoordinate>37.445520</southBoundingCoordinate>
            </boundingCoordinates>
         </geographicCoverage>
         <geographicCoverage><geographicDescription>Phillips Creek Head - Phillips Creek Head</geographicDescription>
            <boundingCoordinates><westBoundingCoordinate>-75.807060</westBoundingCoordinate>
               <eastBoundingCoordinate>-75.807060</eastBoundingCoordinate>
               <northBoundingCoordinate>37.447640</northBoundingCoordinate>
               <southBoundingCoordinate>37.447640</southBoundingCoordinate>
            </boundingCoordinates>
         </geographicCoverage>
         <geographicCoverage><geographicDescription>Phillips Creek, mouth - Phillips Creek, mouth</geographicDescription>
            <boundingCoordinates><westBoundingCoordinate>-75.834712</westBoundingCoordinate>
               <eastBoundingCoordinate>-75.834712</eastBoundingCoordinate>
               <northBoundingCoordinate>37.443925</northBoundingCoordinate>
               <southBoundingCoordinate>37.443925</southBoundingCoordinate>
            </boundingCoordinates>
         </geographicCoverage>
         <geographicCoverage><geographicDescription>Quinby Inlet - core - Quinby Inlet - core</geographicDescription>
            <boundingCoordinates><westBoundingCoordinate>-75.692680</westBoundingCoordinate>
               <eastBoundingCoordinate>-75.692680</eastBoundingCoordinate>
               <northBoundingCoordinate>37.452271</northBoundingCoordinate>
               <southBoundingCoordinate>37.452271</southBoundingCoordinate>
            </boundingCoordinates>
         </geographicCoverage>
         <geographicCoverage><geographicDescription>Red Banks - Red Banks</geographicDescription>
            <boundingCoordinates><westBoundingCoordinate>-75.805370</westBoundingCoordinate>
               <eastBoundingCoordinate>-75.805370</eastBoundingCoordinate>
               <northBoundingCoordinate>37.461490</northBoundingCoordinate>
               <southBoundingCoordinate>37.461490</southBoundingCoordinate>
            </boundingCoordinates>
         </geographicCoverage>
         <geographicCoverage><geographicDescription>South Hog - South Hog</geographicDescription>
            <boundingCoordinates><westBoundingCoordinate>-75.718110</westBoundingCoordinate>
               <eastBoundingCoordinate>-75.718110</eastBoundingCoordinate>
               <northBoundingCoordinate>37.381990</northBoundingCoordinate>
               <southBoundingCoordinate>37.381990</southBoundingCoordinate>
            </boundingCoordinates>
         </geographicCoverage>
         <geographicCoverage><geographicDescription>Sand Shoal Inlet - Sand Shoal Inlet</geographicDescription>
            <boundingCoordinates><westBoundingCoordinate>-76</westBoundingCoordinate>
               <eastBoundingCoordinate>-75.3</eastBoundingCoordinate>
               <northBoundingCoordinate>38</northBoundingCoordinate>
               <southBoundingCoordinate>37</southBoundingCoordinate>
               <boundingAltitudes><altitudeMinimum>-2</altitudeMinimum>
                  <altitudeMaximum>10</altitudeMaximum>
                  <altitudeUnits>meter</altitudeUnits>
               </boundingAltitudes>
            </boundingCoordinates>
         </geographicCoverage>
         <geographicCoverage><geographicDescription>Little Cobb Island - Little Cobb Island</geographicDescription>
            <boundingCoordinates><westBoundingCoordinate>-76</westBoundingCoordinate>
               <eastBoundingCoordinate>-75.3</eastBoundingCoordinate>
               <northBoundingCoordinate>38</northBoundingCoordinate>
               <southBoundingCoordinate>37</southBoundingCoordinate>
               <boundingAltitudes><altitudeMinimum>-2</altitudeMinimum>
                  <altitudeMaximum>10</altitudeMaximum>
                  <altitudeUnits>meter</altitudeUnits>
               </boundingAltitudes>
            </boundingCoordinates>
         </geographicCoverage>
         <geographicCoverage><geographicDescription>New Marsh - New Marsh</geographicDescription>
            <boundingCoordinates><westBoundingCoordinate>-76</westBoundingCoordinate>
               <eastBoundingCoordinate>-75.3</eastBoundingCoordinate>
               <northBoundingCoordinate>38</northBoundingCoordinate>
               <southBoundingCoordinate>37</southBoundingCoordinate>
               <boundingAltitudes><altitudeMinimum>-2</altitudeMinimum>
                  <altitudeMaximum>10</altitudeMaximum>
                  <altitudeUnits>meter</altitudeUnits>
               </boundingAltitudes>
            </boundingCoordinates>
         </geographicCoverage>
         <geographicCoverage><geographicDescription>Ramshorn Channel Creek - Ramshorn Channel Creek</geographicDescription>
            <boundingCoordinates><westBoundingCoordinate>-76</westBoundingCoordinate>
               <eastBoundingCoordinate>-75.3</eastBoundingCoordinate>
               <northBoundingCoordinate>38</northBoundingCoordinate>
               <southBoundingCoordinate>37</southBoundingCoordinate>
               <boundingAltitudes><altitudeMinimum>-2</altitudeMinimum>
                  <altitudeMaximum>10</altitudeMaximum>
                  <altitudeUnits>meter</altitudeUnits>
               </boundingAltitudes>
            </boundingCoordinates>
         </geographicCoverage>
         <geographicCoverage><geographicDescription>Cobb Mill Creek, Oyster VA - Cobb Mill Creek, Oyster VA</geographicDescription>
            <boundingCoordinates><westBoundingCoordinate>-76</westBoundingCoordinate>
               <eastBoundingCoordinate>-75.3</eastBoundingCoordinate>
               <northBoundingCoordinate>38</northBoundingCoordinate>
               <southBoundingCoordinate>37</southBoundingCoordinate>
               <boundingAltitudes><altitudeMinimum>-2</altitudeMinimum>
                  <altitudeMaximum>10</altitudeMaximum>
                  <altitudeUnits>meter</altitudeUnits>
               </boundingAltitudes>
            </boundingCoordinates>
         </geographicCoverage>
         <temporalCoverage><rangeOfDates><beginDate><calendarDate>1992-07-01</calendarDate>
               </beginDate>
               <endDate><calendarDate>2007-11-27</calendarDate>
               </endDate>
            </rangeOfDates>
         </temporalCoverage>
      </coverage>
      <maintenance><description><para>Data are updated as needed</para>
         </description>
         <maintenanceUpdateFrequency>asNeeded</maintenanceUpdateFrequency>
      </maintenance>
      <contact><individualName><salutation>Dr.</salutation>
            <givenName>Robert</givenName>
            <surName>Christian</surName>
         </individualName>
         <address><deliveryPoint>East Carolina University, Department of Biology</deliveryPoint>
         <city>Greenville</city>
         <administrativeArea>NC</administrativeArea>
         <postalCode>27858-4353</postalCode>
      </address>
         <phone phonetype="voice">(252) 328-1835</phone>
         <phone phonetype="facsimile">(252) 328-4178</phone>
         <electronicMailAddress>christianr@ecu.edu </electronicMailAddress>
      </contact>
      <contact><individualName><salutation>Dr.</salutation>
            <givenName>Robert</givenName>
            <surName>Christian</surName>
         </individualName>
         <address><deliveryPoint>East Carolina University, Department of Biology</deliveryPoint>
         <city>Greenville</city>
         <administrativeArea>NC</administrativeArea>
         <postalCode>27858-4353</postalCode>
      </address>
         <phone phonetype="voice">(252) 328-1835</phone>
         <phone phonetype="facsimile">(252) 328-4178</phone>
         <electronicMailAddress>christianr@ecu.edu </electronicMailAddress>
      </contact>
      <contact><individualName><salutation>Dr.</salutation>
            <givenName>Robert</givenName>
            <surName>Christian</surName>
         </individualName>
         <address><deliveryPoint>East Carolina University, Department of Biology</deliveryPoint>
         <city>Greenville</city>
         <administrativeArea>NC</administrativeArea>
         <postalCode>27858-4353</postalCode>
      </address>
         <phone phonetype="voice">(252) 328-1835</phone>
         <phone phonetype="facsimile">(252) 328-4178</phone>
         <electronicMailAddress>christianr@ecu.edu </electronicMailAddress>
      </contact>
      <contact><individualName><salutation>Dr.</salutation>
            <givenName>Robert</givenName>
            <surName>Christian</surName>
         </individualName>
         <address><deliveryPoint>East Carolina University, Department of Biology</deliveryPoint>
         <city>Greenville</city>
         <administrativeArea>NC</administrativeArea>
         <postalCode>27858-4353</postalCode>
      </address>
         <phone phonetype="voice">(252) 328-1835</phone>
         <phone phonetype="facsimile">(252) 328-4178</phone>
         <electronicMailAddress>christianr@ecu.edu </electronicMailAddress>
      </contact>
      <contact><individualName><salutation>Dr.</salutation>
            <givenName>Robert</givenName>
            <surName>Christian</surName>
         </individualName>
         <address><deliveryPoint>East Carolina University, Department of Biology</deliveryPoint>
         <city>Greenville</city>
         <administrativeArea>NC</administrativeArea>
         <postalCode>27858-4353</postalCode>
      </address>
         <phone phonetype="voice">(252) 328-1835</phone>
         <phone phonetype="facsimile">(252) 328-4178</phone>
         <electronicMailAddress>christianr@ecu.edu </electronicMailAddress>
      </contact>
      <contact id="im">
         <positionName>Information manager - Virginia Coast Reserve Long-Term Ecological Research
            Project</positionName>
         <address><deliveryPoint>Department of Environmental Sciences, University of Virginia, 291 McCormick Road, PO Box 400123</deliveryPoint>
         <city>Charlottesville</city>
         <administrativeArea>VA</administrativeArea>
         <postalCode>22904-4123</postalCode>
         <country>USA</country>
      </address>
         <phone phonetype="voice">434-924-8999</phone>
         <phone phonetype="facsimile">434-982-2137</phone>
         <electronicMailAddress>jporter@lternet.edu</electronicMailAddress>
         <onlineUrl>http://www.vcrlter.virginia.edu/jhp7e.html</onlineUrl>
      </contact>
      <publisher><organizationName>Virginia Coast Reserve Long-Term Ecological Research Project</organizationName>
         <address><deliveryPoint>Department of Environmental Sciences, University of Virginia, 291 McCormick Road, PO Box 400123</deliveryPoint>
         <city>Charlottesville</city>
         <administrativeArea>VA</administrativeArea>
         <postalCode>22904-4123</postalCode>
         <country>USA</country>
      </address>
         <phone phonetype="voice">434-924-7761</phone>
         <phone phonetype="facsimile">434-982-2137</phone>
         <onlineUrl>http://www.vcrlter.virginia.edu</onlineUrl>
      </publisher>
      <pubPlace>Charlottesville, Virginia</pubPlace>
      <methods><methodStep><description><section><para><emphasis>This section contains methods for the general project.</emphasis>
                     Nutrient and chlorophyll analyses are conducted at the Central Environmental
                     Facility at East Carolina University under the direction of Debbie Daniel. You
                     may contact her at danield@mail.ecu.edu for information concerning methods.
                     Sites (sampled at low tide or on the rising tide):</para>
                  <para><orderedlist><listitem><para> PCM: Mouth of Phillips Creek Creek.</para>
                        </listitem>
                        <listitem><para> PCH: Head of Phillips Creek (or at least where boat can
                           reach).</para>
                        </listitem>
                        <listitem><para> GC: Greens Creek near the mouth.</para>
                        </listitem>
                        <listitem><para> RB: Red Bank Creek at confluence with Machipongo River.</para>
                        </listitem>
                        <listitem><para> CSM: Mouth of Cattleshed Creek.</para>
                        </listitem>
                        <listitem><para> CSH: Head of Cattleshed Creek (or at least where boat can
                           reach).</para>
                        </listitem>
                        <listitem><para> NC: Mouth of Noname Creek just south of Cattleshed on Hog Island. </para>
                           <para>was initially designated "?".)</para>
                        </listitem>
                        <listitem><para> QI: Quinby Inlet.</para>
                        </listitem>
                        <listitem><para> PCB: Mouth of Phillips Creek on return. (Higher tide).</para>
                        </listitem>
                        <listitem><para> OH: Oyster Harbor</para>
                        </listitem>
                        <listitem><para> MI: Machipongo Inlet</para>
                        </listitem>
                        <listitem><para> SH: South Hog.</para>
                        </listitem>
                     </orderedlist>
                  </para>
                  <para>Field sampling (assuming a vertically homogeneous water column, only surface
                     samples are taken):</para>
                  <para><orderedlist><listitem><para> At station the following measures are made: time; temperature,
                              salinity and conductivity with a YSI SCT meter; air temperature,
                              dissolved oxygen concentrations and water temperature with a YSI
                              dissolved oxygen meter; Secchi depth; water depth; wind speed and
                              direction; and PAR intensity at selected depths.</para>
                        </listitem>
                        <listitem><para> Three separate containers of water are collected from each
                              station.</para>
                        </listitem>
                     </orderedlist>
                  </para>
                  <para>Oyster Field Laboratory Activities:</para>
                  <para><orderedlist><listitem><para> Filtration of water through 0.45 um pore size membrane filters for
                              nutrient analyses. Approximately 40 ml of filtrate is placed into
                              individual clean and capped centrifuge tubes. Three samples are
                              filtered per station, and the tubes are placed in freezer until being
                              taken to ECU for analysis. (In the first years of the study ammonium
                              and phosphate analyses were done in Oyster by methods comparable to
                              those at ECU. Filterable reactive phosphorus samples were analyzed at
                              both laboratories, and subsequent to 1996 ammonium analyses were
                              conducted solely at ECU.</para>
                        </listitem>
                        <listitem><para> Filtration of 300 to 500 ml water through glass fiber filters
                              (934AH or GFC) is used for chorophyll a analyses. Samples on filters
                              are frozen until analysis. Prior to 1996, chorophyll a and
                              phaeopigment concentrations were analyzed on site using 90% acetone
                              extraction and spectrophotometry (Lorenzen, C.J. 1967. Limnol.
                              Oceanogr. 12:343). Subsequently, frozen filters are taken to ECU for
                              analysis.</para>
                        </listitem>
                        <listitem><para> Filtration of 300 to 500 ml of water through precombusted and
                              weighed glass fiber filters (934AH or GFC) is done for total suspended
                              solids and related determinations. Filters with samples are dried in
                              the oven at 110C for at least 48 h, weighed. The difference between
                              this mass and that of the filter is the total suspended solid mass
                              which is corrected for volume filtered to determine concentration. The
                              filters plus samples are then combusted for ash free dry mass. This is
                              used to compute both organic and inorganic matter
                           concentrations.</para>
                        </listitem>
                     </orderedlist>
                  </para>
                  <para>Activities at East Carolina University:</para>
                  <para><orderedlist><listitem><para> Nitrate plus nitrite and filterable reactive phosphorus are
                              analyzed using an Orion Scientific Instruments Corporation segmented
                              flow analyzer ( USEPA 1979. Methods for chemical analysis of water and
                              wastes.)</para>
                        </listitem>
                        <listitem><para> Ammonium analyses are done manually using the phenohypochlorite
                              method </para>
                           <para>(Solorzano, L. 1969. Limnol. Oceanogr. 25:403) modified for small
                              sample size.</para>
                        </listitem>
                        <listitem><para> Data are managed by individual sampling date usng spreadsheets,
                              and summary data organized for submission to web pages.</para>
                        </listitem>
                     </orderedlist>
                  </para>
                  <para><emphasis>This section contains a progress report on the general
                     project.</emphasis>
                  </para>
                  <para>The project is ongoing. Near monthly sampling has been in force since summer</para>
                  <para>1992. As a result of boat and weather problems, winter and spring 1996</para>
                  <para>were undersampled.</para>
                  <para><emphasis>This section contains specific methods for this
                     dataset.</emphasis> Units are micromolar N and P, respectively. To convert to
                     milligrams per liter the formula is: N: (micromolar_N/1000)* 14 = mg/l P:
                     (micromolar_N/1000)* 30.9 = mg/l</para>
                  <para>During some periods of the sampling duplicate chemical analyses were
                     completed at the LTER Lab and at the Department of Biology at East Carolina
                     University. For these samples, there will be duplicate observations for a given
                     station in the database.</para>
               </section>
            </description>
         </methodStep>
      </methods>
      <project><title>Water quality monitoring of tidal creeks and lagoon</title>
         <personnel><individualName><salutation>Dr.</salutation>
               <givenName>Robert</givenName>
               <surName>Christian</surName>
            </individualName>
            <address><deliveryPoint>East Carolina University, Department of Biology</deliveryPoint>
            <city>Greenville</city>
            <administrativeArea>NC</administrativeArea>
            <postalCode>27858-4353</postalCode>
         </address>
            <phone phonetype="voice">(252) 328-1835</phone>
            <phone phonetype="facsimile">(252) 328-4178</phone>
            <electronicMailAddress>christianr@ecu.edu </electronicMailAddress>
            <role>originator</role>
         </personnel>
         <abstract><section><para>This is a monitoring program to provide a long-term record of nutrient
                  concentrations and other water quality variables from the VCR lagoonal and tidal
                  creek waters. This information provides background for studies in the aquatic and
                  wetland environments.</para>
               <para>Further this study was designed to follow up on the water quality monitoring by
                  Lagara earlier.</para>
            </section>
         </abstract>
      </project>
      <access authSystem="knb">
         <allow><principal>public</principal>
            <permission>read</permission>
         </allow>
         <allow><principal>uid=VCR,o=lter,dc=ecoinformatics,dc=org</principal>
            <permission>all</permission>
         </allow>
      </access>
      <dataTable><entityName>VCR99057</entityName>
         <entityDescription>Water Quality - Nutrients</entityDescription>
         <physical><objectName>VCR99057</objectName>
            <characterEncoding>ASCII</characterEncoding>
            <dataFormat><textFormat><attributeOrientation>column</attributeOrientation>
                  <simpleDelimited><fieldDelimiter>,</fieldDelimiter>
                     <quoteCharacter>"</quoteCharacter>
                     <literalCharacter>\</literalCharacter>
                  </simpleDelimited>
               </textFormat>
            </dataFormat>
         </physical>
         <attributeList><attribute id="VCR99057.ROWNAMES">
               <attributeName>ROWNAMES</attributeName>
               <attributeLabel>Data row identifier</attributeLabel>
               <attributeDefinition>ROWNAMES - Data row identifier</attributeDefinition>
               <storageType typeSystem="http://www.w3.org/2001/XMLSchema-datatypes">string</storageType>
               <measurementScale><nominal><nonNumericDomain><textDomain><definition>Data row identifier</definition>
                        </textDomain>
                     </nonNumericDomain>
                  </nominal>
               </measurementScale>
            </attribute>
            <attribute id="VCR99057.YEAR">
               <attributeName>YEAR</attributeName>
               <attributeLabel>Year of data collection</attributeLabel>
               <attributeDefinition>YEAR - Year of data collection</attributeDefinition>
               <storageType typeSystem="http://www.w3.org/2001/XMLSchema-datatypes">integer</storageType>
               <measurementScale><interval><unit><customUnit>year</customUnit>
                     </unit>
                     <numericDomain><numberType>integer</numberType>
                        <bounds><minimum exclusive="false">1992</minimum>
                        </bounds>
                     </numericDomain>
                  </interval>
               </measurementScale>
            </attribute>
            <attribute id="VCR99057.MONTH">
               <attributeName>MONTH</attributeName>
               <attributeLabel>Month of data collection</attributeLabel>
               <attributeDefinition>MONTH - Month of data collection</attributeDefinition>
               <storageType typeSystem="http://www.w3.org/2001/XMLSchema-datatypes">integer</storageType>
               <measurementScale><interval><unit><customUnit>month</customUnit>
                     </unit>
                     <numericDomain><numberType>integer</numberType>
                        <bounds><minimum exclusive="false">1</minimum>
                           <maximum exclusive="false">12</maximum>
                        </bounds>
                     </numericDomain>
                  </interval>
               </measurementScale>
            </attribute>
            <attribute id="VCR99057.DAY">
               <attributeName>DAY</attributeName>
               <attributeLabel>Day of data collection</attributeLabel>
               <attributeDefinition>DAY - Day of data collection</attributeDefinition>
               <storageType typeSystem="http://www.w3.org/2001/XMLSchema-datatypes">integer</storageType>
               <measurementScale><interval><unit><customUnit>day</customUnit>
                     </unit>
                     <numericDomain><numberType>integer</numberType>
                        <bounds><minimum exclusive="false">1</minimum>
                           <maximum exclusive="false">31</maximum>
                        </bounds>
                     </numericDomain>
                  </interval>
               </measurementScale>
            </attribute>
            <attribute id="VCR99057.STATION">
               <attributeName>STATION</attributeName>
               <attributeLabel>Station identifier</attributeLabel>
               <attributeDefinition>STATION - Station identifier</attributeDefinition>
               <storageType typeSystem="http://www.w3.org/2001/XMLSchema-datatypes">string</storageType>
               <measurementScale><nominal><nonNumericDomain><enumeratedDomain enforced="yes">
                           <codeDefinition><code>CM</code>
                              <definition>Cobb Mill Creek (where it crosses under Crumb Hill
                              Road)</definition>
                           </codeDefinition>
                           <codeDefinition><code>CSH</code>
                              <definition>Cattleshed Headwaters</definition>
                           </codeDefinition>
                           <codeDefinition><code>CSM</code>
                              <definition>Cattle Shed Mouth</definition>
                           </codeDefinition>
                           <codeDefinition><code>GC</code>
                              <definition>Green Creek</definition>
                           </codeDefinition>
                           <codeDefinition><code>LC</code>
                              <definition>Little Cobb</definition>
                           </codeDefinition>
                           <codeDefinition><code>MI</code>
                              <definition>Machipongo Inlet</definition>
                           </codeDefinition>
                           <codeDefinition><code>NC</code>
                              <definition>Noname Creek</definition>
                           </codeDefinition>
                           <codeDefinition><code>NM</code>
                              <definition>New Marsh</definition>
                           </codeDefinition>
                           <codeDefinition><code>OH</code>
                              <definition>Oyster Harbor</definition>
                           </codeDefinition>
                           <codeDefinition><code>PCB</code>
                              <definition>Phillips Creek Back</definition>
                           </codeDefinition>
                           <codeDefinition><code>PCH</code>
                              <definition>Phillips Creek Headwaters</definition>
                           </codeDefinition>
                           <codeDefinition><code>PCM</code>
                              <definition>Phillips Creek Mouth</definition>
                           </codeDefinition>
                           <codeDefinition><code>QI</code>
                              <definition>Quinby Inlet</definition>
                           </codeDefinition>
                           <codeDefinition><code>RB</code>
                              <definition>Redbank Creek</definition>
                           </codeDefinition>
                           <codeDefinition><code>RCC</code>
                              <definition>Ramshorn Channel Creek</definition>
                           </codeDefinition>
                           <codeDefinition><code>SH</code>
                              <definition>South Hog</definition>
                           </codeDefinition>
                           <codeDefinition><code>SSI</code>
                              <definition>Sand Shoal Inlet</definition>
                           </codeDefinition>
                        </enumeratedDomain>
                     </nonNumericDomain>
                  </nominal>
               </measurementScale>
            </attribute>
            <attribute id="VCR99057.CUP">
               <attributeName>CUP</attributeName>
               <attributeLabel>Identifier of cup used in analysis</attributeLabel>
               <attributeDefinition>CUP - Identifier of cup used in analysis</attributeDefinition>
               <storageType typeSystem="http://www.w3.org/2001/XMLSchema-datatypes">integer</storageType>
               <measurementScale><interval><unit><customUnit>none</customUnit>
                     </unit>
                     <numericDomain><numberType>integer</numberType>
                        <bounds><minimum exclusive="false">1</minimum>
                        </bounds>
                     </numericDomain>
                  </interval>
               </measurementScale>
            </attribute>
            <attribute id="VCR99057.NH4">
               <attributeName>NH4</attributeName>
               <attributeLabel>NH4 - Ammonium</attributeLabel>
               <attributeDefinition>NH4 - NH4 - Ammonium</attributeDefinition>
               <storageType typeSystem="http://www.w3.org/2001/XMLSchema-datatypes">float</storageType>
               <measurementScale><interval><unit><customUnit>micromolar</customUnit>
                     </unit>
                     <numericDomain><numberType>real</numberType>
                        <bounds><minimum exclusive="false">0</minimum>
                        </bounds>
                     </numericDomain>
                  </interval>
               </measurementScale>
            </attribute>
            <attribute id="VCR99057.PO4">
               <attributeName>PO4</attributeName>
               <attributeLabel>PO4 - Phosphate</attributeLabel>
               <attributeDefinition>PO4 - PO4 - Phosphate</attributeDefinition>
               <storageType typeSystem="http://www.w3.org/2001/XMLSchema-datatypes">float</storageType>
               <measurementScale><interval><unit><customUnit>micromolar</customUnit>
                     </unit>
                     <numericDomain><numberType>real</numberType>
                        <bounds><minimum exclusive="false">0</minimum>
                        </bounds>
                     </numericDomain>
                  </interval>
               </measurementScale>
            </attribute>
            <attribute id="VCR99057.NOX">
               <attributeName>NOX</attributeName>
               <attributeLabel>NOx - Nitrate plus Nitrite</attributeLabel>
               <attributeDefinition>NOX - NOx - Nitrate plus Nitrite</attributeDefinition>
               <storageType typeSystem="http://www.w3.org/2001/XMLSchema-datatypes">float</storageType>
               <measurementScale><interval><unit><customUnit>micromolar</customUnit>
                     </unit>
                     <numericDomain><numberType>real</numberType>
                        <bounds><minimum exclusive="false">0</minimum>
                        </bounds>
                     </numericDomain>
                  </interval>
               </measurementScale>
               <method><methodStep><description><section><para> Micromolar N for both Nitrate and Nitrite, combined. </para>
                        </section>
                     </description>
                  </methodStep>
               </method>
            </attribute>
            <attribute id="VCR99057.NO2">
               <attributeName>NO2</attributeName>
               <attributeLabel>NO2 - Nitrite</attributeLabel>
               <attributeDefinition>NO2 - NO2 - Nitrite</attributeDefinition>
               <storageType typeSystem="http://www.w3.org/2001/XMLSchema-datatypes">float</storageType>
               <measurementScale><interval><unit><customUnit>micromolar</customUnit>
                     </unit>
                     <numericDomain><numberType>real</numberType>
                        <bounds><minimum exclusive="false">0</minimum>
                        </bounds>
                     </numericDomain>
                  </interval>
               </measurementScale>
            </attribute>
            <attribute id="VCR99057.NH3QUAL">
               <attributeName>NH3QUAL</attributeName>
               <attributeLabel>NO3 quality code</attributeLabel>
               <attributeDefinition>NH3QUAL - NO3 quality code</attributeDefinition>
               <storageType typeSystem="http://www.w3.org/2001/XMLSchema-datatypes">string</storageType>
               <measurementScale><nominal><nonNumericDomain><enumeratedDomain enforced="yes">
                           <codeDefinition><code>C</code>
                              <definition>Curve from autoanalyzer had to be re-read
                              manually</definition>
                           </codeDefinition>
                           <codeDefinition><code>Q</code>
                              <definition>Data is considered questionable, but is included for
                                 completeness</definition>
                           </codeDefinition>
                        </enumeratedDomain>
                     </nonNumericDomain>
                  </nominal>
               </measurementScale>
            </attribute>
            <attribute id="VCR99057.PO4QUAL">
               <attributeName>PO4QUAL</attributeName>
               <attributeLabel>PO4 quality code</attributeLabel>
               <attributeDefinition>PO4QUAL - PO4 quality code</attributeDefinition>
               <storageType typeSystem="http://www.w3.org/2001/XMLSchema-datatypes">string</storageType>
               <measurementScale><nominal><nonNumericDomain><textDomain><definition>PO4 quality code</definition>
                        </textDomain>
                     </nonNumericDomain>
                  </nominal>
               </measurementScale>
            </attribute>
            <attribute id="VCR99057.NOXQUAL">
               <attributeName>NOXQUAL</attributeName>
               <attributeLabel>NOx quality code</attributeLabel>
               <attributeDefinition>NOXQUAL - NOx quality code</attributeDefinition>
               <storageType typeSystem="http://www.w3.org/2001/XMLSchema-datatypes">string</storageType>
               <measurementScale><nominal><nonNumericDomain><textDomain><definition>NOx quality code</definition>
                        </textDomain>
                     </nonNumericDomain>
                  </nominal>
               </measurementScale>
            </attribute>
            <attribute id="VCR99057.NO2QUAL">
               <attributeName>NO2QUAL</attributeName>
               <attributeLabel>NO2 quality code</attributeLabel>
               <attributeDefinition>NO2QUAL - NO2 quality code</attributeDefinition>
               <storageType typeSystem="http://www.w3.org/2001/XMLSchema-datatypes">string</storageType>
               <measurementScale><nominal><nonNumericDomain><textDomain><definition>NO2 quality code</definition>
                        </textDomain>
                     </nonNumericDomain>
                  </nominal>
               </measurementScale>
            </attribute>
            <attribute id="VCR99057.COMMENTS">
               <attributeName>COMMENTS</attributeName>
               <attributeLabel>Comments on data </attributeLabel>
               <attributeDefinition>COMMENTS - Comments on data </attributeDefinition>
               <storageType typeSystem="http://www.w3.org/2001/XMLSchema-datatypes">string</storageType>
               <measurementScale><nominal><nonNumericDomain><textDomain><definition>Comments on data </definition>
                        </textDomain>
                     </nonNumericDomain>
                  </nominal>
               </measurementScale>
            </attribute>
            <attribute id="VCR99057.PROCESSOR">
               <attributeName>PROCESSOR</attributeName>
               <attributeLabel>Identity of chemist processing the sample</attributeLabel>
               <attributeDefinition>PROCESSOR - Identity of chemist processing the sample</attributeDefinition>
               <storageType typeSystem="http://www.w3.org/2001/XMLSchema-datatypes">string</storageType>
               <measurementScale><nominal><nonNumericDomain><textDomain><definition>Identity of chemist processing the sample</definition>
                        </textDomain>
                     </nonNumericDomain>
                  </nominal>
               </measurementScale>
            </attribute>
            <attribute id="VCR99057.WQTRANSECT">
               <attributeName>WQTRANSECT</attributeName>
               <attributeLabel>Identity of transect on which station is located</attributeLabel>
               <attributeDefinition>WQTRANSECT - Identity of transect on which station is located</attributeDefinition>
               <storageType typeSystem="http://www.w3.org/2001/XMLSchema-datatypes">string</storageType>
               <measurementScale><nominal><nonNumericDomain><textDomain><definition>Identity of transect on which station is located</definition>
                        </textDomain>
                     </nonNumericDomain>
                  </nominal>
               </measurementScale>
            </attribute>
            <attribute id="VCR99057.DATETEXT">
               <attributeName>DATETEXT</attributeName>
               <attributeLabel>Date of collection as text</attributeLabel>
               <attributeDefinition>DATETEXT - Date of collection as text</attributeDefinition>
               <storageType typeSystem="http://www.w3.org/2001/XMLSchema-datatypes">string</storageType>
               <measurementScale><nominal><nonNumericDomain><textDomain><definition>Date of collection as text</definition>
                        </textDomain>
                     </nonNumericDomain>
                  </nominal>
               </measurementScale>
            </attribute>
         </attributeList>
      </dataTable>

   </dataset>
   <additionalMetadata><stmml:unitList><stmml:unit id="none"/>
         <stmml:unit id="YYYY-MM-DD"/>
         <stmml:unit id="day"/>
         <stmml:unit id="micromolar"/>
         <stmml:unit id="month"/>
         <stmml:unit id="year"/>
      </stmml:unitList>

   </additionalMetadata>

</eml:eml>