<?xml version="1.0" encoding="UTF-8"?>
<eml:eml xmlns:eml="eml://ecoinformatics.org/eml-2.0.1" xmlns:stmml="http://www.xml-cml.org/schema/stmml" xmlns:ds="eml://ecoinformatics.org/dataset-2.0.1" xmlns:xsi="http://www.w3.org/2001/XMLSchema-instance" packageId="knb-lter-vcr.23.3" system="VCR" xsi:schemaLocation="eml://ecoinformatics.org/eml-2.0.1 http://gce-lter.marsci.uga.edu/lter/files/schemas/eml-201/eml.xsd">
<dataset id="23" system="VCR">
   <alternateIdentifier>VCR97012</alternateIdentifier>
   <title>1992-93 Parramore Permanent Plot Baseline Data : Shrub Data</title>
   <creator><individualName><givenName>David</givenName>
         <surName>Richardson</surName>
      </individualName>
      <address><deliveryPoint>Department of Environmental Sciences, Clark Hall , University of Virginia</deliveryPoint>
         <city>Charlottesville</city>
         <administrativeArea>VA</administrativeArea>
         <postalCode>22903</postalCode>
         <country>USA</country>
      </address>
      <phone phonetype="voice">(434) 924-3263</phone>
      <phone phonetype="facsimile">(434) 982-2137</phone>
      <electronicMailAddress>dlr2n@virginia.edu</electronicMailAddress>
   </creator>
   <creator><individualName><givenName>John</givenName>
         <surName>Porter</surName>
      </individualName>
      <address><deliveryPoint>UVA, Department of Environmental Sciences, 291 McCormick Road, P.O. Box 400123</deliveryPoint>
         <city>Charlottesville</city>
         <administrativeArea>VA</administrativeArea>
         <postalCode>22903-4123</postalCode>
         <country>USA</country>
      </address>
      <phone phonetype="voice">434-924-8999</phone>
      <phone phonetype="facsimile">434-982-2137</phone>
      <electronicMailAddress>jhp7e@virginia.edu</electronicMailAddress>
   </creator>
   <creator><individualName><givenName>Johann</givenName>
         <surName>Knutsen</surName>
      </individualName>
   </creator>
   <creator><individualName><givenName>Frank</givenName>
         <surName>D.</surName>
      </individualName>
   </creator>
   <creator><individualName><givenName>Ed</givenName>
         <surName>Faust</surName>
      </individualName>
   </creator>
   <metadataProvider><organizationName>Virginia Coast Reserve Long-Term Ecological Research Project</organizationName>
      <address><deliveryPoint>Department of Environmental Sciences, University of Virginia, 291 McCormick Road, PO Box 400123</deliveryPoint>
         <city>Charlottesville</city>
         <administrativeArea>VA</administrativeArea>
         <postalCode>22904-4123</postalCode>
         <country>USA</country>
      </address>
      <phone phonetype="voice">434-924-7761</phone>
      <phone phonetype="facsimile">434-982-2137</phone>
      <onlineUrl>http://www.vcrlter.virginia.edu</onlineUrl>
   </metadataProvider>
   <pubDate>1995-01-01</pubDate>
   <keywordSet><keyword keywordType="theme">Biodiversity</keyword>
   </keywordSet>
   <intellectualRights><section><title>Data License</title>
                <para>Data and documentation is copyrighted by The Virginia Coast Reserve LTER
                    project of the University of Virginia (UVA), and ownership remains with the UVA.</para>
                <para>The UVA grants you (hereafter, Licensee) a license to use the data and
                    documentation for academic, and research purposes only, without a fee.</para>
                <para>Licensee may make derivative works. However, if Licensee distributes any
                    derivative work based on or derived from the data and documentation, then
                    Licensee will</para>
                <para><orderedlist><listitem><para>notify the VCR/LTER designated contact (typically the investigator
                                who collected the data) regarding its distribution of the derivative
                                work, and</para>
                        </listitem>
                        <listitem><para>clearly notify users that such derivative work is a modified
                                version and not the original data and documentation distributed by
                                the UVA.</para>
                        </listitem>
                        <listitem><para>acknowledge the support of NSF Grants BSR-8702333-06, DEB-9211772,
                                DEB-9411974, DEB-0080381 and DEB-0621014 in any publications using the data and documentation.</para>
                        </listitem>
                        <listitem><para>send to the address, above, two reprints of any publications
                                resulting from use of the data and documentation. </para>
                        </listitem>
                    </orderedlist>
                </para>
                <para>Any Licensee wishing to make commercial use of the data and documentation
                    should contact the UVA, c/o VCR/LTER, to negotiate an appropriate license for
                    such commercial use. Commercial use includes</para>
                <para><orderedlist><listitem><para>integration of all or part of the data and documentation into a
                                product for sale or license by or on behalf of Licensee to third
                                parties, or</para>
                        </listitem>
                        <listitem><para> distribution of the data or documentation to third parties that
                                need it to utilize a commercial product sold or licensed by or on
                                behalf of Licensee.</para>
                        </listitem>
                    </orderedlist>
                </para>
                <para><emphasis>UVA MAKES NO REPRESENTATIONS ABOUT THE SUITABILITY OF THIS DATA AND
                        DOCUMENTATION FOR ANY PURPOSE. IT IS PROVIDED "AS IS" WITHOUT EXPRESS OR
                        IMPLIED WARRANTY. THE UVA SHALL NOT BE LIABLE FOR ANY DAMAGES SUFFERED BY
                        THE USERS OF THIS DATA AND DOCUMENTATION.</emphasis>
                </para>
                <para>By using or copying this data and documentation, Licensee agrees to abide by
                    the copyright law and all other applicable laws of the U.S. including, but not
                    limited to, export control laws, and the terms of this license. UVA shall have
                    the right to terminate this license immediately by written notice upon
                    Licensee's breach of, or non-compliance with, any of its terms. Licensee may be
                    held legally responsible for any copyright infringement that is caused or
                    encouraged by Licensee's failure to abide by the terms of this license. </para>
            </section>
   </intellectualRights>
   <distribution><online><url>http://www.vcrlter.virginia.edu/cgi-bin/w3-msql2/data/query/datasets/show_data.html?QDATA_ID=VCR97012</url>
      </online>
   </distribution>
   <coverage><geographicCoverage><geographicDescription>Barrier Island - Barrier Island</geographicDescription>
         <boundingCoordinates><westBoundingCoordinate>-75.627982</westBoundingCoordinate>
            <eastBoundingCoordinate>-75.653537</eastBoundingCoordinate>
            <northBoundingCoordinate>37.538746</northBoundingCoordinate>
            <southBoundingCoordinate>37.491525</southBoundingCoordinate>
         </boundingCoordinates>
      </geographicCoverage>
      <temporalCoverage><rangeOfDates><beginDate><calendarDate>1992-10-28</calendarDate>
            </beginDate>
            <endDate><calendarDate>1993-04-30</calendarDate>
            </endDate>
         </rangeOfDates>
      </temporalCoverage>
   </coverage>
   <maintenance><description><para>Data are updated as needed</para>
      </description>
      <maintenanceUpdateFrequency>asNeeded</maintenanceUpdateFrequency>
   </maintenance>
   <contact><individualName><salutation>Dr.</salutation>
         <givenName>Hank</givenName>
         <surName>Shugart</surName>
      </individualName>
      <address><deliveryPoint>University of Virginia, Department of Environmental Science, Clark Hall</deliveryPoint>
         <city>Charlottesville</city>
         <administrativeArea>VA</administrativeArea>
         <postalCode>22903</postalCode>
      </address>
      <phone phonetype="voice">(434) 924-7642</phone>
      <phone phonetype="facsimile">(434) 982-2137</phone>
      <electronicMailAddress>hhs@virginia.edu</electronicMailAddress>
   </contact>
   <contact><individualName><salutation>Dr.</salutation>
         <givenName>Hank</givenName>
         <surName>Shugart</surName>
      </individualName>
      <address><deliveryPoint>University of Virginia, Department of Environmental Science, Clark Hall</deliveryPoint>
         <city>Charlottesville</city>
         <administrativeArea>VA</administrativeArea>
         <postalCode>22903</postalCode>
      </address>
      <phone phonetype="voice">(434) 924-7642</phone>
      <phone phonetype="facsimile">(434) 982-2137</phone>
      <electronicMailAddress>hhs@virginia.edu</electronicMailAddress>
   </contact>
   <contact><individualName><salutation>Dr.</salutation>
         <givenName>Hank</givenName>
         <surName>Shugart</surName>
      </individualName>
      <address><deliveryPoint>University of Virginia, Department of Environmental Science, Clark Hall</deliveryPoint>
         <city>Charlottesville</city>
         <administrativeArea>VA</administrativeArea>
         <postalCode>22903</postalCode>
      </address>
      <phone phonetype="voice">(434) 924-7642</phone>
      <phone phonetype="facsimile">(434) 982-2137</phone>
      <electronicMailAddress>hhs@virginia.edu</electronicMailAddress>
   </contact>
   <contact id="im">
      <positionName>Information manager - Virginia Coast Reserve Long-Term Ecological Research Project</positionName>
      <address><deliveryPoint>Department of Environmental Sciences, University of Virginia, 291 McCormick Road, PO Box 400123</deliveryPoint>
         <city>Charlottesville</city>
         <administrativeArea>VA</administrativeArea>
         <postalCode>22904-4123</postalCode>
         <country>USA</country>
      </address>
      <phone phonetype="voice">434-924-8999</phone>
      <phone phonetype="facsimile">434-982-2137</phone>
      <electronicMailAddress>jporter@lternet.edu</electronicMailAddress>
      <onlineUrl>http://www.vcrlter.virginia.edu/jhp7e.html</onlineUrl>
   </contact>
   <publisher><organizationName>Virginia Coast Reserve Long-Term Ecological Research Project</organizationName>
      <address><deliveryPoint>Department of Environmental Sciences, University of Virginia, 291 McCormick Road, PO Box 400123</deliveryPoint>
         <city>Charlottesville</city>
         <administrativeArea>VA</administrativeArea>
         <postalCode>22904-4123</postalCode>
         <country>USA</country>
      </address>
      <phone phonetype="voice">434-924-7761</phone>
      <phone phonetype="facsimile">434-982-2137</phone>
      <onlineUrl>http://www.vcrlter.virginia.edu</onlineUrl>
   </publisher>
   <pubPlace>Charlottesville, Virginia</pubPlace>
   <methods><methodStep><description><section><para><emphasis>This section contains methods for the general project.</emphasis> Plot
locations were generated using a random-number generator to create
random sets of coordinates. These coordinates were then overlaid on
the McCaffrey Vegetation Map for Parramore Island and 100
coordinate pairs that fell on the upland part of the island were
used.  Each plot was a 1/12 ha circle centered on the plot coordinates.
Within that plot trees were mapped and several randomly located
subplots were used to measure vegetation cover. <emphasis>This section
contains taxonomy for this dataset.</emphasis> taxonomy and VCR species-id
from standard VCR list:</para>
    <para><literalLayout>
    SPECID         GENUS                    SPECIES 



ACRRBR         Acer                     rubrum
    ACHMLL         Achillea                 millefolium
    AGLMRT         Agalinis                 maritima
    AGLPRP         Agalinis                 purpurea
    ARELGN         Aira                     elegans
    ALLCND         Allium                   canadense
    AMBART         Ambrosia                 artemisiifoli
    AMLOBV         Amelanchier              obovalis
    AMMBRV         Ammophila                breviligulat
    ANDSCP         Andropogon               scoparius
    ANDVR1         Andropogon               virginicus
    ANDVRG         Andropogon               virginicus
    APCCNN         Apocynum                 cannabinum
    ARLSPN         Aralia                   spinosa
    ARSTBR         Aristida                 tuberculosa
    ASPPLT         Asplenium                platyneuron
    ASTTNF         Aster                    tenuifolius
    ATRARN         Atriplex                 arenaria
    ATRPTL         Atriplex                 patula
    BCCHLM         Baccharis                halmifolia
    BCPMNN         Bacopa                   monnieri
    BSSHRS         Bassia                   hirsuta
    BRCSCN         Berchemia                scandens
    BHMCYL         Boehemeria               cylindrica
    BRRFRT         Borrichia                frutescens
    BLBCPL         Bulbostylis              capillaris
    CKLEDN         Cakile                   edentula
    CLLAMR         Callicarpa               americana
    CLYSPM         Calystegia               sepium
    CMPRDC         Campsis                  radicans
    CRDSPN         Carduus                  spinosissimus
    CRXFST         Carex                    festucacea
    CRXPNS         Carex                    pensylvanica
    CRXVLP         Carex                    vulpinoidea
    CSSFSC         Cassia                   fasciculata
    CLTLVG         Celtis                   laevigata
    CNCTRB         Cenchrus                 tribuloides
    CNTPLC         Centaurium               pulchellum
    CNTVRG         Centrosema               virginianum
    CRSGLM         Cerastium                glomeratum
    CHNALB         Chenopodium              album
    CHNAMB         Chenopodium              ambrosiode
    CRTVRD         Crataegus                viridis
    CYNDCT         Cynodon                  dactylon
    CYPESC         Cyperus                  esculentus
    CYPGRY         Cyperus                  grayi
    CYPODR         Cyperus                  odoratus
    DNTCMP         Danthonia                compressa
    DDVRGN         Diodea                   virginiana
    DSPVRG         Diospyros                virginiana
    DSTSPC         Distichlis               spicata
    ELCACC         Eleocharis               acicularis
    ELCERY         Eleocharis               erythropoda
    ELCPLS         Eleocharis               palustris
    ELCPRV         Eleocharis               parvula
    ELCTNS         Eleocharis               tenuis
    ELP111         Elephantopus             sp. ?
    ELYVRG         Elymus                   virginicus
    ERGCLN         Eragrostis               cilianensis
    ERGANN         Erigeron                 annuus
    ERGCND         Erigeron                 canadensis
    ENYJPN         Euonymus                 japonica
    EPTCPL         Eupatorium               capillifolium
    EPTHYS         Eupatorium               hyssopifolium
    EPTPLS         Eupatorium               pilosium
    EPTRTN         Eupatorium               rotundifolium
    EPHPLY         Euphorbia                polygonifoli
    FSTRBR         Festuca                  rubra
    FSTSCR         Festuca                  sciurea
    FCSCRC         Ficus                    carica
    FMBSPD         Fimbristylis             spadicea
    GLMHSP         Galium                   hispidulum
    GLMPLS         Galium                   pilosum
    GLMTNC         Galium                   tinctorium
    GRNCRL         Geranium                 carolinianum
    GNPCHL         Gnaphalium               chilense
    GNPOBT         Gnaphalium               obtusifolium
    GNPPRP         Gnaphalium               purpureum
    HLNCND         Helianthemum             canadense
    HBSMSC         Hibiscus                 moscheutos
    HRCGRN         Hieracium                gronovii
    HYDVRT         Hydrocotyle              verticillata
    HYPGNT         Hypericum                gentianoides
    HYPHYP         Hypericum                hypericoides
    ILXOPC         Ilex                     opaca
    ILXVMT         Ilex                     vomitoria
    IVAFRT         Iva                      frutescens
    JNCACM         Juncus                   acuminatus
    JNCBFL         Juncus                   biflorus
    JNCBFN         Juncus                   bufonius
    JNCCRC         Juncus                   coriaceus
    JNCDBL         Juncus                   debilis
    JNCDCH         Juncus                   dichotomus
    JNCGRR         Juncus                   gerardi
    JNCRMR         Juncus                   roemerianus
    JNCSCR         Juncus                   scirpoides
    JNCTNS         Juncus                   tenuis
    JNPVRG         Juniperus                virginiana
    KSTVRG         Kosteletskya             virginica
    KRGVRG         Krigia                   virginica
    LPDVRG         Lepidium                 virginicum
    LMNNSH         Limonium                 nashii
    LNRCND         Linaria                  canadensis
    LNMVRG         Linum                    virginianum
    LPPLNC         Lippia                   lanceolata
    LQDSTY         Liquidambar              styraciflu
    LNCSMP         Lonicera                 sempervirens
    MCLPMF         Maclura                  pomifera
    MKNSCN         Mikania                  scandens
    MTCRPN         Mitchella                repens
    MLLVRT         Mollugo                  verticillata
    MNRPNC         Monarda                  punctata
    MHLCPL         Muhlenbergia             capillari
    MYSVRN         Myosotis                 verna
    MYRCRF         Myrica                   cerifera
    MYRPNS         Myrica                   pennsylvanica
    NYSSYL         Nyssa                    sylvatica
    ONTBNN         Oenothera                biennis
    ONTFRT         Oenothera                fruticosa
    ONTLCN         Oenothera                laciniata
    OPNCMP         Opuntia                  compressa
    OSMRGL         Osmunda                  regalis
    PNCAM1         Panicum                  amarum
    PNCAMR         Panicum                  amarulum
    PNCDCH         Panicum                  dichotomifloru
    PNCLNG         Panicum                  lanuginosum
    PNCSCP         Panicum                  scoparium
    PNCSPH         Panicum                  sphaerocarpon
    PNCVRG         Panicum                  virgatum
    PRTQNQ         Parthenocissus           quinquefolia
    PSPDLT         Paspalum                 dilatatum
    PSPFLR         Paspalum                 floridanum
    PLWTMN         Paulownia                tomentosa
    PRSPLS         Persea                   palustris
    PHRCMM         Phragmites               communis
    PHYVSC         Physalis                 viscosa
    PHYAMR         Phytolacca               americana
    PNSTD1         Pinus                    taeda
    PLCPRP         Pluchea                  purpurascens
    POAANN         Poa                      annua
    PLYGLC         Polygonum                glaucum
    PLYHYD         Polygonum                hydropiperoides
    PLYMNS         Polypogon                monspeliensis
    PPLALB         Populus                  alba
    PRNMRT         Prunus                   maritima
    PRNSRT         Prunus                   serotina
    PTRAQL         Pteridium                aquilinum
    PTLCPL         Ptilimnium               capillaceum
    PCCFSC         Puccinellia              fasciculat
    QRCFLC         Quercus                  falcata
    QRCLRF         Quercus                  laurifolia
    QRCNGR         Quercus                  nigra
    QRCSTL         Quercus                  stellata
    QRCVRG         Quercus                  virginiana
    RHSCPL         Rhus                     copallina
    RHSRDC         Rhus                     radicans
    RBNPSD         Robinia                  pseudo-acacia
    RBSARG         Rubus                    argutus
    RMXACT         Rumex                    acetosella
    RMXCRS         Rumex                    crispus
    RPPMRT         Ruppia                   maritima
    SBTSTL         Sabatia                  stellaris
    SGNDCM         Sagina                   decumbens
    SLCBGL         Salicornia               bigelovii
    SLCERP         Salicornia               europaea
    SLCVRG         Salicornia               virginica
    SLXNGR         Salix                    nigra
    SLSKL1         Salsola                  kali
    SMBCND         Sambucus                 canadensis
    SMLPRV         Samolus                  parviflorus
    SSSALB         Sassafras                albidum
    SCRAMR         Scirpus                  americanus
    SCRCYP         Scirpus                  cyperinus
    SCRRBS         Scirpus                  robustus
    SSVMRT         Sesuvium                 maritimum
    STRGNC         Setaria                  geniculata
    STRMGN         Setaria                  magna
    SSYANG         Sisyrinchium             angustifo
    SMLBNN         Smilax                   bona-nox
    SMLGLC         Smilax                   glauca
    SMLRTN         Smilax                   rotundiflora
    SLNCRL         Solanum                  carolinense
    SLDMCR         Solidago                 microcephala
    SLDSMP         Solidago                 sempervirens
    SNCASP         Sonchus                  asper
    SRBARB         Sorbus                   arbutifolia
    SPRALT         Spartina                 alterniflora
    SPRPTN         Spartina                 patens
    SPCPRF         Specularia               perfoliata
    SPRMRN         Spergularia              marina
    SPHOBT         Sphenopholis             obtusata
    SPRVRN         Spiranthes               vernalis
    STRHLV         Strophostyles            helvola
    STRUMB         Strophostyles            umbellat
    SDLNRS         Suaeda                   linearis
    TCRCND         Teucrium                 canadense
    THLPLS         Thelypteris              palustris
    TRCDFF         Trachelospermum          difforme
    TRPPRP         Triplasis                purpurea
    TYPANG         Typha                    angustifolia
    TYPLTF         Typha                    latifolia
    ULMAMR         Ulmus                    americana
    UNLLX1         Uniola                   laxa
    UNLPNC         Uniola                   paniculata
    VCCATR         Vaccinium                atrococcum
    VCCCRY         Vaccinium                corymbosum
    VRBTHP         Verbascum                thapsus
    VRBOCC         Verbesina                occidentalis
    VRNSRP         Veronica                 serpyllifolia
    VTSAST         Vitis                    aestivalis
    VTSRTN         Vitis                    rotundifolia
    WDWARP         Woodwardia               areplata
    XNTSTR         Xanthium                 strumarium
    YCCFLM         Yucca                    filamentosa
    ZNTCLV         Zanthoxylum              clava-hercules
    ZSTMRN         Zostera                  marina
    </literalLayout></para>
    <para>
. </para>
  </section>
         </description>
      </methodStep>
   </methods>
   <project><title>Parramore Mapping Project</title>
      <personnel><individualName><givenName>John</givenName>
            <surName>Porter</surName>
         </individualName>
         <address><deliveryPoint>UVA, Department of Environmental Sciences, 291 McCormick Road, P.O. Box 400123</deliveryPoint>
            <city>Charlottesville</city>
            <administrativeArea>VA</administrativeArea>
            <postalCode>22903-4123</postalCode>
            <country>USA</country>
         </address>
         <phone phonetype="voice">434-924-8999</phone>
         <phone phonetype="facsimile">434-982-2137</phone>
         <electronicMailAddress>jhp7e@virginia.edu</electronicMailAddress>
         <role>originator</role>
      </personnel>
      <abstract><section><para>
This project focuses on mapping vegatation in 100 randomly-located
permanent plots on Parramore Island. </para>
  </section>
      </abstract>
   </project>
   <access authSystem="knb">
      <allow><principal>public</principal>
         <permission>read</permission>
      </allow>
      <allow><principal>uid=VCR,o=lter,dc=ecoinformatics,dc=org</principal>
         <permission>all</permission>
      </allow>
   </access>
   <dataTable><entityName>VCR97012</entityName>
      <entityDescription>1992-93 Parramore Permanent Plot Baseline Data : Shrub Data</entityDescription>
      <physical><objectName>VCR97012</objectName>
         <characterEncoding>ASCII</characterEncoding>
         <dataFormat><textFormat><attributeOrientation>column</attributeOrientation>
               <complex><textFixed>
<!-- format for attribute PLOT_N -->
                     <fieldWidth>3</fieldWidth>
                     <lineNumber>1</lineNumber>
                     <fieldStartColumn>1</fieldStartColumn>
                  </textFixed>
                  <textFixed>
<!-- format for attribute SHRUB_N -->
                     <fieldWidth>6</fieldWidth>
                     <lineNumber>1</lineNumber>
                     <fieldStartColumn>8</fieldStartColumn>
                  </textFixed>
                  <textFixed>
<!-- format for attribute SHRSPEC -->
                     <fieldWidth>6</fieldWidth>
                     <lineNumber>1</lineNumber>
                     <fieldStartColumn>18</fieldStartColumn>
                  </textFixed>
                  <textFixed>
<!-- format for attribute SHRDIST -->
                     <fieldWidth>5</fieldWidth>
                     <lineNumber>1</lineNumber>
                     <fieldStartColumn>25</fieldStartColumn>
                  </textFixed>
                  <textFixed>
<!-- format for attribute SHR_AZM -->
                     <fieldWidth>3</fieldWidth>
                     <lineNumber>1</lineNumber>
                     <fieldStartColumn>33</fieldStartColumn>
                  </textFixed>
                  <textFixed>
<!-- format for attribute SHR_HGT -->
                     <fieldWidth>6</fieldWidth>
                     <lineNumber>1</lineNumber>
                     <fieldStartColumn>40</fieldStartColumn>
                  </textFixed>
                  <textFixed>
<!-- format for attribute SHR_BSD -->
                     <fieldWidth>6</fieldWidth>
                     <lineNumber>1</lineNumber>
                     <fieldStartColumn>47</fieldStartColumn>
                  </textFixed>
                  <textFixed>
<!-- format for attribute SHRSLT3 -->
                     <fieldWidth>2</fieldWidth>
                     <lineNumber>1</lineNumber>
                     <fieldStartColumn>54</fieldStartColumn>
                  </textFixed>
                  <textFixed>
<!-- format for attribute SHRS36 -->
                     <fieldWidth>2</fieldWidth>
                     <lineNumber>1</lineNumber>
                     <fieldStartColumn>61</fieldStartColumn>
                  </textFixed>
                  <textFixed>
<!-- format for attribute SHRS69 -->
                     <fieldWidth>2</fieldWidth>
                     <lineNumber>1</lineNumber>
                     <fieldStartColumn>68</fieldStartColumn>
                  </textFixed>
                  <textFixed>
<!-- format for attribute SHRS912 -->
                     <fieldWidth>2</fieldWidth>
                     <lineNumber>1</lineNumber>
                     <fieldStartColumn>76</fieldStartColumn>
                  </textFixed>
                  <textFixed>
<!-- format for attribute SHRSG12 -->
                     <fieldWidth>2</fieldWidth>
                     <lineNumber>1</lineNumber>
                     <fieldStartColumn>83</fieldStartColumn>
                  </textFixed>
                  <textFixed>
<!-- format for attribute SHR_REM -->
                     <fieldWidth>65</fieldWidth>
                     <lineNumber>1</lineNumber>
                     <fieldStartColumn>91</fieldStartColumn>
                  </textFixed>
               </complex>
            </textFormat>
         </dataFormat>
      </physical>
      <attributeList><attribute id="VCR97012.PLOT_N">
            <attributeName>PLOT_N</attributeName>
            <attributeLabel>plot number</attributeLabel>
            <attributeDefinition>PLOT_N - plot number</attributeDefinition>
            <storageType typeSystem="http://www.w3.org/2001/XMLSchema-datatypes">integer</storageType>
            <measurementScale><interval><unit><customUnit>none</customUnit>
                  </unit>
                  <numericDomain><numberType>integer</numberType>
                     <bounds><minimum exclusive="false">1</minimum>
                        <maximum exclusive="false">999</maximum>
                     </bounds>
                  </numericDomain>
               </interval>
            </measurementScale>
         </attribute>
         <attribute id="VCR97012.SHRUB_N">
            <attributeName>SHRUB_N</attributeName>
            <attributeLabel>number attached to shrub on Al tag</attributeLabel>
            <attributeDefinition>SHRUB_N - number attached to shrub on Al tag</attributeDefinition>
            <storageType typeSystem="http://www.w3.org/2001/XMLSchema-datatypes">integer</storageType>
            <measurementScale><interval><unit><customUnit>none</customUnit>
                  </unit>
                  <numericDomain><numberType>integer</numberType>
                  </numericDomain>
               </interval>
            </measurementScale>
            <missingValueCode><code>99999</code>
               <codeExplanation>missing</codeExplanation>
            </missingValueCode>
            <method><methodStep><description><section><para>
Tags were generally nailed to shrubs near base and facing the plot
center. The stem with the largest basal diameter and which was
measured (BSD) received the tag. </para>
  </section>
                  </description>
               </methodStep>
            </method>
         </attribute>
         <attribute id="VCR97012.SHRSPEC">
            <attributeName>SHRSPEC</attributeName>
            <attributeLabel>VCR species code (shrub species)</attributeLabel>
            <attributeDefinition>SHRSPEC - VCR species code (shrub species)</attributeDefinition>
            <storageType typeSystem="http://www.w3.org/2001/XMLSchema-datatypes">string</storageType>
            <measurementScale><nominal><nonNumericDomain><textDomain><definition>VCR species code (shrub species)</definition>
                     </textDomain>
                  </nonNumericDomain>
               </nominal>
            </measurementScale>
         </attribute>
         <attribute id="VCR97012.SHRDIST">
            <attributeName>SHRDIST</attributeName>
            <attributeLabel>Distance to shrub from plot center (nearest 0.5m)</attributeLabel>
            <attributeDefinition>SHRDIST - Distance to shrub from plot center (nearest 0.5m)</attributeDefinition>
            <storageType typeSystem="http://www.w3.org/2001/XMLSchema-datatypes">float</storageType>
            <measurementScale><interval><unit><customUnit>meters</customUnit>
                  </unit>
                  <numericDomain><numberType>real</numberType>
                     <bounds><minimum exclusive="false">0.00</minimum>
                        <maximum exclusive="false">16.50</maximum>
                     </bounds>
                  </numericDomain>
               </interval>
            </measurementScale>
            <missingValueCode><code>.</code>
               <codeExplanation>missing</codeExplanation>
            </missingValueCode>
            <missingValueCode><code>9999</code>
               <codeExplanation>missing</codeExplanation>
            </missingValueCode>
         </attribute>
         <attribute id="VCR97012.SHR_AZM">
            <attributeName>SHR_AZM</attributeName>
            <attributeLabel>Azimuth to shrub at plot center from true north</attributeLabel>
            <attributeDefinition>SHR_AZM - Azimuth to shrub at plot center from true north</attributeDefinition>
            <storageType typeSystem="http://www.w3.org/2001/XMLSchema-datatypes">integer</storageType>
            <measurementScale><interval><unit><customUnit>degrees</customUnit>
                  </unit>
                  <numericDomain><numberType>integer</numberType>
                     <bounds><minimum exclusive="false">0</minimum>
                        <maximum exclusive="false">360</maximum>
                     </bounds>
                  </numericDomain>
               </interval>
            </measurementScale>
            <missingValueCode><code>.</code>
               <codeExplanation>missing</codeExplanation>
            </missingValueCode>
         </attribute>
         <attribute id="VCR97012.SHR_HGT">
            <attributeName>SHR_HGT</attributeName>
            <attributeLabel>maximum height of the shrub cluster (nearest 1m)</attributeLabel>
            <attributeDefinition>SHR_HGT - maximum height of the shrub cluster (nearest 1m)</attributeDefinition>
            <storageType typeSystem="http://www.w3.org/2001/XMLSchema-datatypes">float</storageType>
            <measurementScale><interval><unit><customUnit>meters</customUnit>
                  </unit>
                  <numericDomain><numberType>real</numberType>
                     <bounds><minimum exclusive="false">0</minimum>
                     </bounds>
                  </numericDomain>
               </interval>
            </measurementScale>
         </attribute>
         <attribute id="VCR97012.SHR_BSD">
            <attributeName>SHR_BSD</attributeName>
            <attributeLabel>basal diameter</attributeLabel>
            <attributeDefinition>SHR_BSD - basal diameter</attributeDefinition>
            <storageType typeSystem="http://www.w3.org/2001/XMLSchema-datatypes">float</storageType>
            <measurementScale><interval><unit><customUnit>cm</customUnit>
                  </unit>
                  <numericDomain><numberType>real</numberType>
                  </numericDomain>
               </interval>
            </measurementScale>
            <missingValueCode><code>.</code>
               <codeExplanation>missing</codeExplanation>
            </missingValueCode>
            <method><methodStep><description><section><para>
Basal diameter is measured with a DBH tape as close as possible to
the base of the largest stem which extends above DBH height.
Measured above basal fluting (root expansion) if fluting present. </para>
  </section>
                  </description>
               </methodStep>
            </method>
         </attribute>
         <attribute id="VCR97012.SHRSLT3">
            <attributeName>SHRSLT3</attributeName>
            <attributeLabel>Number of stems at breast hgt &lt; 3cm dia.</attributeLabel>
            <attributeDefinition>SHRSLT3 - Number of stems at breast hgt &lt; 3cm dia.</attributeDefinition>
            <storageType typeSystem="http://www.w3.org/2001/XMLSchema-datatypes">integer</storageType>
            <measurementScale><interval><unit><customUnit>none</customUnit>
                  </unit>
                  <numericDomain><numberType>integer</numberType>
                     <bounds><minimum exclusive="false">0</minimum>
                        <maximum exclusive="false">99</maximum>
                     </bounds>
                  </numericDomain>
               </interval>
            </measurementScale>
            <missingValueCode><code>.</code>
               <codeExplanation>missing</codeExplanation>
            </missingValueCode>
         </attribute>
         <attribute id="VCR97012.SHRS36">
            <attributeName>SHRS36</attributeName>
            <attributeLabel>number of stems at BH in 3-6 cm dia. class</attributeLabel>
            <attributeDefinition>SHRS36 - number of stems at BH in 3-6 cm dia. class</attributeDefinition>
            <storageType typeSystem="http://www.w3.org/2001/XMLSchema-datatypes">integer</storageType>
            <measurementScale><interval><unit><customUnit>none</customUnit>
                  </unit>
                  <numericDomain><numberType>integer</numberType>
                     <bounds><minimum exclusive="false">0</minimum>
                        <maximum exclusive="false">99</maximum>
                     </bounds>
                  </numericDomain>
               </interval>
            </measurementScale>
         </attribute>
         <attribute id="VCR97012.SHRS69">
            <attributeName>SHRS69</attributeName>
            <attributeLabel>number of stems at BH in 6-9 cm dia. class</attributeLabel>
            <attributeDefinition>SHRS69 - number of stems at BH in 6-9 cm dia. class</attributeDefinition>
            <storageType typeSystem="http://www.w3.org/2001/XMLSchema-datatypes">integer</storageType>
            <measurementScale><interval><unit><customUnit>none</customUnit>
                  </unit>
                  <numericDomain><numberType>integer</numberType>
                     <bounds><minimum exclusive="false">0</minimum>
                        <maximum exclusive="false">99</maximum>
                     </bounds>
                  </numericDomain>
               </interval>
            </measurementScale>
         </attribute>
         <attribute id="VCR97012.SHRS912">
            <attributeName>SHRS912</attributeName>
            <attributeLabel>number of stems at BH in 9-12cm dia. class</attributeLabel>
            <attributeDefinition>SHRS912 - number of stems at BH in 9-12cm dia. class</attributeDefinition>
            <storageType typeSystem="http://www.w3.org/2001/XMLSchema-datatypes">integer</storageType>
            <measurementScale><interval><unit><customUnit>none</customUnit>
                  </unit>
                  <numericDomain><numberType>integer</numberType>
                     <bounds><minimum exclusive="false">0</minimum>
                        <maximum exclusive="false">99</maximum>
                     </bounds>
                  </numericDomain>
               </interval>
            </measurementScale>
         </attribute>
         <attribute id="VCR97012.SHRSG12">
            <attributeName>SHRSG12</attributeName>
            <attributeLabel>number of stems at BH in &gt;12cm dia class</attributeLabel>
            <attributeDefinition>SHRSG12 - number of stems at BH in &gt;12cm dia class</attributeDefinition>
            <storageType typeSystem="http://www.w3.org/2001/XMLSchema-datatypes">integer</storageType>
            <measurementScale><interval><unit><customUnit>none</customUnit>
                  </unit>
                  <numericDomain><numberType>integer</numberType>
                     <bounds><minimum exclusive="false">0</minimum>
                        <maximum exclusive="false">99</maximum>
                     </bounds>
                  </numericDomain>
               </interval>
            </measurementScale>
         </attribute>
         <attribute id="VCR97012.SHR_REM">
            <attributeName>SHR_REM</attributeName>
            <attributeLabel>remarks</attributeLabel>
            <attributeDefinition>SHR_REM - remarks</attributeDefinition>
            <storageType typeSystem="http://www.w3.org/2001/XMLSchema-datatypes">string</storageType>
            <measurementScale><nominal><nonNumericDomain><textDomain><definition>remarks</definition>
                     </textDomain>
                  </nonNumericDomain>
               </nominal>
            </measurementScale>
         </attribute>
      </attributeList>
   </dataTable>

</dataset>
<additionalMetadata><stmml:unitList><stmml:unit id="none"/>
      <stmml:unit id="cm"/>
      <stmml:unit id="degrees"/>
      <stmml:unit id="meters"/>
   </stmml:unitList>

</additionalMetadata>

</eml:eml>