<?xml version="1.0" encoding="UTF-8"?>
<eml:eml xmlns:eml="eml://ecoinformatics.org/eml-2.0.1" xmlns:stmml="http://www.xml-cml.org/schema/stmml" xmlns:ds="eml://ecoinformatics.org/dataset-2.0.1" xmlns:xsi="http://www.w3.org/2001/XMLSchema-instance" packageId="knb-lter-vcr.25.3" system="VCR" xsi:schemaLocation="eml://ecoinformatics.org/eml-2.0.1 http://gce-lter.marsci.uga.edu/lter/files/schemas/eml-201/eml.xsd">
<dataset id="25" system="VCR">
   <alternateIdentifier>VCR97018</alternateIdentifier>
   <title>Hourly Meteorological Data for the Virginia Coast Reserve LTER</title>
   <creator><individualName><givenName>John</givenName>
         <surName>Porter</surName>
      </individualName>
      <address><deliveryPoint>UVA, Department of Environmental Sciences, 291 McCormick Road, P.O. Box 400123</deliveryPoint>
         <city>Charlottesville</city>
         <administrativeArea>VA</administrativeArea>
         <postalCode>22903-4123</postalCode>
         <country>USA</country>
      </address>
      <phone phonetype="voice">434-924-8999</phone>
      <phone phonetype="facsimile">434-982-2137</phone>
      <electronicMailAddress>jhp7e@virginia.edu</electronicMailAddress>
   </creator>
   <creator><individualName><givenName>David</givenName>
         <surName>Krovetz</surName>
      </individualName>
      <address><deliveryPoint>Department of Environmental Sciences, Clark Hall, University of Virginia</deliveryPoint>
         <city>Charlottesville</city>
         <administrativeArea>VA</administrativeArea>
         <postalCode>22903</postalCode>
         <country>USA</country>
      </address>
      <phone phonetype="voice">804-924-6546</phone>
      <phone phonetype="facsimile">804-982-2137</phone>
      <electronicMailAddress>dok2p@virginia.edu</electronicMailAddress>
   </creator>
   <creator><individualName><givenName>William</givenName>
         <surName>Nuttle</surName>
      </individualName>
   </creator>
   <creator><individualName><givenName>James</givenName>
         <surName>Spitler</surName>
      </individualName>
      <address><deliveryPoint>Virginia Coast Reserve LTER Laboratory</deliveryPoint>
         <city>Oyster</city>
         <administrativeArea>VA</administrativeArea>
         <postalCode>23419</postalCode>
      </address>
      <phone phonetype="voice">(804) 331-4323</phone>
      <electronicMailAddress>jrs4u@virginia.edu</electronicMailAddress>
   </creator>
   <metadataProvider><organizationName>Virginia Coast Reserve Long-Term Ecological Research Project</organizationName>
      <address><deliveryPoint>Department of Environmental Sciences, University of Virginia, 291 McCormick Road, PO Box 400123</deliveryPoint>
         <city>Charlottesville</city>
         <administrativeArea>VA</administrativeArea>
         <postalCode>22904-4123</postalCode>
         <country>USA</country>
      </address>
      <phone phonetype="voice">434-924-7761</phone>
      <phone phonetype="facsimile">434-982-2137</phone>
      <onlineUrl>http://www.vcrlter.virginia.edu</onlineUrl>
   </metadataProvider>
   <pubDate>1989-04-03</pubDate>
   <keywordSet><keyword keywordType="theme">System State/Condition</keyword>
      <keyword keywordType="theme">Weather</keyword>
      <keyword keywordType="theme">Rain</keyword>
      <keyword keywordType="theme">Temperature</keyword>
      <keyword keywordType="theme">Solar Radiation</keyword>
      <keyword keywordType="theme">Relative Humidity</keyword>
      <keyword keywordType="theme">climate</keyword>
      <keyword keywordType="theme">Precipitation</keyword>
   </keywordSet>
   <additionalInfo><section><title>Relevant URLs</title>
<para><orderedlist><listitem><para>
Monitoring Station Manuals) 
URL=http://www.vcrlter.virginia.edu/monitoring/manuals.html
</para></listitem>
</orderedlist>
</para>
</section>

   </additionalInfo>
   <intellectualRights><section><title>Data License</title>
                <para>Data and documentation is copyrighted by The Virginia Coast Reserve LTER
                    project of the University of Virginia (UVA), and ownership remains with the UVA.</para>
                <para>The UVA grants you (hereafter, Licensee) a license to use the data and
                    documentation for academic, and research purposes only, without a fee.</para>
                <para>Licensee may make derivative works. However, if Licensee distributes any
                    derivative work based on or derived from the data and documentation, then
                    Licensee will</para>
                <para><orderedlist><listitem><para>notify the VCR/LTER designated contact (typically the investigator
                                who collected the data) regarding its distribution of the derivative
                                work, and</para>
                        </listitem>
                        <listitem><para>clearly notify users that such derivative work is a modified
                                version and not the original data and documentation distributed by
                                the UVA.</para>
                        </listitem>
                        <listitem><para>acknowledge the support of NSF Grants BSR-8702333-06, DEB-9211772,
                                DEB-9411974 and DEB-0080381 in any publications using the data and documentation.</para>
                        </listitem>
                        <listitem><para>send to the address, above, two reprints of any publications
                                resulting from use of the data and documentation. </para>
                        </listitem>
                    </orderedlist>
                </para>
                <para>Any Licensee wishing to make commercial use of the data and documentation
                    should contact the UVA, c/o VCR/LTER, to negotiate an appropriate license for
                    such commercial use. Commercial use includes</para>
                <para><orderedlist><listitem><para>integration of all or part of the data and documentation into a
                                product for sale or license by or on behalf of Licensee to third
                                parties, or</para>
                        </listitem>
                        <listitem><para> distribution of the data or documentation to third parties that
                                need it to utilize a commercial product sold or licensed by or on
                                behalf of Licensee.</para>
                        </listitem>
                    </orderedlist>
                </para>
                <para><emphasis>UVA MAKES NO REPRESENTATIONS ABOUT THE SUITABILITY OF THIS DATA AND
                        DOCUMENTATION FOR ANY PURPOSE. IT IS PROVIDED "AS IS" WITHOUT EXPRESS OR
                        IMPLIED WARRANTY. THE UVA SHALL NOT BE LIABLE FOR ANY DAMAGES SUFFERED BY
                        THE USERS OF THIS DATA AND DOCUMENTATION.</emphasis>
                </para>
                <para>By using or copying this data and documentation, Licensee agrees to abide by
                    the copyright law and all other applicable laws of the U.S. including, but not
                    limited to, export control laws, and the terms of this license. UVA shall have
                    the right to terminate this license immediately by written notice upon
                    Licensee's breach of, or non-compliance with, any of its terms. Licensee may be
                    held legally responsible for any copyright infringement that is caused or
                    encouraged by Licensee's failure to abide by the terms of this license. </para>
            </section>
   </intellectualRights>
   <distribution><online><url>http://www.vcrlter.virginia.edu/cgi-bin/w3-msql2/data/query/datasets/show_data.html?QDATA_ID=VCR97018</url>
      </online>
   </distribution>
   <coverage><geographicCoverage><geographicDescription>Hog Island meteorological Station - Hog Island meteorological Station</geographicDescription>
         <boundingCoordinates><westBoundingCoordinate>-75.668507</westBoundingCoordinate>
            <eastBoundingCoordinate>-75.668507</eastBoundingCoordinate>
            <northBoundingCoordinate>37.450945</northBoundingCoordinate>
            <southBoundingCoordinate>37.450945</southBoundingCoordinate>
         </boundingCoordinates>
      </geographicCoverage>
      <geographicCoverage><geographicDescription>Phillips Creek Meteorological Station - Phillips Creek Meteorological Station</geographicDescription>
         <boundingCoordinates><westBoundingCoordinate>-75.832105</westBoundingCoordinate>
            <eastBoundingCoordinate>-75.832105</eastBoundingCoordinate>
            <northBoundingCoordinate>37.459173</northBoundingCoordinate>
            <southBoundingCoordinate>37.459173</southBoundingCoordinate>
         </boundingCoordinates>
      </geographicCoverage>
      <geographicCoverage><geographicDescription>Oyster Meteorological Station - Oyster Meteorological Station</geographicDescription>
         <boundingCoordinates><westBoundingCoordinate>-75.926760</westBoundingCoordinate>
            <eastBoundingCoordinate>-75.926760</eastBoundingCoordinate>
            <northBoundingCoordinate>37.290870</northBoundingCoordinate>
            <southBoundingCoordinate>37.290870</southBoundingCoordinate>
         </boundingCoordinates>
      </geographicCoverage>
      <geographicCoverage><geographicDescription>Old Location for Oyster Met. Station - 1989-1995 - Old Location for Oyster Met. Station - 1989-1995</geographicDescription>
         <boundingCoordinates><westBoundingCoordinate>-75.9323501586914</westBoundingCoordinate>
            <eastBoundingCoordinate>-75.9323501586914</eastBoundingCoordinate>
            <northBoundingCoordinate>37.295154423030404</northBoundingCoordinate>
            <southBoundingCoordinate>37.295154423030404</southBoundingCoordinate>
         </boundingCoordinates>
      </geographicCoverage>
      <temporalCoverage><singleDateTime><calendarDate>1989-04-03</calendarDate>
         </singleDateTime>
      </temporalCoverage>
   </coverage>
   <maintenance><description><para>Data are updated as needed</para>
      </description>
      <maintenanceUpdateFrequency>asNeeded</maintenanceUpdateFrequency>
   </maintenance>
   <contact><individualName><givenName>John</givenName>
         <surName>Porter</surName>
      </individualName>
      <address><deliveryPoint>UVA, Department of Environmental Sciences, 291 McCormick Road, P.O. Box 400123</deliveryPoint>
         <city>Charlottesville</city>
         <administrativeArea>VA</administrativeArea>
         <postalCode>22903-4123</postalCode>
         <country>USA</country>
      </address>
      <phone phonetype="voice">434-924-8999</phone>
      <phone phonetype="facsimile">434-982-2137</phone>
      <electronicMailAddress>jhp7e@virginia.edu</electronicMailAddress>
   </contact>
   <contact id="im">
      <positionName>Information manager - Virginia Coast Reserve Long-Term Ecological Research Project</positionName>
      <address><deliveryPoint>Department of Environmental Sciences, University of Virginia, 291 McCormick Road, PO Box 400123</deliveryPoint>
         <city>Charlottesville</city>
         <administrativeArea>VA</administrativeArea>
         <postalCode>22904-4123</postalCode>
         <country>USA</country>
      </address>
      <phone phonetype="voice">434-924-8999</phone>
      <phone phonetype="facsimile">434-982-2137</phone>
      <electronicMailAddress>jporter@lternet.edu</electronicMailAddress>
      <onlineUrl>http://www.vcrlter.virginia.edu/jhp7e.html</onlineUrl>
   </contact>
   <publisher><organizationName>Virginia Coast Reserve Long-Term Ecological Research Project</organizationName>
      <address><deliveryPoint>Department of Environmental Sciences, University of Virginia, 291 McCormick Road, PO Box 400123</deliveryPoint>
         <city>Charlottesville</city>
         <administrativeArea>VA</administrativeArea>
         <postalCode>22904-4123</postalCode>
         <country>USA</country>
      </address>
      <phone phonetype="voice">434-924-7761</phone>
      <phone phonetype="facsimile">434-982-2137</phone>
      <onlineUrl>http://www.vcrlter.virginia.edu</onlineUrl>
   </publisher>
   <pubPlace>Charlottesville, Virginia</pubPlace>
   <methods><methodStep><description><section><para>
Automated LTER Level III meteorological station using Campbell 21X
Data Logger and RAM Pack. Data is recorded hourly. </para>
  </section>
         </description>
      </methodStep>
   </methods>
   <access authSystem="knb">
      <allow><principal>public</principal>
         <permission>read</permission>
      </allow>
      <allow><principal>uid=VCR,o=lter,dc=ecoinformatics,dc=org</principal>
         <permission>all</permission>
      </allow>
   </access>
   <dataTable><entityName>VCR97018</entityName>
      <entityDescription>Hourly Meteorological Data for the Virginia Coast Reserve LTER</entityDescription>
      <physical><objectName>VCR97018</objectName>
         <characterEncoding>ASCII</characterEncoding>
         <dataFormat><textFormat><attributeOrientation>column</attributeOrientation>
               <simpleDelimited><fieldDelimiter>,</fieldDelimiter>
                  <quoteCharacter>"</quoteCharacter>
                  <literalCharacter>\</literalCharacter>
               </simpleDelimited>
            </textFormat>
         </dataFormat>
      </physical>
      <attributeList><attribute id="VCR97018.STATION">
            <attributeName>STATION</attributeName>
            <attributeLabel>Climate Station Name</attributeLabel>
            <attributeDefinition>STATION - Climate Station Name</attributeDefinition>
            <storageType typeSystem="http://www.w3.org/2001/XMLSchema-datatypes">string</storageType>
            <measurementScale><nominal><nonNumericDomain><enumeratedDomain enforced="yes">
                        <codeDefinition><code>BRNV</code>
                           <definition>Brownsville in Nassawadox, VA on TNC Brownsville Farm</definition>
                        </codeDefinition>
                        <codeDefinition><code>HOGI</code>
                           <definition>Hog Island, VA, in island center near cross island road</definition>
                        </codeDefinition>
                        <codeDefinition><code>OYSM</code>
                           <definition>Oyster, VA at LTER Lab in Shirley House, Rt 600</definition>
                        </codeDefinition>
                        <codeDefinition><code>PHCK</code>
                           <definition>Phillips Creek Marsh, Nassawadox, VA</definition>
                        </codeDefinition>
                     </enumeratedDomain>
                  </nonNumericDomain>
               </nominal>
            </measurementScale>
         </attribute>
         <attribute id="VCR97018.YEAR">
            <attributeName>YEAR</attributeName>
            <attributeLabel>YEAR</attributeLabel>
            <attributeDefinition>YEAR - </attributeDefinition>
            <storageType typeSystem="http://www.w3.org/2001/XMLSchema-datatypes">integer</storageType>
            <measurementScale><interval><unit><customUnit>none</customUnit>
                  </unit>
                  <numericDomain><numberType>integer</numberType>
                  </numericDomain>
               </interval>
            </measurementScale>
         </attribute>
         <attribute id="VCR97018.MONTH">
            <attributeName>MONTH</attributeName>
            <attributeLabel>MONTH</attributeLabel>
            <attributeDefinition>MONTH - </attributeDefinition>
            <storageType typeSystem="http://www.w3.org/2001/XMLSchema-datatypes">integer</storageType>
            <measurementScale><interval><unit><customUnit>none</customUnit>
                  </unit>
                  <numericDomain><numberType>integer</numberType>
                     <bounds><minimum exclusive="false">1</minimum>
                        <maximum exclusive="false">12</maximum>
                     </bounds>
                  </numericDomain>
               </interval>
            </measurementScale>
         </attribute>
         <attribute id="VCR97018.DAY">
            <attributeName>DAY</attributeName>
            <attributeLabel>DAY</attributeLabel>
            <attributeDefinition>DAY - </attributeDefinition>
            <storageType typeSystem="http://www.w3.org/2001/XMLSchema-datatypes">integer</storageType>
            <measurementScale><interval><unit><customUnit>none</customUnit>
                  </unit>
                  <numericDomain><numberType>integer</numberType>
                     <bounds><minimum exclusive="false">1</minimum>
                        <maximum exclusive="false">31</maximum>
                     </bounds>
                  </numericDomain>
               </interval>
            </measurementScale>
         </attribute>
         <attribute id="VCR97018.TIME">
            <attributeName>TIME</attributeName>
            <attributeLabel>Eastern Standard Time</attributeLabel>
            <attributeDefinition>TIME - Eastern Standard Time</attributeDefinition>
            <storageType typeSystem="http://www.w3.org/2001/XMLSchema-datatypes">integer</storageType>
            <measurementScale><interval><unit><customUnit>HHMM</customUnit>
                  </unit>
                  <numericDomain><numberType>integer</numberType>
                     <bounds><minimum exclusive="false">0</minimum>
                        <maximum exclusive="false">2399</maximum>
                     </bounds>
                  </numericDomain>
               </interval>
            </measurementScale>
         </attribute>
         <attribute id="VCR97018.PPT">
            <attributeName>PPT</attributeName>
            <attributeLabel>Precipitation</attributeLabel>
            <attributeDefinition>PPT - Precipitation</attributeDefinition>
            <storageType typeSystem="http://www.w3.org/2001/XMLSchema-datatypes">float</storageType>
            <measurementScale><interval><unit><customUnit>mm</customUnit>
                  </unit>
                  <numericDomain><numberType>real</numberType>
                     <bounds><minimum exclusive="false">0</minimum>
                     </bounds>
                  </numericDomain>
               </interval>
            </measurementScale>
            <missingValueCode><code>.</code>
               <codeExplanation>missing</codeExplanation>
            </missingValueCode>
            <missingValueCode><code>9999</code>
               <codeExplanation>missing</codeExplanation>
            </missingValueCode>
            <method><methodStep><description><section><para>
Tipping Bucket Rain Guage </para>
  </section>
                  </description>
               </methodStep>
            </method>
         </attribute>
         <attribute id="VCR97018.AVG_T">
            <attributeName>AVG_T</attributeName>
            <attributeLabel>Average Hourly Temperature</attributeLabel>
            <attributeDefinition>AVG_T - Average Hourly Temperature</attributeDefinition>
            <storageType typeSystem="http://www.w3.org/2001/XMLSchema-datatypes">integer</storageType>
            <measurementScale><interval><unit><customUnit>degrees-C</customUnit>
                  </unit>
                  <numericDomain><numberType>integer</numberType>
                     <bounds><minimum exclusive="false">-33</minimum>
                        <maximum exclusive="false">48</maximum>
                     </bounds>
                  </numericDomain>
               </interval>
            </measurementScale>
            <missingValueCode><code>.</code>
               <codeExplanation>missing</codeExplanation>
            </missingValueCode>
            <missingValueCode><code>99</code>
               <codeExplanation>missing</codeExplanation>
            </missingValueCode>
            <method><methodStep><description><section><para>
Hourly average of 60 temperature readings with one temperature
reading per minute. </para>
    <para>Sensor is Model HMP35C Temperature / Relative Humidity Probe
from Campbell Scientific</para>
  </section>
                  </description>
               </methodStep>
            </method>
         </attribute>
         <attribute id="VCR97018.MIN_T">
            <attributeName>MIN_T</attributeName>
            <attributeLabel>Hourly Minimum Temperature</attributeLabel>
            <attributeDefinition>MIN_T - Hourly Minimum Temperature</attributeDefinition>
            <storageType typeSystem="http://www.w3.org/2001/XMLSchema-datatypes">integer</storageType>
            <measurementScale><interval><unit><customUnit>degrees-C</customUnit>
                  </unit>
                  <numericDomain><numberType>integer</numberType>
                     <bounds><minimum exclusive="false">-33</minimum>
                        <maximum exclusive="false">48</maximum>
                     </bounds>
                  </numericDomain>
               </interval>
            </measurementScale>
            <missingValueCode><code>.</code>
               <codeExplanation>missing</codeExplanation>
            </missingValueCode>
            <missingValueCode><code>99</code>
               <codeExplanation>missing</codeExplanation>
            </missingValueCode>
         </attribute>
         <attribute id="VCR97018.MAX_T">
            <attributeName>MAX_T</attributeName>
            <attributeLabel>Hourly Maximum Temperature</attributeLabel>
            <attributeDefinition>MAX_T - Hourly Maximum Temperature</attributeDefinition>
            <storageType typeSystem="http://www.w3.org/2001/XMLSchema-datatypes">integer</storageType>
            <measurementScale><interval><unit><customUnit>degrees-C</customUnit>
                  </unit>
                  <numericDomain><numberType>integer</numberType>
                     <bounds><minimum exclusive="false">-33</minimum>
                        <maximum exclusive="false">48</maximum>
                     </bounds>
                  </numericDomain>
               </interval>
            </measurementScale>
            <missingValueCode><code>.</code>
               <codeExplanation>missing</codeExplanation>
            </missingValueCode>
            <missingValueCode><code>99</code>
               <codeExplanation>missing</codeExplanation>
            </missingValueCode>
         </attribute>
         <attribute id="VCR97018.AVG_RH">
            <attributeName>AVG_RH</attributeName>
            <attributeLabel>Average Relative Humidity</attributeLabel>
            <attributeDefinition>AVG_RH - Average Relative Humidity</attributeDefinition>
            <storageType typeSystem="http://www.w3.org/2001/XMLSchema-datatypes">integer</storageType>
            <measurementScale><interval><unit><customUnit>percent</customUnit>
                  </unit>
                  <numericDomain><numberType>integer</numberType>
                     <bounds><minimum exclusive="false">10</minimum>
                        <maximum exclusive="false">105</maximum>
                     </bounds>
                  </numericDomain>
               </interval>
            </measurementScale>
            <missingValueCode><code>.</code>
               <codeExplanation>missing</codeExplanation>
            </missingValueCode>
            <missingValueCode><code>999</code>
               <codeExplanation>missing</codeExplanation>
            </missingValueCode>
            <method><methodStep><description><section><para>
Average of 60 readings per hour. </para>
    <para>Model HMP35C Temperature / Relative Humidity Probe from Campbell
Scientific</para>
  </section>
                  </description>
               </methodStep>
            </method>
         </attribute>
         <attribute id="VCR97018.MIN_RH">
            <attributeName>MIN_RH</attributeName>
            <attributeLabel>Minimum Hourly Relative Humidity</attributeLabel>
            <attributeDefinition>MIN_RH - Minimum Hourly Relative Humidity</attributeDefinition>
            <storageType typeSystem="http://www.w3.org/2001/XMLSchema-datatypes">integer</storageType>
            <measurementScale><interval><unit><customUnit>percent</customUnit>
                  </unit>
                  <numericDomain><numberType>integer</numberType>
                     <bounds><minimum exclusive="false">10</minimum>
                        <maximum exclusive="false">105</maximum>
                     </bounds>
                  </numericDomain>
               </interval>
            </measurementScale>
            <missingValueCode><code>.</code>
               <codeExplanation>missing</codeExplanation>
            </missingValueCode>
            <missingValueCode><code>999</code>
               <codeExplanation>missing</codeExplanation>
            </missingValueCode>
         </attribute>
         <attribute id="VCR97018.MAX_RH">
            <attributeName>MAX_RH</attributeName>
            <attributeLabel>Maximum Hourly Relative Humidity</attributeLabel>
            <attributeDefinition>MAX_RH - Maximum Hourly Relative Humidity</attributeDefinition>
            <storageType typeSystem="http://www.w3.org/2001/XMLSchema-datatypes">integer</storageType>
            <measurementScale><interval><unit><customUnit>percent</customUnit>
                  </unit>
                  <numericDomain><numberType>integer</numberType>
                     <bounds><minimum exclusive="false">10</minimum>
                        <maximum exclusive="false">105</maximum>
                     </bounds>
                  </numericDomain>
               </interval>
            </measurementScale>
            <missingValueCode><code>.</code>
               <codeExplanation>missing</codeExplanation>
            </missingValueCode>
            <missingValueCode><code>999</code>
               <codeExplanation>missing</codeExplanation>
            </missingValueCode>
         </attribute>
         <attribute id="VCR97018.AVG_WS">
            <attributeName>AVG_WS</attributeName>
            <attributeLabel>Average Wind Speed</attributeLabel>
            <attributeDefinition>AVG_WS - Average Wind Speed</attributeDefinition>
            <storageType typeSystem="http://www.w3.org/2001/XMLSchema-datatypes">integer</storageType>
            <measurementScale><interval><unit><customUnit>m/sec</customUnit>
                  </unit>
                  <numericDomain><numberType>integer</numberType>
                     <bounds><minimum exclusive="false">0</minimum>
                     </bounds>
                  </numericDomain>
               </interval>
            </measurementScale>
            <missingValueCode><code>.</code>
               <codeExplanation>missing</codeExplanation>
            </missingValueCode>
            <missingValueCode><code>999</code>
               <codeExplanation>missing</codeExplanation>
            </missingValueCode>
            <method><methodStep><description><section><para>
R.M. Young Wind Monitor </para>
  </section>
                  </description>
               </methodStep>
            </method>
         </attribute>
         <attribute id="VCR97018.AVG_WANG">
            <attributeName>AVG_WANG</attributeName>
            <attributeLabel>Average Wind Angle</attributeLabel>
            <attributeDefinition>AVG_WANG - Average Wind Angle</attributeDefinition>
            <storageType typeSystem="http://www.w3.org/2001/XMLSchema-datatypes">float</storageType>
            <measurementScale><interval><unit><customUnit>degrees</customUnit>
                  </unit>
                  <numericDomain><numberType>real</numberType>
                     <bounds><minimum exclusive="false">0</minimum>
                        <maximum exclusive="false">360</maximum>
                     </bounds>
                  </numericDomain>
               </interval>
            </measurementScale>
            <missingValueCode><code>.</code>
               <codeExplanation>missing</codeExplanation>
            </missingValueCode>
            <missingValueCode><code>999</code>
               <codeExplanation>missing</codeExplanation>
            </missingValueCode>
         </attribute>
         <attribute id="VCR97018.STD_WANG">
            <attributeName>STD_WANG</attributeName>
            <attributeLabel>Standard Deviation of Wind Direction</attributeLabel>
            <attributeDefinition>STD_WANG - Standard Deviation of Wind Direction</attributeDefinition>
            <storageType typeSystem="http://www.w3.org/2001/XMLSchema-datatypes">float</storageType>
            <measurementScale><interval><unit><customUnit>degrees</customUnit>
                  </unit>
                  <numericDomain><numberType>real</numberType>
                  </numericDomain>
               </interval>
            </measurementScale>
            <missingValueCode><code>.</code>
               <codeExplanation>missing</codeExplanation>
            </missingValueCode>
            <missingValueCode><code>999</code>
               <codeExplanation>missing</codeExplanation>
            </missingValueCode>
         </attribute>
         <attribute id="VCR97018.RAD_SOL">
            <attributeName>RAD_SOL</attributeName>
            <attributeLabel>Solar Radiation</attributeLabel>
            <attributeDefinition>RAD_SOL - Solar Radiation</attributeDefinition>
            <storageType typeSystem="http://www.w3.org/2001/XMLSchema-datatypes">integer</storageType>
            <measurementScale><interval><unit><customUnit>KJoules/m2</customUnit>
                  </unit>
                  <numericDomain><numberType>integer</numberType>
                     <bounds><minimum exclusive="false">-100</minimum>
                        <maximum exclusive="false">3800</maximum>
                     </bounds>
                  </numericDomain>
               </interval>
            </measurementScale>
            <missingValueCode><code>.</code>
               <codeExplanation>missing</codeExplanation>
            </missingValueCode>
            <missingValueCode><code>9999</code>
               <codeExplanation>missing</codeExplanation>
            </missingValueCode>
            <method><methodStep><description><section><para>Li-Cor 200S total radiation sensor</para>
    <para>When a sensor is removed a new sensor will be placed in service
immediately at that station. Because its constant will be different
from the one removed, a new multiplier must be calculated for the
21X program and entered into it. The 21X multiplier is calculated
as follows:</para>
    <para>For 200S Sensor: MULT=60/(0.100*uamps)</para>
    <para>The multipliers must be entered into the datalogger program in
the proper location. Changes to the program must be noted in the
Station Log and on all "current" listings of that station's 21X
program.</para>
    <para>Licors address: Li-Cor, Inc. Box 4425 Lincoln, Nebraska, 68504
phone:(402) 467-3576</para>
  </section>
                  </description>
               </methodStep>
            </method>
         </attribute>
         <attribute id="VCR97018.PAR">
            <attributeName>PAR</attributeName>
            <attributeLabel>Photosynthetically Active Radiation</attributeLabel>
            <attributeDefinition>PAR - Photosynthetically Active Radiation</attributeDefinition>
            <storageType typeSystem="http://www.w3.org/2001/XMLSchema-datatypes">integer</storageType>
            <measurementScale><interval><unit><customUnit>uein/m2</customUnit>
                  </unit>
                  <numericDomain><numberType>integer</numberType>
                     <bounds><minimum exclusive="false">-100</minimum>
                        <maximum exclusive="false">6999</maximum>
                     </bounds>
                  </numericDomain>
               </interval>
            </measurementScale>
            <missingValueCode><code>.</code>
               <codeExplanation>missing</codeExplanation>
            </missingValueCode>
            <missingValueCode><code>9999</code>
               <codeExplanation>missing</codeExplanation>
            </missingValueCode>
            <method><methodStep><description><section><para>
Li-Cor quantum (190S) sensor </para>
    <para>Units are micro-einsteins per meter squared</para>
    <para>When a sensor is removed a new sensor will be placed in service
immediately at that station. Because its constant will be different
from the one removed, a new multiplier must be calculated for the
21X program and entered into it. The 21X multiplier is calculated
as follows:</para>
    <para>For 190S Sensor: MULT=60/(0.604*uamps)</para>
    <para>The multipliers must be entered into the datalogger program in
the proper location. Changes to the program must be noted in the
Station Log and on all "current" listings of that station's 21X
program.</para>
  </section>
                  </description>
               </methodStep>
            </method>
         </attribute>
         <attribute id="VCR97018.SOIL_T">
            <attributeName>SOIL_T</attributeName>
            <attributeLabel>Average Hourly Soil Temperature (10 cm depth)</attributeLabel>
            <attributeDefinition>SOIL_T - Average Hourly Soil Temperature (10 cm depth)</attributeDefinition>
            <storageType typeSystem="http://www.w3.org/2001/XMLSchema-datatypes">string</storageType>
            <measurementScale><nominal><nonNumericDomain><textDomain><definition>Average Hourly Soil Temperature (10 cm depth)</definition>
                     </textDomain>
                  </nonNumericDomain>
               </nominal>
            </measurementScale>
            <method><methodStep><description><section><para>
Temperature probe placed 10 cm below ground surface. </para>
  </section>
                  </description>
               </methodStep>
            </method>
         </attribute>
      </attributeList>
   </dataTable>

</dataset>
<additionalMetadata><stmml:unitList><stmml:unit id="none"/>
      <stmml:unit id="HHMM"/>
      <stmml:unit id="KJoules/m2"/>
      <stmml:unit id="degrees"/>
      <stmml:unit id="degrees C"/>
      <stmml:unit id="degrees-C"/>
      <stmml:unit id="m/sec"/>
      <stmml:unit id="mm"/>
      <stmml:unit id="percent"/>
      <stmml:unit id="uein/m2"/>
   </stmml:unitList>

</additionalMetadata>

</eml:eml>