<?xml version="1.0" encoding="UTF-8"?>
<eml:eml xmlns:eml="eml://ecoinformatics.org/eml-2.0.1" xmlns:stmml="http://www.xml-cml.org/schema/stmml" xmlns:ds="eml://ecoinformatics.org/dataset-2.0.1" xmlns:xsi="http://www.w3.org/2001/XMLSchema-instance" packageId="knb-lter-vcr.49.6" system="VCR" xsi:schemaLocation="eml://ecoinformatics.org/eml-2.0.1 http://gce-lter.marsci.uga.edu/lter/files/schemas/eml-201/eml.xsd">
<dataset id="49" system="VCR">
   <alternateIdentifier>VCR97038</alternateIdentifier>
   <title>Hog Island Small-Mammal Trapping</title>
   <creator><individualName><givenName>John</givenName>
         <surName>Porter</surName>
      </individualName>
      <address><deliveryPoint>UVA, Department of Environmental Sciences, 291 McCormick Road, P.O. Box 400123</deliveryPoint>
         <city>Charlottesville</city>
         <administrativeArea>VA</administrativeArea>
         <postalCode>22903-4123</postalCode>
         <country>USA</country>
      </address>
      <phone phonetype="voice">434-924-8999</phone>
      <phone phonetype="facsimile">434-982-2137</phone>
      <electronicMailAddress>jhp7e@virginia.edu</electronicMailAddress>
   </creator>
   <creator><individualName><salutation>Dr.</salutation>
         <givenName>Raymond</givenName>
         <surName>Dueser</surName>
      </individualName>
      <address><deliveryPoint>Utah State University, College of Natural Resources</deliveryPoint>
         <city>Logan</city>
         <administrativeArea>UT</administrativeArea>
         <postalCode>84322-5210</postalCode>
      </address>
      <phone phonetype="voice">(435) 797-2445</phone>
      <electronicMailAddress>dueser@cc.usu.edu</electronicMailAddress>
   </creator>
   <metadataProvider><organizationName>Virginia Coast Reserve Long-Term Ecological Research Project</organizationName>
      <address><deliveryPoint>Department of Environmental Sciences, University of Virginia, 291 McCormick Road, PO Box 400123</deliveryPoint>
         <city>Charlottesville</city>
         <administrativeArea>VA</administrativeArea>
         <postalCode>22904-4123</postalCode>
         <country>USA</country>
      </address>
      <phone phonetype="voice">434-924-7761</phone>
      <phone phonetype="facsimile">434-982-2137</phone>
      <onlineUrl>http://www.vcrlter.virginia.edu</onlineUrl>
   </metadataProvider>
   <pubDate>1997-06-26</pubDate>
   <abstract><section><para>
This dataset contains information on long-term small mammal
trapping on the Virginia Coast Reserve LTER. </para>
    <para>Four transects on Hog Island are included in the data, each of
which was trapped at least twice each year, typically in the spring
and autumn (note: Transect T2 was not trapped every year).</para>
    <para>Along each transect Sherman Live Traps were placed every 12.5 m
along the transect, with an alternating offset of 2.5 m (to remove
traps from the path running down the transect). This leaves a total
inter-trap distance of 15 m.</para>
    <para>Traps were baited with peanut butter wrapped in waxed paper and
were run sequentially for at least 3 nights in a row.</para>
    <para>Traps in areas that would experience tidal flooding were placed
on styrofoam plastic platforms to provide flotation during high
tides.</para>
    <para>Captured animals were individually tagged with numbered
fingerling fish tags placed in the right ear, inspected for sex and
sexual characteristics, weighed with a spring scale to the nearest
gram and released at the point of capture.</para>
  </section>
   </abstract>
   <keywordSet><keyword keywordType="theme">Trophic Structure</keyword>
      <keyword keywordType="theme">Biodiversity</keyword>
      <keyword keywordType="theme">small mammal</keyword>
      <keyword keywordType="theme">Mus musculus (house mouse)</keyword>
      <keyword keywordType="theme">Oryzomys palustris (rice rat)</keyword>
      <keyword keywordType="theme">Rattus norvegicus (Norway rat)</keyword>
   </keywordSet>
   <additionalInfo><section><title>Relevant URLs</title>
<para><orderedlist><listitem><para>
Photos of Mice) 
URL=http://www.vcrlter.virginia.edu/photos/fotomice.html
</para></listitem>
</orderedlist>
</para>
</section>

   </additionalInfo>
   <intellectualRights><section><title>Data License</title>
                <para>Data and documentation is copyrighted by The Virginia Coast Reserve LTER
                    project of the University of Virginia (UVA), and ownership remains with the UVA.</para>
                <para>The UVA grants you (hereafter, Licensee) a license to use the data and
                    documentation for academic, and research purposes only, without a fee.</para>
                <para>Licensee may make derivative works. However, if Licensee distributes any
                    derivative work based on or derived from the data and documentation, then
                    Licensee will</para>
                <para><orderedlist><listitem><para>notify the VCR/LTER designated contact (typically the investigator
                                who collected the data) regarding its distribution of the derivative
                                work, and</para>
                        </listitem>
                        <listitem><para>clearly notify users that such derivative work is a modified
                                version and not the original data and documentation distributed by
                                the UVA.</para>
                        </listitem>
                        <listitem><para>acknowledge the support of NSF Grants BSR-8702333-06, DEB-9211772,
                                DEB-9411974 and DEB-0080381 in any publications using the data and documentation.</para>
                        </listitem>
                        <listitem><para>send to the address, above, two reprints of any publications
                                resulting from use of the data and documentation. </para>
                        </listitem>
                    </orderedlist>
                </para>
                <para>Any Licensee wishing to make commercial use of the data and documentation
                    should contact the UVA, c/o VCR/LTER, to negotiate an appropriate license for
                    such commercial use. Commercial use includes</para>
                <para><orderedlist><listitem><para>integration of all or part of the data and documentation into a
                                product for sale or license by or on behalf of Licensee to third
                                parties, or</para>
                        </listitem>
                        <listitem><para> distribution of the data or documentation to third parties that
                                need it to utilize a commercial product sold or licensed by or on
                                behalf of Licensee.</para>
                        </listitem>
                    </orderedlist>
                </para>
                <para><emphasis>UVA MAKES NO REPRESENTATIONS ABOUT THE SUITABILITY OF THIS DATA AND
                        DOCUMENTATION FOR ANY PURPOSE. IT IS PROVIDED "AS IS" WITHOUT EXPRESS OR
                        IMPLIED WARRANTY. THE UVA SHALL NOT BE LIABLE FOR ANY DAMAGES SUFFERED BY
                        THE USERS OF THIS DATA AND DOCUMENTATION.</emphasis>
                </para>
                <para>By using or copying this data and documentation, Licensee agrees to abide by
                    the copyright law and all other applicable laws of the U.S. including, but not
                    limited to, export control laws, and the terms of this license. UVA shall have
                    the right to terminate this license immediately by written notice upon
                    Licensee's breach of, or non-compliance with, any of its terms. Licensee may be
                    held legally responsible for any copyright infringement that is caused or
                    encouraged by Licensee's failure to abide by the terms of this license. </para>
            </section>
      <section><title>Additional Conditions:</title>

  <section><para>
The originators (authors) of this data require that you contact
them to discuss co-authorship on any publications resulting from
use of this data. </para>
  </section>
      </section>
   </intellectualRights>
   <distribution><online><url>http://www.vcrlter.virginia.edu/cgi-bin/w3-msql2/data/query/datasets/show_data.html?QDATA_ID=VCR97038</url>
      </online>
   </distribution>
   <coverage><geographicCoverage><geographicDescription>Barrier Island - Barrier Island</geographicDescription>
         <boundingCoordinates><westBoundingCoordinate>-75.650000</westBoundingCoordinate>
            <eastBoundingCoordinate>-75.730000</eastBoundingCoordinate>
            <northBoundingCoordinate>37.460000</northBoundingCoordinate>
            <southBoundingCoordinate>37.370000</southBoundingCoordinate>
         </boundingCoordinates>
      </geographicCoverage>
      <geographicCoverage><geographicDescription>Hog Island Transect 4 - Hog Island Transect 4</geographicDescription>
         <boundingCoordinates><westBoundingCoordinate>-75.69555401802063</westBoundingCoordinate>
            <eastBoundingCoordinate>-75.69555401802063</eastBoundingCoordinate>
            <northBoundingCoordinate>37.40713618303818</northBoundingCoordinate>
            <southBoundingCoordinate>37.40713618303818</southBoundingCoordinate>
         </boundingCoordinates>
      </geographicCoverage>
      <geographicCoverage><geographicDescription>Hog Island Transect 1 - Hog Island Transect 1</geographicDescription>
         <boundingCoordinates><westBoundingCoordinate>-75.66464424133301</westBoundingCoordinate>
            <eastBoundingCoordinate>-75.66464424133301</eastBoundingCoordinate>
            <northBoundingCoordinate>37.450808921563045</northBoundingCoordinate>
            <southBoundingCoordinate>37.450808921563045</southBoundingCoordinate>
         </boundingCoordinates>
      </geographicCoverage>
      <geographicCoverage><geographicDescription>Hog Island Transect 5 - Hog Island Transect 5</geographicDescription>
         <boundingCoordinates><westBoundingCoordinate>-76</westBoundingCoordinate>
            <eastBoundingCoordinate>-75.3</eastBoundingCoordinate>
            <northBoundingCoordinate>38</northBoundingCoordinate>
            <southBoundingCoordinate>37</southBoundingCoordinate>
            <boundingAltitudes><altitudeMinimum>-2</altitudeMinimum>
               <altitudeMaximum>10</altitudeMaximum>
               <altitudeUnits>meter</altitudeUnits>
            </boundingAltitudes>
         </boundingCoordinates>
      </geographicCoverage>
      <temporalCoverage><rangeOfDates><beginDate><calendarDate>1989-08-05</calendarDate>
            </beginDate>
            <endDate><calendarDate>2004-11-17</calendarDate>
            </endDate>
         </rangeOfDates>
      </temporalCoverage>
   </coverage>
   <maintenance><description><para>Data are updated as needed</para>
      </description>
      <maintenanceUpdateFrequency>asNeeded</maintenanceUpdateFrequency>
   </maintenance>
   <contact><individualName><givenName>John</givenName>
         <surName>Porter</surName>
      </individualName>
      <address><deliveryPoint>UVA, Department of Environmental Sciences, 291 McCormick Road, P.O. Box 400123</deliveryPoint>
         <city>Charlottesville</city>
         <administrativeArea>VA</administrativeArea>
         <postalCode>22903-4123</postalCode>
         <country>USA</country>
      </address>
      <phone phonetype="voice">434-924-8999</phone>
      <phone phonetype="facsimile">434-982-2137</phone>
      <electronicMailAddress>jhp7e@virginia.edu</electronicMailAddress>
   </contact>
   <contact id="im">
      <positionName>Information manager - Virginia Coast Reserve Long-Term Ecological Research Project</positionName>
      <address><deliveryPoint>Department of Environmental Sciences, University of Virginia, 291 McCormick Road, PO Box 400123</deliveryPoint>
         <city>Charlottesville</city>
         <administrativeArea>VA</administrativeArea>
         <postalCode>22904-4123</postalCode>
         <country>USA</country>
      </address>
      <phone phonetype="voice">434-924-8999</phone>
      <phone phonetype="facsimile">434-982-2137</phone>
      <electronicMailAddress>jporter@lternet.edu</electronicMailAddress>
      <onlineUrl>http://www.vcrlter.virginia.edu/jhp7e.html</onlineUrl>
   </contact>
   <publisher><organizationName>Virginia Coast Reserve Long-Term Ecological Research Project</organizationName>
      <address><deliveryPoint>Department of Environmental Sciences, University of Virginia, 291 McCormick Road, PO Box 400123</deliveryPoint>
         <city>Charlottesville</city>
         <administrativeArea>VA</administrativeArea>
         <postalCode>22904-4123</postalCode>
         <country>USA</country>
      </address>
      <phone phonetype="voice">434-924-7761</phone>
      <phone phonetype="facsimile">434-982-2137</phone>
      <onlineUrl>http://www.vcrlter.virginia.edu</onlineUrl>
   </publisher>
   <pubPlace>Charlottesville, Virginia</pubPlace>
   <methods><methodStep><description><section><para><emphasis>This section contains methods for the general project.</emphasis>
 Live-trapping grids will be established at locations near the
permanent transects on Hog Island. Replicate grids will be located
in different habitats (sparse grassland, dense grassland,
shrubland, and saltmarsh). Grids will consist of 25 Sherman
live-traps traps arranged in a 5x5 grid with 10 m spacing.</para>
    <para>Mice (Mus musculus) and rats (Oryzomys palustris) will be
eartagged with individually numbered tags, weighed and examined to
assess reproductive condition.</para>
    <para>Trapping will be conducted seasonally, between one and four
trapping sessions per season. Each trapping session will consist of
a minimum of three nights of trapping, with traps being checked
once each morning. As time permits, some grids will be trapped more
intensively and/or expanded spatially so that more detailed
demographic information can be obtained.</para>
    <para><emphasis>This section contains a progress report on the general
project.</emphasis>
    </para>
    <para>04/15/90:</para>
    <para>Live-trapping transects were established along four of the five
permanent transects (1, 2, 4 and 5) on Hog Island. Traps were
located every 12.5m along the transect and alternately offset from
the center of the transect (to minimize the effects of the path) by
4m. This yielded an inter-trap distance of 15 m. One Sherman live
trap was placed at each station and baited with peanut butter.
Trapping was conducted according to the following schedule:</para>
    <para>Date(number of nights) Transect No.Sta 8/05/89 8/15/89 8/18/89
3/4/90</para>
    <para>T1 78 6 0 0 3</para>
    <para>T2 82 6 0 0 3</para>
    <para>T4 23 0 0 6 0</para>
    <para>T5 30 4 4 6 0</para>
    <para>Trapping of T1 yielded 3 species (Mus musculus [23 captures of
21 individuals], Oryzomys palustris [101 captures of 65
individuals] and Rattus norvegicus [one capture]). The summer
trapping revealed high densities (74 individuals overall, 73% O.p.)
whereas the spring trapping yielded only 15 individuals (79% O.p.,
14% M.m., 7% R.n.). T2 showed a stronger seasonal effect with a
decline from 75 individuals in August to only 8 in March. There
were recaptures (each of a single individual) in March of
individuals tagged in August on both T1 and T2.</para>
    <para>The southern transects T4 and T5 were trapped only in August
1989. T4 had 20 individuals (50% O.p., 50% M.m.) and T5 had 32
individuals (47% O.p., 53% M.m.).</para>
  </section>
         </description>
      </methodStep>
   </methods>
   <project><title>Small mammal population and community ecology</title>
      <personnel><individualName><salutation>Dr.</salutation>
            <givenName>Raymond</givenName>
            <surName>Dueser</surName>
         </individualName>
         <address><deliveryPoint>Utah State University, College of Natural Resources</deliveryPoint>
            <city>Logan</city>
            <administrativeArea>UT</administrativeArea>
            <postalCode>84322-5210</postalCode>
         </address>
         <phone phonetype="voice">(435) 797-2445</phone>
         <electronicMailAddress>dueser@cc.usu.edu</electronicMailAddress>
         <role>originator</role>
      </personnel>
      <abstract><section><para>Variability, both temporal and spatial, is the hallmark of small
mammal populations. At high densities small mammals can have
significant impacts on vegetation and predator distributions. The
goals of this project are to determine:</para>
    <para>1) the relative magnitude of spatial and temporal variability in
small mammal density, 2) the influences of habitat on population
density and how that relationship may vary over time, and 3) the
relationship between habitat stability and population
stability.</para>
    <para>Long-term monitoring of population density and community
composition across a range of habitats will be required, with
density measurements made at least seasonally. Although this
project does not directly deal with herbivory and predation, it
will provide the background information for studying those
processes in the future.</para>
  </section>
      </abstract>
   </project>
   <access authSystem="knb">
      <allow><principal>public</principal>
         <permission>read</permission>
      </allow>
      <allow><principal>uid=VCR,o=lter,dc=ecoinformatics,dc=org</principal>
         <permission>all</permission>
      </allow>
   </access>
   <dataTable><entityName>VCR97038</entityName>
      <entityDescription>Hog Island Small-Mammal Trapping</entityDescription>
      <physical><objectName>VCR97038</objectName>
         <characterEncoding>ASCII</characterEncoding>
         <dataFormat><textFormat><attributeOrientation>column</attributeOrientation>
               <complex><textFixed>
<!-- format for attribute SITE -->
                     <fieldWidth>3</fieldWidth>
                     <lineNumber>1</lineNumber>
                     <fieldStartColumn>1</fieldStartColumn>
                  </textFixed>
                  <textFixed>
<!-- format for attribute MONTH -->
                     <fieldWidth>2</fieldWidth>
                     <lineNumber>1</lineNumber>
                     <fieldStartColumn>4</fieldStartColumn>
                  </textFixed>
                  <textFixed>
<!-- format for attribute DAY -->
                     <fieldWidth>2</fieldWidth>
                     <lineNumber>1</lineNumber>
                     <fieldStartColumn>7</fieldStartColumn>
                  </textFixed>
                  <textFixed>
<!-- format for attribute YEAR -->
                     <fieldWidth>2</fieldWidth>
                     <lineNumber>1</lineNumber>
                     <fieldStartColumn>10</fieldStartColumn>
                  </textFixed>
                  <textFixed>
<!-- format for attribute TRAPDAY -->
                     <fieldWidth>2</fieldWidth>
                     <lineNumber>1</lineNumber>
                     <fieldStartColumn>12</fieldStartColumn>
                  </textFixed>
                  <textFixed>
<!-- format for attribute TAG -->
                     <fieldWidth>6</fieldWidth>
                     <lineNumber>1</lineNumber>
                     <fieldStartColumn>15</fieldStartColumn>
                  </textFixed>
                  <textFixed>
<!-- format for attribute SPECIES -->
                     <fieldWidth>2</fieldWidth>
                     <lineNumber>1</lineNumber>
                     <fieldStartColumn>21</fieldStartColumn>
                  </textFixed>
                  <textFixed>
<!-- format for attribute FATE -->
                     <fieldWidth>1</fieldWidth>
                     <lineNumber>1</lineNumber>
                     <fieldStartColumn>24</fieldStartColumn>
                  </textFixed>
                  <textFixed>
<!-- format for attribute SEX -->
                     <fieldWidth>1</fieldWidth>
                     <lineNumber>1</lineNumber>
                     <fieldStartColumn>26</fieldStartColumn>
                  </textFixed>
                  <textFixed>
<!-- format for attribute TESTES -->
                     <fieldWidth>1</fieldWidth>
                     <lineNumber>1</lineNumber>
                     <fieldStartColumn>28</fieldStartColumn>
                  </textFixed>
                  <textFixed>
<!-- format for attribute VAGINA -->
                     <fieldWidth>1</fieldWidth>
                     <lineNumber>1</lineNumber>
                     <fieldStartColumn>30</fieldStartColumn>
                  </textFixed>
                  <textFixed>
<!-- format for attribute NIPPLES -->
                     <fieldWidth>1</fieldWidth>
                     <lineNumber>1</lineNumber>
                     <fieldStartColumn>32</fieldStartColumn>
                  </textFixed>
                  <textFixed>
<!-- format for attribute PREGNANT -->
                     <fieldWidth>1</fieldWidth>
                     <lineNumber>1</lineNumber>
                     <fieldStartColumn>34</fieldStartColumn>
                  </textFixed>
                  <textFixed>
<!-- format for attribute MASS -->
                     <fieldWidth>4</fieldWidth>
                     <lineNumber>1</lineNumber>
                     <fieldStartColumn>35</fieldStartColumn>
                  </textFixed>
                  <textFixed>
<!-- format for attribute STATION -->
                     <fieldWidth>5</fieldWidth>
                     <lineNumber>1</lineNumber>
                     <fieldStartColumn>39</fieldStartColumn>
                  </textFixed>
                  <textFixed>
<!-- format for attribute CAPNUM -->
                     <fieldWidth>3</fieldWidth>
                     <lineNumber>1</lineNumber>
                     <fieldStartColumn>44</fieldStartColumn>
                  </textFixed>
                  <textFixed>
<!-- format for attribute SEASON -->
                     <fieldWidth>7</fieldWidth>
                     <lineNumber>1</lineNumber>
                     <fieldStartColumn>48</fieldStartColumn>
                  </textFixed>
               </complex>
            </textFormat>
         </dataFormat>
      </physical>
      <attributeList><attribute id="VCR97038.SITE">
            <attributeName>SITE</attributeName>
            <attributeLabel>Transect or Grid</attributeLabel>
            <attributeDefinition>SITE - Transect or Grid</attributeDefinition>
            <storageType typeSystem="http://www.w3.org/2001/XMLSchema-datatypes">string</storageType>
            <measurementScale><nominal><nonNumericDomain><textDomain><definition>Transect or Grid</definition>
                     </textDomain>
                  </nonNumericDomain>
               </nominal>
            </measurementScale>
         </attribute>
         <attribute id="VCR97038.MONTH">
            <attributeName>MONTH</attributeName>
            <attributeLabel>Month of start of trapping session</attributeLabel>
            <attributeDefinition>MONTH - Month of start of trapping session</attributeDefinition>
            <storageType typeSystem="http://www.w3.org/2001/XMLSchema-datatypes">integer</storageType>
            <measurementScale><interval><unit><customUnit>none</customUnit>
                  </unit>
                  <numericDomain><numberType>integer</numberType>
                     <bounds><minimum exclusive="false">1</minimum>
                        <maximum exclusive="false">12</maximum>
                     </bounds>
                  </numericDomain>
               </interval>
            </measurementScale>
         </attribute>
         <attribute id="VCR97038.DAY">
            <attributeName>DAY</attributeName>
            <attributeLabel>Day of start of trapping session</attributeLabel>
            <attributeDefinition>DAY - Day of start of trapping session</attributeDefinition>
            <storageType typeSystem="http://www.w3.org/2001/XMLSchema-datatypes">integer</storageType>
            <measurementScale><interval><unit><customUnit>none</customUnit>
                  </unit>
                  <numericDomain><numberType>integer</numberType>
                     <bounds><minimum exclusive="false">1</minimum>
                        <maximum exclusive="false">31</maximum>
                     </bounds>
                  </numericDomain>
               </interval>
            </measurementScale>
         </attribute>
         <attribute id="VCR97038.YEAR">
            <attributeName>YEAR</attributeName>
            <attributeLabel>Year of start for trapping session</attributeLabel>
            <attributeDefinition>YEAR - Year of start for trapping session</attributeDefinition>
            <storageType typeSystem="http://www.w3.org/2001/XMLSchema-datatypes">integer</storageType>
            <measurementScale><interval><unit><customUnit>none</customUnit>
                  </unit>
                  <numericDomain><numberType>integer</numberType>
                     <bounds><minimum exclusive="false">0</minimum>
                        <maximum exclusive="false">99</maximum>
                     </bounds>
                  </numericDomain>
               </interval>
            </measurementScale>
         </attribute>
         <attribute id="VCR97038.TRAPDAY">
            <attributeName>TRAPDAY</attributeName>
            <attributeLabel>Trap Day within trapping session</attributeLabel>
            <attributeDefinition>TRAPDAY - Trap Day within trapping session</attributeDefinition>
            <storageType typeSystem="http://www.w3.org/2001/XMLSchema-datatypes">integer</storageType>
            <measurementScale><interval><unit><customUnit>days</customUnit>
                  </unit>
                  <numericDomain><numberType>integer</numberType>
                     <bounds><minimum exclusive="false">1</minimum>
                     </bounds>
                  </numericDomain>
               </interval>
            </measurementScale>
            <missingValueCode><code>0</code>
               <codeExplanation>missing</codeExplanation>
            </missingValueCode>
         </attribute>
         <attribute id="VCR97038.TAG">
            <attributeName>TAG</attributeName>
            <attributeLabel>Eartag Number</attributeLabel>
            <attributeDefinition>TAG - Eartag Number</attributeDefinition>
            <storageType typeSystem="http://www.w3.org/2001/XMLSchema-datatypes">string</storageType>
            <measurementScale><nominal><nonNumericDomain><textDomain><definition>Eartag Number</definition>
                     </textDomain>
                  </nonNumericDomain>
               </nominal>
            </measurementScale>
         </attribute>
         <attribute id="VCR97038.SPECIES">
            <attributeName>SPECIES</attributeName>
            <attributeLabel>Species</attributeLabel>
            <attributeDefinition>SPECIES - Species</attributeDefinition>
            <storageType typeSystem="http://www.w3.org/2001/XMLSchema-datatypes">integer</storageType>
            <measurementScale><nominal><nonNumericDomain><enumeratedDomain enforced="yes">
                        <codeDefinition><code>1</code>
                           <definition>Cryptotis parva (least shrew)</definition>
                        </codeDefinition>
                        <codeDefinition><code>2</code>
                           <definition>Mus musculus (house mouse)</definition>
                        </codeDefinition>
                        <codeDefinition><code>3</code>
                           <definition>Microtus pennsylvanicus (meadow vole)</definition>
                        </codeDefinition>
                        <codeDefinition><code>4</code>
                           <definition>Oryzomys palustris (rice rat)</definition>
                        </codeDefinition>
                        <codeDefinition><code>5</code>
                           <definition>Peromyscus leucopus (white-footed mouse)</definition>
                        </codeDefinition>
                        <codeDefinition><code>6</code>
                           <definition>Rattus norvegicus (Norway rat)</definition>
                        </codeDefinition>
                        <codeDefinition><code>7</code>
                           <definition>Zapus hudsonius (meadow jumping mouse)</definition>
                        </codeDefinition>
                        <codeDefinition><code>8</code>
                           <definition>Blarina brevicauda (short-tailed shrew)</definition>
                        </codeDefinition>
                     </enumeratedDomain>
                  </nonNumericDomain>
               </nominal>
            </measurementScale>
         </attribute>
         <attribute id="VCR97038.FATE">
            <attributeName>FATE</attributeName>
            <attributeLabel>Fate</attributeLabel>
            <attributeDefinition>FATE - Fate</attributeDefinition>
            <storageType typeSystem="http://www.w3.org/2001/XMLSchema-datatypes">integer</storageType>
            <measurementScale><nominal><nonNumericDomain><enumeratedDomain enforced="yes">
                        <codeDefinition><code>1</code>
                           <definition>new tag</definition>
                        </codeDefinition>
                        <codeDefinition><code>2</code>
                           <definition>recapture - previously tagged</definition>
                        </codeDefinition>
                        <codeDefinition><code>3</code>
                           <definition>new tag, removed</definition>
                        </codeDefinition>
                        <codeDefinition><code>4</code>
                           <definition>recapture, removed</definition>
                        </codeDefinition>
                        <codeDefinition><code>5</code>
                           <definition>recapture, changed grid or transect</definition>
                        </codeDefinition>
                        <codeDefinition><code>6</code>
                           <definition>new tag, dead</definition>
                        </codeDefinition>
                        <codeDefinition><code>7</code>
                           <definition>recapture, dead</definition>
                        </codeDefinition>
                     </enumeratedDomain>
                  </nonNumericDomain>
               </nominal>
            </measurementScale>
            <missingValueCode><code>9</code>
               <codeExplanation>missing</codeExplanation>
            </missingValueCode>
            <missingValueCode><code>99</code>
               <codeExplanation>missing</codeExplanation>
            </missingValueCode>
         </attribute>
         <attribute id="VCR97038.SEX">
            <attributeName>SEX</attributeName>
            <attributeLabel>Sex</attributeLabel>
            <attributeDefinition>SEX - Sex</attributeDefinition>
            <storageType typeSystem="http://www.w3.org/2001/XMLSchema-datatypes">integer</storageType>
            <measurementScale><nominal><nonNumericDomain><enumeratedDomain enforced="yes">
                        <codeDefinition><code>1</code>
                           <definition>Male</definition>
                        </codeDefinition>
                        <codeDefinition><code>2</code>
                           <definition>Female</definition>
                        </codeDefinition>
                     </enumeratedDomain>
                  </nonNumericDomain>
               </nominal>
            </measurementScale>
            <missingValueCode><code>9</code>
               <codeExplanation>missing</codeExplanation>
            </missingValueCode>
            <missingValueCode><code>3</code>
               <codeExplanation>missing</codeExplanation>
            </missingValueCode>
         </attribute>
         <attribute id="VCR97038.TESTES">
            <attributeName>TESTES</attributeName>
            <attributeLabel>Condition of Testes</attributeLabel>
            <attributeDefinition>TESTES - Condition of Testes</attributeDefinition>
            <storageType typeSystem="http://www.w3.org/2001/XMLSchema-datatypes">integer</storageType>
            <measurementScale><nominal><nonNumericDomain><enumeratedDomain enforced="yes">
                        <codeDefinition><code>1</code>
                           <definition>abdominal</definition>
                        </codeDefinition>
                        <codeDefinition><code>2</code>
                           <definition>inguinal</definition>
                        </codeDefinition>
                        <codeDefinition><code>3</code>
                           <definition>scrotal</definition>
                        </codeDefinition>
                     </enumeratedDomain>
                  </nonNumericDomain>
               </nominal>
            </measurementScale>
         </attribute>
         <attribute id="VCR97038.VAGINA">
            <attributeName>VAGINA</attributeName>
            <attributeLabel>Condition of vagina</attributeLabel>
            <attributeDefinition>VAGINA - Condition of vagina</attributeDefinition>
            <storageType typeSystem="http://www.w3.org/2001/XMLSchema-datatypes">integer</storageType>
            <measurementScale><nominal><nonNumericDomain><enumeratedDomain enforced="yes">
                        <codeDefinition><code>1</code>
                           <definition>closed</definition>
                        </codeDefinition>
                        <codeDefinition><code>2</code>
                           <definition>open</definition>
                        </codeDefinition>
                     </enumeratedDomain>
                  </nonNumericDomain>
               </nominal>
            </measurementScale>
         </attribute>
         <attribute id="VCR97038.NIPPLES">
            <attributeName>NIPPLES</attributeName>
            <attributeLabel>Size of Nipples</attributeLabel>
            <attributeDefinition>NIPPLES - Size of Nipples</attributeDefinition>
            <storageType typeSystem="http://www.w3.org/2001/XMLSchema-datatypes">integer</storageType>
            <measurementScale><nominal><nonNumericDomain><enumeratedDomain enforced="yes">
                        <codeDefinition><code>1</code>
                           <definition>small or absent</definition>
                        </codeDefinition>
                        <codeDefinition><code>2</code>
                           <definition>visible</definition>
                        </codeDefinition>
                        <codeDefinition><code>3</code>
                           <definition>lactating</definition>
                        </codeDefinition>
                     </enumeratedDomain>
                  </nonNumericDomain>
               </nominal>
            </measurementScale>
            <missingValueCode><code>9</code>
               <codeExplanation>missing</codeExplanation>
            </missingValueCode>
         </attribute>
         <attribute id="VCR97038.PREGNANT">
            <attributeName>PREGNANT</attributeName>
            <attributeLabel>Is animal Pregnant</attributeLabel>
            <attributeDefinition>PREGNANT - Is animal Pregnant</attributeDefinition>
            <storageType typeSystem="http://www.w3.org/2001/XMLSchema-datatypes">integer</storageType>
            <measurementScale><nominal><nonNumericDomain><enumeratedDomain enforced="yes">
                        <codeDefinition><code>0</code>
                           <definition>not pregnant</definition>
                        </codeDefinition>
                        <codeDefinition><code>1</code>
                           <definition>pregnant</definition>
                        </codeDefinition>
                     </enumeratedDomain>
                  </nonNumericDomain>
               </nominal>
            </measurementScale>
            <missingValueCode><code>9</code>
               <codeExplanation>missing</codeExplanation>
            </missingValueCode>
            <method><methodStep><description><section><para>
External inspection - distended abdomen </para>
  </section>
                  </description>
               </methodStep>
            </method>
         </attribute>
         <attribute id="VCR97038.MASS">
            <attributeName>MASS</attributeName>
            <attributeLabel>Body Mass</attributeLabel>
            <attributeDefinition>MASS - Body Mass</attributeDefinition>
            <storageType typeSystem="http://www.w3.org/2001/XMLSchema-datatypes">integer</storageType>
            <measurementScale><interval><unit><customUnit>g</customUnit>
                  </unit>
                  <numericDomain><numberType>integer</numberType>
                     <bounds><minimum exclusive="false">1</minimum>
                        <maximum exclusive="false">500</maximum>
                     </bounds>
                  </numericDomain>
               </interval>
            </measurementScale>
            <missingValueCode><code>9999</code>
               <codeExplanation>missing</codeExplanation>
            </missingValueCode>
            <missingValueCode><code>0</code>
               <codeExplanation>missing</codeExplanation>
            </missingValueCode>
            <missingValueCode><code>999</code>
               <codeExplanation>missing</codeExplanation>
            </missingValueCode>
         </attribute>
         <attribute id="VCR97038.STATION">
            <attributeName>STATION</attributeName>
            <attributeLabel>Station number for trap location</attributeLabel>
            <attributeDefinition>STATION - Station number for trap location</attributeDefinition>
            <storageType typeSystem="http://www.w3.org/2001/XMLSchema-datatypes">integer</storageType>
            <measurementScale><interval><unit><customUnit>none</customUnit>
                  </unit>
                  <numericDomain><numberType>integer</numberType>
                     <bounds><minimum exclusive="false">1</minimum>
                        <maximum exclusive="false">110</maximum>
                     </bounds>
                  </numericDomain>
               </interval>
            </measurementScale>
            <missingValueCode><code>0</code>
               <codeExplanation>missing</codeExplanation>
            </missingValueCode>
            <method><methodStep><description><section><para>
Traps were located every 12.5 meters along the transect. Transects
are normal to the coastline. Trap numbers are lowest at the beach
end of the transect and increase towards the marsh/bay side of the
island. </para>
    <para>The number of traps on each transect varies with the width of
the island. There are approximately 80 traps on T1 &amp; T2
(numbers vary due to erosion on the beach and inland flooding),
approximately 22 traps on T4 and 32 traps on T5.</para>
  </section>
                  </description>
               </methodStep>
            </method>
         </attribute>
         <attribute id="VCR97038.CAPNUM">
            <attributeName>CAPNUM</attributeName>
            <attributeLabel>Within Session Capture Number</attributeLabel>
            <attributeDefinition>CAPNUM - Within Session Capture Number</attributeDefinition>
            <storageType typeSystem="http://www.w3.org/2001/XMLSchema-datatypes">integer</storageType>
            <measurementScale><interval><unit><customUnit>none</customUnit>
                  </unit>
                  <numericDomain><numberType>integer</numberType>
                     <bounds><minimum exclusive="false">1</minimum>
                        <maximum exclusive="false">4</maximum>
                     </bounds>
                  </numericDomain>
               </interval>
            </measurementScale>
            <method><methodStep><description><section><para>
Each individual animal may be captured several times in each
trapping session. This variable keeps track of those captures. It
can be easily used to distinguish the total number of captures in a
session from the total number of individuals captured in a session
by selecting only capture number equals 1. </para>
  </section>
                  </description>
               </methodStep>
            </method>
         </attribute>
         <attribute id="VCR97038.SEASON">
            <attributeName>SEASON</attributeName>
            <attributeLabel>Season of trapping</attributeLabel>
            <attributeDefinition>SEASON - Season of trapping</attributeDefinition>
            <storageType typeSystem="http://www.w3.org/2001/XMLSchema-datatypes">string</storageType>
            <measurementScale><nominal><nonNumericDomain><textDomain><definition>Season of trapping</definition>
                     </textDomain>
                  </nonNumericDomain>
               </nominal>
            </measurementScale>
         </attribute>
      </attributeList>
   </dataTable>

</dataset>
<additionalMetadata><stmml:unitList><stmml:unit id="none"/>
      <stmml:unit id="days"/>
      <stmml:unit id="g"/>
   </stmml:unitList>

</additionalMetadata>

</eml:eml>