<collection xmlns="http://exist.sourceforge.net/NS/exist" name="/db/projects/data/cap" owner="projectDBuser" group="projectDB" mode="774" created="2009-04-24T14:37:01-04:00" version="1">
    <resource type="XMLResource" name="p10_1.xml" owner="admin" group="dba" mode="755" created="2009-03-25T11:38:22-04:00" modified="2009-04-30T17:16:27-04:00" filename="p10_1.xml" mimetype="text/xml"/>
    <resource type="XMLResource" name="p3_1.xml" owner="admin" group="dba" mode="755" created="2009-03-25T11:37:28-04:00" modified="2009-04-30T17:16:44-04:00" filename="p3_1.xml" mimetype="text/xml"/>
    <resource type="XMLResource" name="p4_1.xml" owner="admin" group="dba" mode="755" created="2009-03-25T11:37:28-04:00" modified="2009-04-30T17:16:56-04:00" filename="p4_1.xml" mimetype="text/xml"/>
    <resource type="XMLResource" name="p5_1.xml" owner="admin" group="dba" mode="755" created="2009-03-25T11:37:28-04:00" modified="2009-04-30T17:17:16-04:00" filename="p5_1.xml" mimetype="text/xml"/>
    <resource type="XMLResource" name="p6_1.xml" owner="admin" group="dba" mode="755" created="2009-03-25T11:37:28-04:00" modified="2009-04-30T17:17:31-04:00" filename="p6_1.xml" mimetype="text/xml"/>
    <resource type="XMLResource" name="p7_1.xml" owner="admin" group="dba" mode="755" created="2009-03-25T11:37:28-04:00" modified="2009-04-30T17:15:02-04:00" filename="p7_1.xml" mimetype="text/xml"/>
    <resource type="XMLResource" name="p8_1.xml" owner="admin" group="dba" mode="755" created="2009-03-25T11:37:28-04:00" modified="2009-05-01T18:09:23-04:00" filename="p8_1.xml" mimetype="text/xml"/>
    <resource type="XMLResource" name="p9_1.xml" owner="admin" group="dba" mode="755" created="2009-03-25T11:38:22-04:00" modified="2009-04-30T17:42:07-04:00" filename="p9_1.xml" mimetype="text/xml"/>
</collection>