<?xml version="1.0" encoding="UTF-8"?>
<lter:researchProject xmlns:lter="eml://ecoinformatics.org/lter-project-2.1.0" xmlns:xsi="http://www.w3.org/2001/XMLSchema-instance" id="knb-lter-cap.p10.1" scope="system" system="knb" xsi:schemaLocation="eml://ecoinformatics.org/lter-project-2.1.0 http://caplter.asu.edu/eml2_1_0/projectEML/lter-project.xsd">
  <alternateIdentifier>p10_1</alternateIdentifier>
  <title>Longterm monitoring of ground arthropod biodiversity</title>
  <creator><individualName><givenName>Stevan</givenName>
      <surName>Earl</surName>
    </individualName>
  </creator>
  <creator><individualName><givenName>Stanley</givenName>
      <surName>Faeth</surName>
    </individualName>
  </creator>
  <metadataProvider><positionName>Information Manager</positionName>
    <address><deliveryPoint>Global Institute of Sustainability</deliveryPoint>
            <deliveryPoint>Arizona State University</deliveryPoint>
            <deliveryPoint>POB 875402</deliveryPoint>
            <city>Tempe</city>
            <postalCode>85287-5402</postalCode>
            <country>USA</country>
        </address>
    <phone phonetype="voice">(480) 727 7860</phone>
    <phone phonetype="fax">(480) 965-8087</phone>
    <electronicMailAddress>caplter.data@asu.edu</electronicMailAddress>
  </metadataProvider>
  <associatedParty><individualName><givenName>Richard</givenName>
      <surName>Cassalata</surName>
    </individualName>
    <role>undergraduate student</role>
    <temporalCoverage><rangeOfDates><beginDate><calendarDate>2000</calendarDate>
        </beginDate>
        <endDate><calendarDate>2004</calendarDate>
        </endDate>
      </rangeOfDates>
    </temporalCoverage>
  </associatedParty>
  <associatedParty><individualName><givenName>William</givenName>
      <surName>Cook</surName>
    </individualName>
    <role>post doc</role>
    <temporalCoverage><singleDateTime><calendarDate>2003</calendarDate>
      </singleDateTime>
    </temporalCoverage>
  </associatedParty>
  <associatedParty><individualName><givenName>Susan</givenName>
      <surName>Firely</surName>
    </individualName>
    <role>undergraduate student</role>
    <temporalCoverage><rangeOfDates><beginDate><calendarDate>2000</calendarDate>
        </beginDate>
        <endDate><calendarDate>2004</calendarDate>
        </endDate>
      </rangeOfDates>
    </temporalCoverage>
  </associatedParty>
  <associatedParty><individualName><givenName>Cyd</givenName>
      <surName>Hamilton</surName>
    </individualName>
    <role>undergraduate student</role>
    <temporalCoverage><rangeOfDates><beginDate><calendarDate>1998</calendarDate>
        </beginDate>
        <endDate><calendarDate>1998</calendarDate>
        </endDate>
      </rangeOfDates>
    </temporalCoverage>
  </associatedParty>
  <associatedParty><individualName><givenName>Marc</givenName>
      <surName>Hinze</surName>
    </individualName>
    <role>undergraduate student</role>
    <temporalCoverage><rangeOfDates><beginDate><calendarDate>1998</calendarDate>
        </beginDate>
        <endDate><calendarDate>1999</calendarDate>
        </endDate>
      </rangeOfDates>
    </temporalCoverage>
  </associatedParty>
  <associatedParty><individualName><givenName>Mark</givenName>
      <surName>Hostetler</surName>
    </individualName>
    <role>post doc</role>
    <temporalCoverage><rangeOfDates><beginDate><calendarDate>1998</calendarDate>
        </beginDate>
        <endDate><calendarDate>1998</calendarDate>
        </endDate>
      </rangeOfDates>
    </temporalCoverage>
  </associatedParty>
  <associatedParty><individualName><givenName>Peggy</givenName>
      <surName>Lindauer</surName>
    </individualName>
    <role>associated scientist</role>
    <temporalCoverage><rangeOfDates><beginDate><calendarDate>1998</calendarDate>
        </beginDate>
        <endDate><calendarDate>1998</calendarDate>
        </endDate>
      </rangeOfDates>
    </temporalCoverage>
  </associatedParty>
  <associatedParty><individualName><givenName>Nancy</givenName>
      <surName>McIntyre</surName>
    </individualName>
    <role>post doc</role>
    <temporalCoverage><rangeOfDates><beginDate><calendarDate>1998</calendarDate>
        </beginDate>
        <endDate><calendarDate>2000</calendarDate>
        </endDate>
      </rangeOfDates>
    </temporalCoverage>
  </associatedParty>
  <associatedParty><individualName><givenName>Mary</givenName>
      <surName>Nowicki</surName>
    </individualName>
    <role>undergraduate student</role>
    <temporalCoverage><rangeOfDates><beginDate><calendarDate>2000</calendarDate>
        </beginDate>
        <endDate><calendarDate>2004</calendarDate>
        </endDate>
      </rangeOfDates>
    </temporalCoverage>
  </associatedParty>
  <associatedParty><individualName><givenName>Jessamy</givenName>
      <surName>Rango</surName>
    </individualName>
    <role>graduate research assistant</role>
    <temporalCoverage><rangeOfDates><beginDate><calendarDate>1998</calendarDate>
        </beginDate>
        <endDate><calendarDate>2003</calendarDate>
        </endDate>
      </rangeOfDates>
    </temporalCoverage>
  </associatedParty>
  <associatedParty><individualName><givenName>Eyal</givenName>
      <surName>Shochat</surName>
    </individualName>
    <role>post doc</role>
    <temporalCoverage><singleDateTime><calendarDate>2000</calendarDate>
      </singleDateTime>
    </temporalCoverage>
  </associatedParty>
  <associatedParty><individualName><givenName>Maggie</givenName>
      <surName>Tseng</surName>
    </individualName>
    <role>technician</role>
    <temporalCoverage><singleDateTime><calendarDate>1998</calendarDate>
      </singleDateTime>
    </temporalCoverage>
  </associatedParty>
  <associatedParty><individualName><givenName>Sean</givenName>
      <surName>Walker</surName>
    </individualName>
    <role>undergraduate student</role>
    <temporalCoverage><rangeOfDates><beginDate><calendarDate>1998</calendarDate>
        </beginDate>
        <endDate><calendarDate>1999</calendarDate>
        </endDate>
      </rangeOfDates>
    </temporalCoverage>
  </associatedParty>
  <associatedParty><individualName><givenName>William</givenName>
      <surName>Fagan</surName>
    </individualName>
    <role>principal investigator</role>
    <temporalCoverage><rangeOfDates><beginDate><calendarDate>1998</calendarDate>
        </beginDate>
        <endDate><calendarDate>2003</calendarDate>
        </endDate>
      </rangeOfDates>
    </temporalCoverage>
  </associatedParty>
  <pubDate>2009</pubDate>
  <language>english</language>
  <abstract><section><para><literalLayout> Determine the diversity and abundance of ground dwelling arthropods in a
          number of key habitats across the CAP LTER study area and monitor long term changes over
          time. </literalLayout>
      </para>
    </section>
  </abstract>
  <keywordSet name="coreareas">
    <keyword>populations</keyword>
    <keyword>Human Control of Biodiversity</keyword>
    <keyword>long term</keyword>
  </keywordSet>
  <keywordSet name="sites">
    <keyword>CAP</keyword>
    <keyword>Central Arizona - Pheonix</keyword>
  </keywordSet>
  <keywordSet name="biome">
    <keyword>desert</keyword>
    <keyword>urban</keyword>
  </keywordSet>
  <keywordSet name="organizations">
    <keyword>CAP</keyword>
    <keyword>LTER</keyword>
    <keyword>NSF</keyword>
  </keywordSet>
  <keywordSet name="geography">
    <keyword>Arizona</keyword>
    <keyword>Phoenix metropolitan</keyword>
    <keyword>Pima County</keyword>
    <keyword>Maricopa County</keyword>
    <keyword>Salt River</keyword>
  </keywordSet>
  <keywordSet name="other">
    <keyword>arthropods</keyword>
    <keyword>insects</keyword>
  </keywordSet>
  <intellectualRights><section><para>Copyright Board of Regents, Arizona State University. This information is released to
        the public and may be used for academic, educational, or commercial purposes subject to the
        following restrictions:</para>
      <para><itemizedlist><listitem><para>While CAP LTER will make every effort possible to control and document the quality
              of the data it publishes, the data are made available 'as is'.</para>
          </listitem>
          <listitem><para>CAP LTER cannot assume responsibility for damages resulting from mis-use or
              mis-interpretation of datasets or from errors or omissions that may exist in the
              data.</para>
          </listitem>
          <listitem><para>It is considered a matter of professional ethics to acknowledge the work of other
              scientists that has resulted in data used in subsequent research.</para>
          </listitem>
          <listitem><para>CAP LTER expects that any use of data from this server will be accompanied with
              the appropriate citations and acknowledgments.</para>
          </listitem>
          <listitem><para>CAP LTER encourages users to contact the original investigator responsible for the
              data that they are accessing. Where appropriate, researchers whose projects are
              integrally dependent on CAP LTER data are encouraged to consider collaboration and/or
              co-authorship with original investigators.</para>
          </listitem>
          <listitem><para>CAP LTER requests that users submit to the Global Institute of Sustainability,
              ASU, one copy of any publication resulting from the use of data obtained from this
              site.</para>
          </listitem>
          <listitem><para>CAP LTER requests that users not redistribute data obtained from this site.
              However, links or references to this site may be freely posted.</para>
          </listitem>
        </itemizedlist>
      </para>
    </section>
  </intellectualRights>
  <distribution><online><url>http://caplter.asu.edu/home/projects/showProjectDetails.jsp?projectId=p10_1</url>
    </online>
  </distribution>
  <coverage><temporalCoverage><singleDateTime><calendarDate>1997</calendarDate>
      </singleDateTime>
    </temporalCoverage>
    <geographicCoverage><geographicDescription>Phoenix metropolitan area in Arizona, USA</geographicDescription>
      <boundingCoordinates><westBoundingCoordinate>-112.794316</westBoundingCoordinate>
        <eastBoundingCoordinate>-111.566698</eastBoundingCoordinate>
        <northBoundingCoordinate>33.838010</northBoundingCoordinate>
        <southBoundingCoordinate>33.198342</southBoundingCoordinate>
      </boundingCoordinates>
    </geographicCoverage>
  </coverage>
  <designDescription><description><section><para><literalLayout> Dry, unbaited pitfall trap sampling was chosen as the quickest, cheapest
            and most repeatable method with which to obtain a representative sample of the arthropod
            community over the long term. Traps containing and kill solutions were NOT used due the
            problems this posed with i) having toxic liquids in residential landscapes and also in
            desert parks with open access to the public, ii) the solution evaporating/becoming
            extremely concentrated during the hot summer months, which then makes extraction of the
            smaller invertebrates for id extremely difficult. </literalLayout>
        </para>
        <para><literalLayout> Initially pitfall sampling sites were set up at 16 sites throughout the
            Phoenix metro area. Sites were chosen to represent the 4 most abundant forms of urban
            land use andndash residential, industrial, agricultural and desert (together represent
            97% of land cover), with 4 replicate sites per type of land use. Residential sites were
            in the yards of single family homes; industrial sites were in the grounds of
            non-residential commercial structures (offices, warehouses), agricultural sites were in
            fields of the row crops cotton or alfalfa, while desert sites all had SonoranDesert
            vegetation. </literalLayout>
        </para>
        <para><literalLayout> At each site a line of 10 traps was installed in approx. flat areas,
            perpendicular to any slope so that they were flush with the ground surface, spaced 5m
            apart, in a straight line as much as possible. Traps consisted of two 500ml plastic
            (Dixie) cups stacked inside one another andndash the outer cup remaining in the ground
            while the inner one was removed for sampling. Traps were left open for 72 consecutive
            hours once a month. Trap contents were immediately preserved in 70% ethyl alcohol upon
            collection. Traps were closed with plastic lids when not in use. </literalLayout>
        </para>
        <para><literalLayout> Identifications have been done to Family for adult insects and spiders;
            other adult arthropods are identified to Order; juveniles and taxa whose primary means
            of locmotion is flight have been excluded from analysis because pitfall trapping is
            inappropriate for sampling these groups. Voucher specimens are housed in the School of
            Life Sciences at ASU. </literalLayout>
        </para>
      </section>
    </description>
  </designDescription>
  <reporting recipient="CAP Management" date="2005">
    <reportSection><sectionTitle>Research Question</sectionTitle>
      <sectionValue><section><para><literalLayout> Despite their global ubiquity, surprisingly little is known about how
              arthropods respond to urbanization, even though urbanization has been identified as
              one of the leading causes of declines in arthropod diversity and abundance. Although
              there have been some studies of specific taxa (primarily pest species) in urban
              settings, these studies were primarily concerned with focal insect species rather than
              entire arthropod assemblages. In this long-term study we examine how the ground
              arthropod community of the Sonoran Desert has changed as the Phoenix metropolitan area
              has grown and created a diversity of habitats for arthropods. </literalLayout>
          </para>
          <para><literalLayout> Urbanization may have a variety of effects on the local arthropod
              assemblages, based upon conversion of indigenous habitat to anthropogenic habitat. If
              arthropods respond to habitat structure, then we predicted differences in species
              assemblages among different forms of urban land use (residential, industrial,
              agricultural, and remnant desert), which differ in habitat structure. Communities in
              residential, industrial, and agricultural land were initially predicted to be subsets
              of desert (indigenous) communities. </literalLayout>
          </para>
          <para><literalLayout> We have sampled ground arthropods in metropolitan Phoenix using 500 ml
              pitfall traps. &#160;In 2004-5 arthropods were collected at 21 sites, on transects
              of ten traps each. &#160;Sites included the following landscape types:
              agriculture, commercial/industrial, residential mesic, residential xeric, desert
              parks, outlying desert. Traps were unbaited and left open for three days.&#160; In
              the laboratory specimens were sorted, identified (usually to family or genus) and
              stored in glass jars. </literalLayout>
          </para>
        </section>
      </sectionValue>
    </reportSection>
    <reportSection><sectionTitle>Findings</sectionTitle>
      <sectionValue><section><para><literalLayout> Continuing analysis in 2004-2005 of the long-term dataset revealed that
              irrigation seems to have a primary effect on the urban arthropod community.&#160;
              In recent years the two heavily irrigated landscape types (agricultural fields, mesic
              residential yards) have supported the largest number of arthropod taxa and the largest
              number of individuals.&#160; These two landscape types also featured the greatest
              number of taxa significantly associated (by indicator species analysis) primarily with
              one type, and stood apart from other types in ordination analyses.&#160; Desert
              sites and desert parks contained a common suite of taxa not found in other areas,
              although the overall taxon richness and abundance was low.&#160; Xeric residential
              yards and commercial sites had intermediate arthropod abundance, but no taxa were
              primarily associated with either landscape type.&#160; Overall, there two general
              patterns stood out in the data: 1) irrigated sites stood apart from the others in
              terms of abundance, richness and closely associated taxa, and 2) desert sites had low
              abundance but several taxa not found in urban sites, indicating that communities at
              non-irrigated urban sites do not resemble undisturbed desert communities.
            </literalLayout>
          </para>
        </section>
      </sectionValue>
    </reportSection>
    <reportSection><sectionTitle>Training</sectionTitle>
      <sectionValue><section><para><literalLayout> William Cook (postdoctoral research associate) has been the principal
              individual receiving training in 2004-2005. </literalLayout>
          </para>
        </section>
      </sectionValue>
    </reportSection>
    <reportSection><sectionTitle>Outreach</sectionTitle>
      <sectionValue><section><para><literalLayout> In 2004-2005 Stanley Faeth (PI), William Cook (postdoctoral research
              associate) and Diana Stuart (research technician) participated in a two-week workshop
              for secondary school teachers on arthropod biology. Teachers visited collection sites,
              participated in specimen identification, and used this experience to develop classroom
              lessons. </literalLayout>
          </para>
        </section>
      </sectionValue>
    </reportSection>
    <reportSection><sectionTitle>Plan for Next Year</sectionTitle>
      <sectionValue><section><para><literalLayout> In the 2005-2006 year, we will continue to make quarterly collections at
              the various study sites, and will continue to monitor how the urban arthropod
              community changes over time with continuing development of the city of Phoenix, and
              how it varies across space and landscape type. </literalLayout>
          </para>
        </section>
      </sectionValue>
    </reportSection>
  </reporting>
  <reporting recipient="CAP Management" date="2006">
    <reportSection><sectionTitle>Research Question</sectionTitle>
      <sectionValue><section><para><literalLayout> The major goal of this long-term monitoring project is to determine the
              patterns of ground arthropod diversity and abundances by various lands use types
              within the CAP LTER system. Since the inception of CAP LTER, we have sampled ground
              arthropods from replicates of six different land use types �?? desert, desert remnant,
              agricultural fields, industrial and mesic and xeric suburban yards throughout the
              greater Phoenix metropolitan area. </literalLayout>
          </para>
        </section>
      </sectionValue>
    </reportSection>
    <reportSection><sectionTitle>Findings</sectionTitle>
      <sectionValue><section><para><literalLayout> We are currently analyzing arthropod data. We have submitted a paper
              entitled "Irrigation drives ground arthropod community patterns in an urban desert'
              William M. Cook</literalLayout>
            <superscript> </superscript>
            <literalLayout>and Stanley H. Faeth</literalLayout>
            <superscript> </superscript>
            <literalLayout>to Environmental Entomology. In this paper, we report on more than two
              years of a long-term investigation of ground arthropods of Phoenix, Arizona (USA),
              focusing on the communities assembled in agricultural fields, commercial sites, mesic
              and xeric residential yards, desert remnants surrounded by the city and peripheral
              natural desert.&#160; Agricultural fields and mesic residential yards generally
              supported the greatest number of individuals and taxa, showed the best separation from
              other types in ordination analyses, and had the greatest number of significantly
              associated taxa in indicator species analysis.&#160; Thus, of the urban habitats
              two heavily irrigated and highly productive land use types seem to stand apart from
              the others in most community measures.&#160; Outlying desert sites also supported
              significantly associated taxa, including those not found regularly in desert parks and
              members of higher trophic levels less common in the city.&#160; Despite this,
              outlying desert and desert parks supported similar taxon richness.&#160; Xeric
              residential yards and commercial sites did not support any taxa not found in other
              land use types.&#160; While our results may be dependent on the location of
              Phoenix in the water-limited SonoranDesert, we urge broader consideration of highly
              modified urban landscapes as wildlife habitat. </literalLayout>
          </para>
        </section>
      </sectionValue>
    </reportSection>
    <reportSection><sectionTitle>Training</sectionTitle>
      <sectionValue><section><para><literalLayout> Several undergraduate workers have been trained in field collection
              techniques and arthropod identification. We participate yearly in the summer workshop
              for K-12 teachers. William Cook, now at St. CloudStateUniversity in Minnesota,
              participated in this project. </literalLayout>
          </para>
        </section>
      </sectionValue>
    </reportSection>
    <reportSection><sectionTitle>Outreach</sectionTitle>
      <sectionValue><section><para><literalLayout> The arthropod project has been used intensely for the K-12 teacher
              training and is also an part of the Ecology Explorers. </literalLayout>
          </para>
        </section>
      </sectionValue>
    </reportSection>
    <reportSection><sectionTitle>Contributions within Discipline</sectionTitle>
      <sectionValue><section><para><literalLayout> Long-term monitoring of the ground arthropods has provided a rich
              database on seasonal, yearly and spatially changes in diversity and abundances. So far
              two publications have resulted. We plan a third major paper comparing diversity and
              abundances in natural desert sites to desert remnants and human reconstructed deserts
              (i.e. xeric yards). Our preliminary findings suggest that while remnants and
              reconstructed deserts structurally resemble outlying deserts, that differ radically in
              diversity, species composition and trophic structure. </literalLayout>
          </para>
        </section>
      </sectionValue>
    </reportSection>
    <reportSection><sectionTitle>Plan for Next Year</sectionTitle>
      <sectionValue><section><para><literalLayout> We will continue monitoring arthropods on a quarterly basis next year.
              Continuation is imperative to maintain the long term nature of this project.
            </literalLayout>
          </para>
        </section>
      </sectionValue>
    </reportSection>
  </reporting>
  <reporting recipient="CAP Management" date="2007">
    <reportSection><sectionTitle>Research Question</sectionTitle>
      <sectionValue><section><para><literalLayout> The major goal of this long-term monitoring project is to determine the
              patterns of ground arthropod diversity and abundances by various lands use types
              within the CAP LTER system. Since the inception of CAP LTER, we have sampled ground
              arthropods from replicates of six different land use types �?? desert, desert remnant,
              agricultural fields, industrial and mesic and xeric suburban yards throughout the
              greater Phoenix metropolitan area. </literalLayout>
          </para>
        </section>
      </sectionValue>
    </reportSection>
    <reportSection><sectionTitle>Findings</sectionTitle>
      <sectionValue><section><para><literalLayout> We are currently analyzing arthropod data. We recently published
              &#160;a paper entitled "Irrigation drives ground arthropod community patterns in
              an urban desert' William M. Cook</literalLayout>
            <superscript> </superscript>
            <literalLayout>and Stanley H. Faeth</literalLayout>
            <superscript>. </superscript>
            <literalLayout>2006.Environmental Entomology 35:1532-1540. In this paper, we report on
              more than two years of a long-term investigation of ground arthropods of Phoenix,
              Arizona (USA), focusing on the communities assembled in agricultural fields,
              commercial sites, mesic and xeric residential yards, desert remnants surrounded by the
              city and peripheral natural desert.&#160; Agricultural fields and mesic
              residential yards generally supported the greatest number of individuals and taxa,
              showed the best separation from other types in ordination analyses, and had the
              greatest number of significantly associated taxa in indicator species
              analysis.&#160; Thus, of the urban habitats two heavily irrigated and highly
              productive land use types seem to stand apart from the others in most community
              measures.&#160; Outlying desert sites also supported significantly associated
              taxa, including those not found regularly in desert parks and members of higher
              trophic levels less common in the city.&#160; Despite this, outlying desert and
              desert parks supported similar taxon richness.&#160; Xeric residential yards and
              commercial sites did not support any taxa not found in other land use types.&#160;
              While our results may be dependent on the location of Phoenix in the water-limited
              SonoranDesert, we urge broader consideration of highly modified urban landscapes as
              wildlife habitat. </literalLayout>
          </para>
          <para><literalLayout> </literalLayout>
          </para>
        </section>
      </sectionValue>
    </reportSection>
    <reportSection><sectionTitle>Training</sectionTitle>
      <sectionValue><section><para><literalLayout> Several undergraduate workers have been trained in field collection
              techniques and arthropod identification. We participate yearly in the summer workshop
              for K-12 teachers. William Cook, now at St. CloudStateUniversity in Minnesota,
              participated in this project. </literalLayout>
          </para>
        </section>
      </sectionValue>
    </reportSection>
    <reportSection><sectionTitle>Outreach</sectionTitle>
      <sectionValue><section><para><literalLayout> The arthropod project has been used intensely for the K-12 teacher
              training and is also a part of the Ecology Explorers. </literalLayout>
          </para>
        </section>
      </sectionValue>
    </reportSection>
    <reportSection><sectionTitle>Contributions within Discipline</sectionTitle>
      <sectionValue><section><para><literalLayout> Long-term monitoring of the ground arthropods has provided a rich
              database on seasonal, yearly and spatially changes in diversity and abundances. So far
              two publications have resulted. We plan a third major paper comparing diversity and
              abundances in natural desert sites to desert remnants and human reconstructed deserts
              (i.e. xeric yards). Our preliminary findings suggest that while remnants and
              reconstructed deserts structurally resemble outlying deserts, that differ radically in
              diversity, species composition and trophic structure. Christofer Bang, a graduate
              student has a summer RA to explore the database to test the hypothesis that outlying
              desert and preserved deserts with cities (desert remnants) and reconstructed desert
              (xeric yards) are fundamentally different in arthropod community and trophic dynamics,
              even though they resemble natural desert structurally. </literalLayout>
          </para>
        </section>
      </sectionValue>
    </reportSection>
  </reporting>
  <associatedMaterial category="Dataset">
    <distribution scope="document">
      <online><onlineDescription>Longterm Monitoring of Ground Arthropod Biodiversity, 1998 -
          2002</onlineDescription>
        <url>http://caplter.asu.edu/home/products/showDataset.jsp?id=41_1</url>
      </online>
    </distribution>
  </associatedMaterial>
  <associatedMaterial category="Dataset">
    <distribution scope="document">
      <online><onlineDescription>Longterm Monitoring of Ground Arthropod Biodiversity, 2003 -
          2008</onlineDescription>
        <url>http://caplter.asu.edu/home/products/showDataset.jsp?id=397_1</url>
      </online>
    </distribution>
  </associatedMaterial>
  <associatedMaterial category="Dataset">
    <distribution scope="document">
      <online><onlineDescription>Longterm Monitoring of Ground Arthropod Biodiversity:
          Sites</onlineDescription>
        <url>http://caplter.asu.edu/home/products/showDataset.jsp?id=116_1</url>
      </online>
    </distribution>
  </associatedMaterial>
</lter:researchProject>