<?xml version="1.0" encoding="UTF-8"?>
<lter:researchProject xmlns:lter="eml://ecoinformatics.org/lter-project-2.1.0" xmlns:xsi="http://www.w3.org/2001/XMLSchema-instance" id="knb-lter-cap.p3.1" scope="system" system="knb" xsi:schemaLocation="eml://ecoinformatics.org/lter-project-2.1.0 http://caplter.asu.edu/eml2_1_0/projectEML/lter-project.xsd">
    <alternateIdentifier>p3_1</alternateIdentifier>
    <title>Urban Fringe Morphology</title>
    <creator><individualName><givenName>Elizabeth</givenName>
            <surName>Burns</surName>
        </individualName>
    </creator>
    <creator><individualName><givenName>Patricia</givenName>
            <surName>Gober</surName>
        </individualName>
    </creator>
    <metadataProvider><positionName>Information Manager</positionName>
        <address><deliveryPoint>Global Institute of Sustainability</deliveryPoint>
            <deliveryPoint>Arizona State University</deliveryPoint>
            <deliveryPoint>POB 875402</deliveryPoint>
            <city>Tempe</city>
            <postalCode>85287-5402</postalCode>
            <country>USA</country>
        </address>
        <phone phonetype="voice">(480) 727 7860</phone>
        <phone phonetype="fax">(480) 965-8087</phone>
        <electronicMailAddress>caplter.data@asu.edu</electronicMailAddress>
    </metadataProvider>
    <associatedParty><individualName><givenName>Karen</givenName>
            <surName>Blevins</surName>
        </individualName>
        <role>graduate research assistant</role>
        <temporalCoverage><rangeOfDates><beginDate><calendarDate>1998</calendarDate>
                </beginDate>
                <endDate><calendarDate>1999</calendarDate>
                </endDate>
            </rangeOfDates>
        </temporalCoverage>
    </associatedParty>
    <associatedParty><individualName><givenName>Jeffrey</givenName>
            <surName>James</surName>
        </individualName>
        <role>graduate research assistant</role>
        <temporalCoverage><rangeOfDates><beginDate><calendarDate>1998</calendarDate>
                </beginDate>
                <endDate><calendarDate>1998</calendarDate>
                </endDate>
            </rangeOfDates>
        </temporalCoverage>
    </associatedParty>
    <associatedParty><individualName><givenName>Kimberly</givenName>
            <surName>Knowles-Yanez</surName>
        </individualName>
        <role>post doc</role>
        <temporalCoverage><rangeOfDates><beginDate><calendarDate>1998</calendarDate>
                </beginDate>
                <endDate><calendarDate>2000</calendarDate>
                </endDate>
            </rangeOfDates>
        </temporalCoverage>
    </associatedParty>
    <associatedParty><individualName><givenName>Lisa</givenName>
            <surName>Lauver</surName>
        </individualName>
        <role>undergraduate student</role>
        <temporalCoverage><rangeOfDates><beginDate><calendarDate>1998</calendarDate>
                </beginDate>
                <endDate><calendarDate>1999</calendarDate>
                </endDate>
            </rangeOfDates>
        </temporalCoverage>
    </associatedParty>
    <associatedParty><individualName><givenName>Amy</givenName>
            <surName>Nelson</surName>
        </individualName>
        <role>post doc</role>
        <temporalCoverage><rangeOfDates><beginDate><calendarDate>2000</calendarDate>
                </beginDate>
                <endDate><calendarDate>2002</calendarDate>
                </endDate>
            </rangeOfDates>
        </temporalCoverage>
    </associatedParty>
    <associatedParty><individualName><givenName>Weizhong</givenName>
            <surName>Sun</surName>
        </individualName>
        <role>graduate research assistant</role>
        <temporalCoverage><rangeOfDates><beginDate><calendarDate>2000</calendarDate>
                </beginDate>
                <endDate><calendarDate>2002</calendarDate>
                </endDate>
            </rangeOfDates>
        </temporalCoverage>
    </associatedParty>
    <associatedParty><individualName><givenName>Rita</givenName>
            <surName>Walton</surName>
        </individualName>
        <role>principal investigator</role>
        <temporalCoverage><rangeOfDates><beginDate><calendarDate>1998</calendarDate>
                </beginDate>
                <endDate><calendarDate>2000</calendarDate>
                </endDate>
            </rangeOfDates>
        </temporalCoverage>
    </associatedParty>
    <pubDate>2009</pubDate>
    <language>english</language>
    <abstract><section><para><literalLayout>Identify the current boundary of the greater Phoenix metropolitan
                    urban area and study which factors are responsible for the spatial pattern of
                    new development on the urban fringes.</literalLayout>
            </para>
            <para><literalLayout>Rapidly growing cities like Phoenix expand quickly into previously
                    undeveloped territory. This project will track the spatial distribution of the
                    city's urban fringe through the development of its urban infrastructure, the
                    water and sewer lines. The goal is to identify the extent, spatial
                    discontinuities, and development sequence of the changing urban fringe boundary,
                    to identify the variables that best explain the geography of fringe
                    infrastructure development, and finally to link these findings to the model of
                    stages of fringe morphology.</literalLayout>
            </para>
        </section>
    </abstract>
    <keywordSet name="coreareas">
        <keyword>Land Use Changes</keyword>
        <keyword>Land-Use and Land-Cover Change</keyword>
        <keyword>one time</keyword>
    </keywordSet>
    <keywordSet name="sites">
        <keyword>CAP</keyword>
        <keyword>Central Arizona - Pheonix</keyword>
    </keywordSet>
    <keywordSet name="biome">
        <keyword>desert</keyword>
        <keyword>urban</keyword>
    </keywordSet>
    <keywordSet name="organizations">
        <keyword>CAP</keyword>
        <keyword>LTER</keyword>
        <keyword>NSF</keyword>
    </keywordSet>
    <keywordSet name="geography">
        <keyword>Arizona</keyword>
        <keyword>Phoenix metropolitan</keyword>
        <keyword>Pima County</keyword>
        <keyword>Maricopa County</keyword>
        <keyword>Salt River</keyword>
    </keywordSet>
    <keywordSet name="other">
        <keyword>urban fringe morphology</keyword>
    </keywordSet>
    <intellectualRights><section><para>Copyright Board of Regents, Arizona State University. This information is released
                to the public and may be used for academic, educational, or commercial purposes
                subject to the following restrictions:</para>
            <para><itemizedlist><listitem><para>While CAP LTER will make every effort possible to control and document
                            the quality of the data it publishes, the data are made available 'as
                            is'.</para>
                    </listitem>
                    <listitem><para>CAP LTER cannot assume responsibility for damages resulting from
                            mis-use or mis-interpretation of datasets or from errors or omissions
                            that may exist in the data.</para>
                    </listitem>
                    <listitem><para>It is considered a matter of professional ethics to acknowledge the
                            work of other scientists that has resulted in data used in subsequent
                            research.</para>
                    </listitem>
                    <listitem><para>CAP LTER expects that any use of data from this server will be
                            accompanied with the appropriate citations and acknowledgments.</para>
                    </listitem>
                    <listitem><para>CAP LTER encourages users to contact the original investigator
                            responsible for the data that they are accessing. Where appropriate,
                            researchers whose projects are integrally dependent on CAP LTER data are
                            encouraged to consider collaboration and/or co-authorship with original
                            investigators.</para>
                    </listitem>
                    <listitem><para>CAP LTER requests that users submit to the Global Institute of
                            Sustainability, ASU, one copy of any publication resulting from the use
                            of data obtained from this site.</para>
                    </listitem>
                    <listitem><para>CAP LTER requests that users not redistribute data obtained from this
                            site. However, links or references to this site may be freely
                            posted.</para>
                    </listitem>
                </itemizedlist>
            </para>
        </section>
    </intellectualRights>
    <distribution><online><url>http://caplter.asu.edu/home/projects/showProjectDetails.jsp?projectId=p3_1</url>
        </online>
    </distribution>
    <coverage><temporalCoverage><rangeOfDates><beginDate><calendarDate>1997</calendarDate>
                </beginDate>
                <endDate><calendarDate>2002</calendarDate>
                </endDate>
            </rangeOfDates>
        </temporalCoverage>
        <geographicCoverage><geographicDescription>Phoenix metropolitan area in Arizona, USA</geographicDescription>
            <boundingCoordinates><westBoundingCoordinate>-112.794316</westBoundingCoordinate>
                <eastBoundingCoordinate>-111.566698</eastBoundingCoordinate>
                <northBoundingCoordinate>33.838010</northBoundingCoordinate>
                <southBoundingCoordinate>33.198342</southBoundingCoordinate>
            </boundingCoordinates>
        </geographicCoverage>
    </coverage>
    <designDescription><description><para><literalLayout>The urban fringe morphology project has the following three
                    elements:</literalLayout>
            </para>

            <para><literalLayout>1. Calculate land consumption rates and land absorption coefficients
                    by Valley community. Jeff James, a graduate research assistant, is conducting an
                    analysis of population and employment densities using Maricopa Association of
                    Government data. He will produce 1990-1995 land consumption rates and land
                    absorption coefficients for the 25 local municipalities in the Valley. We also
                    are exploring the feasibility of including 1980 Census data in this analysis.
                    Kim Knowles-Yanez, the CAP LTER post-doc, will conduct a qualitative inventory
                    of community planning and development policies for the 25 municipalities. Our
                    goal is to determine whether differing community land use policies resulted in
                    varying intensities of land development at the fringe. In other words, were
                    communities with stricter development controls more successful in stimulating
                    higher density development than communities with weaker controls</literalLayout>
            </para>

            <para><literalLayout>2. Identify the indirect visible urban fringe. Beyond the built-up
                    area is a zone that is on the brink of urban development. It is affected by
                    urbanization, but does not yet meet the threshold density for inclusion in the
                    urbanized area. We seek to monitor the changes in this landscape as urbanization
                    unfolds through two methods. First, we are investigating how feasible it is to
                    study this area through land cover changes, watching the turnover from
                    agriculture and open space to built-up area. We also plan to monitor more
                    localized landscape change through fieldwork. The literature suggests a number
                    of landscape features that mark incipient urbanization, including the presence
                    of dog kennels and boarding stables, horse trails, cell-phone towers, and real
                    estate signs. The product of this exercise will be a narrative of pre-urban
                    fringe activity. What activities are precursors of fringe development in
                    Phoenix?</literalLayout>
            </para>

            <para><literalLayout>3. Identify the indirect invisible urban fringe. Also in areas at the
                    cusp of development, we want to monitor land use change that is invisible to the
                    naked eye. Soon-to-be-developed areas are characterized by a flurry of real
                    estate transactions and by a shift in ownership from private individuals to
                    corporations. We have been working with Dr. Tim Hogan to use Center for Business
                    Research files of metropolitan real estate transactions categorized by location
                    and types of owner. Predictably, these data are not organized for our purposes
                    and will require considerable effort to make them usable to us. Our goal here is
                    to examine land tenure change as the fringe unfolds. We plan to conduct this
                    analysis for the same four areas where we will do field work to identify the
                    visible markers of urban development.</literalLayout>
            </para>
        </description>
    </designDescription>
    <associatedMaterial category="Dataset">
        <distribution scope="document">
            <online><onlineDescription>Urban Fringe Morphology: City of Phoenix Sewer
                    Features</onlineDescription>
                <url>http://caplter.asu.edu/home/products/showDataset.jsp?id=152_1</url>
            </online>
        </distribution>
    </associatedMaterial>
    <associatedMaterial category="Dataset">
        <distribution scope="document">
            <online><onlineDescription>Urban Fringe Morphology: City of Phoenix Sewer
                    Lines</onlineDescription>
                <url>http://caplter.asu.edu/home/products/showDataset.jsp?id=150_1</url>
            </online>
        </distribution>
    </associatedMaterial>
    <associatedMaterial category="Dataset">
        <distribution scope="document">
            <online><onlineDescription>Urban Fringe Morphology: City of Phoenix Sewer
                    Nodes</onlineDescription>
                <url>http://caplter.asu.edu/home/products/showDataset.jsp?id=151_1</url>
            </online>
        </distribution>
    </associatedMaterial>
</lter:researchProject>