<?xml version="1.0" encoding="UTF-8"?>
<lter:researchProject xmlns:lter="eml://ecoinformatics.org/lter-project-2.1.0" xmlns:xsi="http://www.w3.org/2001/XMLSchema-instance" id="knb-lter-cap.p5.1" scope="system" system="knb" xsi:schemaLocation="eml://ecoinformatics.org/lter-project-2.1.0 http://caplter.asu.edu/eml2_1_0/projectEML/lter-project.xsd">
    <alternateIdentifier>p5_1</alternateIdentifier>
    <title>Century-scale Channel Change</title>
    <creator><individualName><givenName>Will</givenName>
            <surName>Graf</surName>
        </individualName>
    </creator>
    <metadataProvider><positionName>Information Manager</positionName>
        <address><deliveryPoint>Global Institute of Sustainability</deliveryPoint>
            <deliveryPoint>Arizona State University</deliveryPoint>
            <deliveryPoint>POB 875402</deliveryPoint>
            <city>Tempe</city>
            <postalCode>85287-5402</postalCode>
            <country>USA</country>
        </address>
        <phone phonetype="voice">(480) 727 7860</phone>
        <phone phonetype="fax">(480) 965-8087</phone>
        <electronicMailAddress>caplter.data@asu.edu</electronicMailAddress>
    </metadataProvider>
    <associatedParty><individualName><givenName>Niccole</givenName>
            <surName>Cerveny</surName>
        </individualName>
        <role>graduate research assistant</role>
        <temporalCoverage><rangeOfDates><beginDate><calendarDate>1999</calendarDate>
                </beginDate>
                <endDate><calendarDate>1999</calendarDate>
                </endDate>
            </rangeOfDates>
        </temporalCoverage>
    </associatedParty>
    <associatedParty><individualName><givenName>Martin</givenName>
            <surName>Roberge</surName>
        </individualName>
        <role>graduate research assistant</role>
        <temporalCoverage><rangeOfDates><beginDate><calendarDate>1997</calendarDate>
                </beginDate>
                <endDate><calendarDate>1999</calendarDate>
                </endDate>
            </rangeOfDates>
        </temporalCoverage>
    </associatedParty>
    <pubDate>2009</pubDate>
    <language>english</language>
    <abstract><para><literalLayout>Study how the geomorphology of the Salt River channel has changed over
                the last 100 years and how factors such as the damming of the Salt and Verde Rivers
                and gravel mining operations have contributed to these changes.</literalLayout>
        </para>
    </abstract>
    <keywordSet name="coreareas">
        <keyword>geosciences</keyword>
        <keyword>Water Policy, Use, and Supply</keyword>
        <keyword>one time</keyword>
    </keywordSet>
    <keywordSet name="sites">
        <keyword>CAP</keyword>
        <keyword>Central Arizona - Pheonix</keyword>
    </keywordSet>
    <keywordSet name="biome">
        <keyword>desert</keyword>
        <keyword>urban</keyword>
    </keywordSet>
    <keywordSet name="organizations">
        <keyword>CAP</keyword>
        <keyword>LTER</keyword>
        <keyword>NSF</keyword>
    </keywordSet>
    <keywordSet name="geography">
        <keyword>Arizona</keyword>
        <keyword>Phoenix metropolitan</keyword>
        <keyword>Pima County</keyword>
        <keyword>Maricopa County</keyword>
        <keyword>Salt River</keyword>
    </keywordSet>
    <keywordSet name="other">
        <keyword>photography</keyword>
        <keyword>river channel morphology</keyword>
    </keywordSet>
    <intellectualRights><section><para>Copyright Board of Regents, Arizona State University. This information is released
                to the public and may be used for academic, educational, or commercial purposes
                subject to the following restrictions:</para>
            <para><itemizedlist><listitem><para>While CAP LTER will make every effort possible to control and document
                            the quality of the data it publishes, the data are made available 'as
                            is'.</para>
                    </listitem>
                    <listitem><para>CAP LTER cannot assume responsibility for damages resulting from
                            mis-use or mis-interpretation of datasets or from errors or omissions
                            that may exist in the data.</para>
                    </listitem>
                    <listitem><para>It is considered a matter of professional ethics to acknowledge the
                            work of other scientists that has resulted in data used in subsequent
                            research.</para>
                    </listitem>
                    <listitem><para>CAP LTER expects that any use of data from this server will be
                            accompanied with the appropriate citations and acknowledgments.</para>
                    </listitem>
                    <listitem><para>CAP LTER encourages users to contact the original investigator
                            responsible for the data that they are accessing. Where appropriate,
                            researchers whose projects are integrally dependent on CAP LTER data are
                            encouraged to consider collaboration and/or co-authorship with original
                            investigators.</para>
                    </listitem>
                    <listitem><para>CAP LTER requests that users submit to the Global Institute of
                            Sustainability, ASU, one copy of any publication resulting from the use
                            of data obtained from this site.</para>
                    </listitem>
                    <listitem><para>CAP LTER requests that users not redistribute data obtained from this
                            site. However, links or references to this site may be freely
                            posted.</para>
                    </listitem>
                </itemizedlist>
            </para>
        </section>
    </intellectualRights>
    <distribution><online><url>http://caplter.asu.edu/home/projects/showProjectDetails.jsp?projectId=p5_1</url>
        </online>
    </distribution>
    <coverage><temporalCoverage><rangeOfDates><beginDate><calendarDate>1997</calendarDate>
                </beginDate>
                <endDate><calendarDate>2000</calendarDate>
                </endDate>
            </rangeOfDates>
        </temporalCoverage>
        <geographicCoverage><geographicDescription>Phoenix metropolitan area in Arizona, USA</geographicDescription>
            <boundingCoordinates><westBoundingCoordinate>-112.794316</westBoundingCoordinate>
                <eastBoundingCoordinate>-111.566698</eastBoundingCoordinate>
                <northBoundingCoordinate>33.838010</northBoundingCoordinate>
                <southBoundingCoordinate>33.198342</southBoundingCoordinate>
            </boundingCoordinates>
        </geographicCoverage>
    </coverage>
    <associatedMaterial category="Dataset">
        <distribution scope="document">
            <online><onlineDescription>Century-scale Channel Change: Photographs of selected reaches of
                    the Salt River in different years since mid 1940s</onlineDescription>
                <url>http://caplter.asu.edu/home/products/showDataset.jsp?id=223_1</url>
            </online>
        </distribution>
    </associatedMaterial>
    <associatedMaterial category="Dataset">
        <distribution scope="document">
            <online><onlineDescription>Century-scale Channel Change: Sites</onlineDescription>
                <url>http://caplter.asu.edu/home/products/showDataset.jsp?id=113_1</url>
            </online>
        </distribution>
    </associatedMaterial>
</lter:researchProject>