<?xml version="1.0" encoding="UTF-8"?>
<lter:researchProject xmlns:lter="eml://ecoinformatics.org/lter-project-2.1.0" xmlns:xsi="http://www.w3.org/2001/XMLSchema-instance" id="knb-lter-cap.p7.1" scope="system" system="knb" xsi:schemaLocation="eml://ecoinformatics.org/lter-project-2.1.0 http://caplter.asu.edu/eml2_1_0/projectEML/lter-project.xsd">
  <alternateIdentifier>p7_1</alternateIdentifier>
  <title>Nutrients and Data Synthesis, Mass Balance</title>
  <creator><individualName><givenName>Lawrence</givenName>
      <surName>Baker</surName>
    </individualName>
  </creator>
  <creator><individualName><givenName>John </givenName>
      <surName>Crittenden</surName>
    </individualName>
  </creator>
  <creator><individualName><givenName>Stevan</givenName>
      <surName>Earl</surName>
    </individualName>
  </creator>
  <creator><individualName><givenName>Paul</givenName>
      <surName>Westerhoff</surName>
    </individualName>
  </creator>
  <metadataProvider><positionName>Information Manager</positionName>
    <address><deliveryPoint>Global Institute of Sustainability</deliveryPoint>
            <deliveryPoint>Arizona State University</deliveryPoint>
            <deliveryPoint>POB 875402</deliveryPoint>
            <city>Tempe</city>
            <postalCode>85287-5402</postalCode>
            <country>USA</country>
        </address>
    <phone phonetype="voice">(480) 727 7860</phone>
    <phone phonetype="fax">(480) 965-8087</phone>
    <electronicMailAddress>caplter.data@asu.edu</electronicMailAddress>
  </metadataProvider>
  <associatedParty><individualName><givenName>Nancy</givenName>
      <surName>Grimm</surName>
    </individualName>
    <role>participant</role>
    <temporalCoverage><singleDateTime><calendarDate>1998</calendarDate>
      </singleDateTime>
    </temporalCoverage>
  </associatedParty>
  <associatedParty><individualName><givenName>Lisa</givenName>
      <surName>Lauver</surName>
    </individualName>
    <role>undergraduate student</role>
    <temporalCoverage><rangeOfDates><beginDate><calendarDate>1998</calendarDate>
        </beginDate>
        <endDate><calendarDate>1998</calendarDate>
        </endDate>
      </rangeOfDates>
    </temporalCoverage>
  </associatedParty>
  <associatedParty><individualName><givenName>Nicole</givenName>
      <surName>McPherson</surName>
    </individualName>
    <role>graduate research assistant</role>
    <temporalCoverage><rangeOfDates><beginDate><calendarDate>1998</calendarDate>
        </beginDate>
        <endDate><calendarDate>2000</calendarDate>
        </endDate>
      </rangeOfDates>
    </temporalCoverage>
  </associatedParty>
  <associatedParty><individualName><givenName>Xu</givenName>
      <surName>Ying</surName>
    </individualName>
    <role>graduate research assistant</role>
    <temporalCoverage><rangeOfDates><beginDate><calendarDate>1998</calendarDate>
        </beginDate>
        <endDate><calendarDate>1999</calendarDate>
        </endDate>
      </rangeOfDates>
    </temporalCoverage>
  </associatedParty>
  <associatedParty><individualName><givenName>Diane</givenName>
      <surName>Hope</surName>
    </individualName>
    <role>principal investigator</role>
    <temporalCoverage><rangeOfDates><beginDate><calendarDate>1998</calendarDate>
        </beginDate>
        <endDate><calendarDate>2000</calendarDate>
        </endDate>
      </rangeOfDates>
    </temporalCoverage>
  </associatedParty>
  <pubDate>2009</pubDate>
  <language>english</language>
  <abstract><section><para><literalLayout> Collect and synthesize the available information on the annual amounts of
          nutrients, major ions, salts and metals, being transported into and out of the CAP LTER
          urban area in surface water, as well as stored in or lost from groundwaters. Monitor
          surface water concentrations of major nutrients and ions over time in the main input and
          output channels. Quantify the soil pools and develop mass balances for major nutrients.
          Understand how urbanization is altering biogeochemical cycling and storage.
        </literalLayout>
      </para>
    </section>
  </abstract>
  <keywordSet name="coreareas">
    <keyword>inorganic nutrients</keyword>
    <keyword>Fluxes of Materials and Socio-Ecosystem Response</keyword>
    <keyword>Database</keyword>
  </keywordSet>
  <keywordSet name="sites">
    <keyword>CAP</keyword>
    <keyword>Central Arizona - Pheonix</keyword>
  </keywordSet>
  <keywordSet name="biome">
    <keyword>desert</keyword>
    <keyword>urban</keyword>
  </keywordSet>
  <keywordSet name="organizations">
    <keyword>CAP</keyword>
    <keyword>LTER</keyword>
    <keyword>NSF</keyword>
  </keywordSet>
  <keywordSet name="geography">
    <keyword>Arizona</keyword>
    <keyword>Phoenix metropolitan</keyword>
    <keyword>Pima County</keyword>
    <keyword>Maricopa County</keyword>
  </keywordSet>
  <keywordSet name="other">
    <keyword>mass balance</keyword>
    <keyword>nitrogen</keyword>
  </keywordSet>
  <intellectualRights><section><para>Copyright Board of Regents, Arizona State University. This information is released to
        the public and may be used for academic, educational, or commercial purposes subject to the
        following restrictions:</para>
      <para><itemizedlist><listitem><para>While CAP LTER will make every effort possible to control and document the quality
              of the data it publishes, the data are made available 'as is'.</para>
          </listitem>
          <listitem><para>CAP LTER cannot assume responsibility for damages resulting from mis-use or
              mis-interpretation of datasets or from errors or omissions that may exist in the
              data.</para>
          </listitem>
          <listitem><para>It is considered a matter of professional ethics to acknowledge the work of other
              scientists that has resulted in data used in subsequent research.</para>
          </listitem>
          <listitem><para>CAP LTER expects that any use of data from this server will be accompanied with
              the appropriate citations and acknowledgments.</para>
          </listitem>
          <listitem><para>CAP LTER encourages users to contact the original investigator responsible for the
              data that they are accessing. Where appropriate, researchers whose projects are
              integrally dependent on CAP LTER data are encouraged to consider collaboration and/or
              co-authorship with original investigators.</para>
          </listitem>
          <listitem><para>CAP LTER requests that users submit to the Global Institute of Sustainability,
              ASU, one copy of any publication resulting from the use of data obtained from this
              site.</para>
          </listitem>
          <listitem><para>CAP LTER requests that users not redistribute data obtained from this site.
              However, links or references to this site may be freely posted.</para>
          </listitem>
        </itemizedlist>
      </para>
    </section>
  </intellectualRights>
  <distribution><online><url>http://caplter.asu.edu/home/projects/showProjectDetails.jsp?projectId=p7_1</url>
    </online>
  </distribution>
  <coverage><temporalCoverage><ongoing><beginDate><calendarDate>1997</calendarDate>
        </beginDate>
      </ongoing>
    </temporalCoverage>
    <geographicCoverage><geographicDescription>Phoenix metropolitan area in Arizona, USA</geographicDescription>
      <boundingCoordinates><westBoundingCoordinate>-112.794316</westBoundingCoordinate>
        <eastBoundingCoordinate>-111.566698</eastBoundingCoordinate>
        <northBoundingCoordinate>33.838010</northBoundingCoordinate>
        <southBoundingCoordinate>33.198342</southBoundingCoordinate>
      </boundingCoordinates>
    </geographicCoverage>
  </coverage>
  <reporting recipient="CAP Management" date="2005">
    <reportSection><sectionTitle>Research Question</sectionTitle>
      <sectionValue><section><para><literalLayout> Jason Kaye, Nancy Grimm?? - input in this section.... </literalLayout>
          </para>
        </section>
      </sectionValue>
    </reportSection>
  </reporting>
  <associatedMaterial category="Dataset">
    <distribution scope="document">
      <online><onlineDescription>Nutrients and Data Synthesis, Mass Balance: Gila-Salt Watershed
          boundary</onlineDescription>
        <url>http://caplter.asu.edu/home/products/showDataset.jsp?id=54_1</url>
      </online>
    </distribution>
  </associatedMaterial>
  <associatedMaterial category="Dataset">
    <distribution scope="document">
      <online><onlineDescription>Nutrients and Data Synthesis, Mass Balance: Phoenix Dairy
          Farms</onlineDescription>
        <url>http://caplter.asu.edu/home/products/showDataset.jsp?id=51_1</url>
      </online>
    </distribution>
  </associatedMaterial>
  <associatedMaterial category="Dataset">
    <distribution scope="document">
      <online><onlineDescription>Nutrients and Data Synthesis, Mass Balance: Phoenix Stockyard
          Locations</onlineDescription>
        <url>http://caplter.asu.edu/home/products/showDataset.jsp?id=53_1</url>
      </online>
    </distribution>
  </associatedMaterial>
  <associatedMaterial category="Dataset">
    <distribution scope="document">
      <online><onlineDescription>Nutrients and Data Synthesis, Mass Balance: Phoenix citrus
          groves</onlineDescription>
        <url>http://caplter.asu.edu/home/products/showDataset.jsp?id=49_1</url>
      </online>
    </distribution>
  </associatedMaterial>
  <associatedMaterial category="Dataset">
    <distribution scope="document">
      <online><onlineDescription>Nutrients and Data Synthesis, Mass Balance: Phoenix
          crops</onlineDescription>
        <url>http://caplter.asu.edu/home/products/showDataset.jsp?id=50_1</url>
      </online>
    </distribution>
  </associatedMaterial>
  <associatedMaterial category="Dataset">
    <distribution scope="document">
      <online><onlineDescription>Nutrients and Data Synthesis, Mass Balance: shed_agr</onlineDescription>
        <url>http://caplter.asu.edu/home/products/showDataset.jsp?id=52_1</url>
      </online>
    </distribution>
  </associatedMaterial>
</lter:researchProject>