<?xml version="1.0" encoding="UTF-8"?>
<lter:researchProject xmlns:lter="eml://ecoinformatics.org/lter-project-2.1.0" xmlns:xsi="http://www.w3.org/2001/XMLSchema-instance" id="knb-lter-cap.p8.1" scope="system" system="knb" xsi:schemaLocation="eml://ecoinformatics.org/lter-project-2.1.0 http://caplter.asu.edu/eml2_1_0/projectEML/lter-project.xsd">
  <alternateIdentifier>p8_1</alternateIdentifier>
  <title>Aquatic Core Monitoring (Continuation of NAWQA)</title>
  <creator><individualName><givenName>Stevan</givenName>
      <surName>Earl</surName>
    </individualName>
  </creator>
  <creator><individualName><givenName>Nancy</givenName>
      <surName>Grimm</surName>
    </individualName>
  </creator>
  <metadataProvider><positionName>Information Manager</positionName>
    <address><deliveryPoint>Global Institute of Sustainability</deliveryPoint>
            <deliveryPoint>Arizona State University</deliveryPoint>
            <deliveryPoint>POB 875402</deliveryPoint>
            <city>Tempe</city>
            <postalCode>85287-5402</postalCode>
            <country>USA</country>
        </address>
    <phone phonetype="voice">(480) 727 7860</phone>
    <phone phonetype="fax">(480) 965-8087</phone>
    <electronicMailAddress>caplter.data@asu.edu</electronicMailAddress>
  </metadataProvider>
  <associatedParty><individualName><givenName>Jennifer</givenName>
      <surName>Edmonds</surName>
    </individualName>
    <role>graduate research assistant</role>
    <temporalCoverage><rangeOfDates><beginDate><calendarDate>1998</calendarDate>
        </beginDate>
        <endDate><calendarDate>2004</calendarDate>
        </endDate>
      </rangeOfDates>
    </temporalCoverage>
  </associatedParty>
  <associatedParty><individualName><givenName>Lawrence</givenName>
      <surName>Baker</surName>
    </individualName>
    <role>principal investigator</role>
    <temporalCoverage><rangeOfDates><beginDate><calendarDate>1998</calendarDate>
        </beginDate>
        <endDate><calendarDate>2004</calendarDate>
        </endDate>
      </rangeOfDates>
    </temporalCoverage>
  </associatedParty>
  <associatedParty><individualName><givenName>Diane</givenName>
      <surName>Hope</surName>
    </individualName>
    <role>principal investigator</role>
    <temporalCoverage><rangeOfDates><beginDate><calendarDate>1998</calendarDate>
        </beginDate>
        <endDate><calendarDate>2006</calendarDate>
        </endDate>
      </rangeOfDates>
    </temporalCoverage>
  </associatedParty>
  <pubDate>2009</pubDate>
  <language>english</language>
  <abstract><para><literalLayout>Objectives</literalLayout>
    </para>

    <para><literalLayout>The main aim of this project is to initiate and develop a field sampling
        program designed to answer the following questions:</literalLayout>
    </para>

    <para><literalLayout>(1) What are the concentrations and amounts of key nutrients, salts and trace
        metals being imported to and exported from the CAP LTER urban areas in surface waters
        (rivers and canals)?</literalLayout>
    </para>

    <para><literalLayout>(2) How do these terms change over time in response to increasing urbanization
        and variations in climate?</literalLayout>
    </para>

    <para><literalLayout>(3) What are the spatial patterns of accumulation and export, and how do these
        relate to specific land use patches?</literalLayout>
    </para>
  </abstract>
  <keywordSet name="coreareas">
    <keyword>inorganic nutrients</keyword>
    <keyword>Fluxes of Materials and Socio-Ecosystem Response</keyword>
    <keyword>long term</keyword>
  </keywordSet>
  <keywordSet name="sites">
    <keyword>CAP</keyword>
    <keyword>Central Arizona - Pheonix</keyword>
  </keywordSet>
  <keywordSet name="biome">
    <keyword>desert</keyword>
    <keyword>urban</keyword>
  </keywordSet>
  <keywordSet name="organizations">
    <keyword>CAP</keyword>
    <keyword>LTER</keyword>
    <keyword>NSF</keyword>
  </keywordSet>
  <keywordSet name="geography">
    <keyword>Arizona</keyword>
    <keyword>Phoenix metropolitan</keyword>
    <keyword>Pima County</keyword>
    <keyword>Maricopa County</keyword>
    <keyword>Salt River</keyword>
  </keywordSet>
  <keywordSet name="other">
    <keyword>water monitoring</keyword>
    <keyword>long term monitoring</keyword>
  </keywordSet>
  <intellectualRights><section><para>Copyright Board of Regents, Arizona State University. This information is released to
        the public and may be used for academic, educational, or commercial purposes subject to the
        following restrictions:</para>
      <para><itemizedlist><listitem><para>While CAP LTER will make every effort possible to control and document the quality
              of the data it publishes, the data are made available 'as is'.</para>
          </listitem>
          <listitem><para>CAP LTER cannot assume responsibility for damages resulting from mis-use or
              mis-interpretation of datasets or from errors or omissions that may exist in the
              data.</para>
          </listitem>
          <listitem><para>It is considered a matter of professional ethics to acknowledge the work of other
              scientists that has resulted in data used in subsequent research.</para>
          </listitem>
          <listitem><para>CAP LTER expects that any use of data from this server will be accompanied with
              the appropriate citations and acknowledgments.</para>
          </listitem>
          <listitem><para>CAP LTER encourages users to contact the original investigator responsible for the
              data that they are accessing. Where appropriate, researchers whose projects are
              integrally dependent on CAP LTER data are encouraged to consider collaboration and/or
              co-authorship with original investigators.</para>
          </listitem>
          <listitem><para>CAP LTER requests that users submit to the Global Institute of Sustainability,
              ASU, one copy of any publication resulting from the use of data obtained from this
              site.</para>
          </listitem>
          <listitem><para>CAP LTER requests that users not redistribute data obtained from this site.
              However, links or references to this site may be freely posted.</para>
          </listitem>
        </itemizedlist>
      </para>
    </section>
  </intellectualRights>
  <distribution><online><url>http://caplter.asu.edu/home/projects/showProjectDetails.jsp?projectId=p8_1</url>
    </online>
  </distribution>
  <coverage><geographicCoverage><geographicDescription>Phoenix metropolitan area in Arizona, USA</geographicDescription>
      <boundingCoordinates><westBoundingCoordinate>-112.794316</westBoundingCoordinate>
        <eastBoundingCoordinate>-111.566698</eastBoundingCoordinate>
        <northBoundingCoordinate>33.838010</northBoundingCoordinate>
        <southBoundingCoordinate>33.198342</southBoundingCoordinate>
      </boundingCoordinates>
    </geographicCoverage>
    <temporalCoverage><ongoing><beginDate><calendarDate>1997</calendarDate>
        </beginDate>
      </ongoing>
    </temporalCoverage>
  </coverage>
  <designDescription><description><section><para><literalLayout> Surface Water Monitoring plan </literalLayout>
        </para>
        <para><literalLayout> The surface water quality monitoring sites have been located to meet the
            following criteria: (a) to characterize the main inputs to and outputs from the CAP LTER
            study area; (b) to correspond to the sites sampled by the USGS National Water Quality
            Assessment (NAWQA) program wherever possible; and (c) to be as close as possible to
            established gauging stations, so that annual or per event loads can be estimated. At
            several of the sites, CAP LTER sampling will augment between 3 and 40 years of data
            collection by NAWQA and previous USGS water sampling programs, enabling past changes in
            materials flow to be compared with current and future data. The LTER core monitoring
            program consists of 7 sites where surface water flow occurs all year round. These sites
            will be sampled 10-12 times a year, usually at monthly intervals, although the exact
            frequency of sample collection will be weighted according to flow, so that more samples
            are collected during high flow periods. The core monitored sites are: </literalLayout>
        </para>
        <para><literalLayout> Input Sites </literalLayout>
        </para>
        <para><literalLayout> The Salt and VerdeRivers represent the major natural inflows to the CAP
            study area; both drain watersheds which are dominantly undeveloped desert, chaparral or
            forest. They are sampled separately because they do not mix well above Granite Reef Dam,
            so it is not possible to get a single representative sample below the confluence.
          </literalLayout>
        </para>
        <para><literalLayout> 1. Lower Salt River, sampled adjacent to the gauging station at the Blue
            Point Bridge below the Stewart Mountain Dam (not at the NAWQA site at the Roosevelt Dam)
            so as to obtain a sample that is representative of the water entering the city system at
            Granite Reef. </literalLayout>
        </para>
        <para><literalLayout> 2. Lower Verde River, sampled at Rio Verde (not at the NAWQA site upstream
            at Bartlett Dam), this is the closest accessible location to the Beeline gauging
            station, upstream of the Salt confluence. </literalLayout>
        </para>
        <para><literalLayout> 3. CAP canal inflow off the Bush Highway just south of Granite Reef. This
            is the other main inflow to the urban system. </literalLayout>
        </para>
        <para><literalLayout> Mid-System/Agricultural Sites </literalLayout>
        </para>
        <para><literalLayout> 4. 91st Ave Waste Water Treatment Plant (same as NAWQA) the outlet water
            sampled here constitutes the majority of the water returned to the Salt River channel
            downstream of the Phoenix metropolitan area. At times when there is also significant
            flow in the Salt River above the treatment plant outlet, an additional sample is
            collected in the main river channel adjacent to the outlet culverts. </literalLayout>
        </para>
        <para><literalLayout> 5. BuckeyeCanal (same as NAWQA) this canal diverts most of the flow from
            the Salt River below the 91st Ave Treatment Plant to agricultural fields downstream.
            (Additional water of the same quality is also diverted to the Palo Verde Nuclear Power
            Plant for cooling; this can account for nearly all the output from the 91st Ave plant in
            mid summer. The waste water diverted to Palo Verde is all utilized onsite, there is no
            waste water flow exported from the power plant.). </literalLayout>
        </para>
        <para><literalLayout> 6. HassyampaRiver (same as NAWQA) is an agricultural integrator site as it
            drains much of the large agricultural area to the west of Phoenix. </literalLayout>
        </para>
        <para><literalLayout> Output Site </literalLayout>
        </para>
        <para><literalLayout> 7. Gila River at Gillespie Dam (same as NAWQA) is the whole ecosystem
            integrator site as it represents all the surface water flow for the region.
          </literalLayout>
        </para>
        <para><literalLayout> Additional monitoring sites are located on channels where significant but
            intermittent surface water flow occurs during periods of heavy rain. Sample collection
            here is, of necessity, done on an infrequent and opportunistic basis. </literalLayout>
        </para>
        <para><literalLayout> Additional Storm Flow Sites </literalLayout>
        </para>
        <para><literalLayout> 8. Agua FriaRiver at El Mirage, flow in this channel is very infrequent as
            it is regulated by the outlet from the Lake Pleasant Dam. </literalLayout>
        </para>
        <para><literalLayout> 9. New River at Glendale Ave represents runoff from a mixed watershed
            consisting of desert and agriculture in its upper portions and urban areas in the lower
            part. </literalLayout>
        </para>
        <para><literalLayout> 10. AC/DC canal at 67th Ave just upstream of its confluence with Skunk
            Creek/New River, this canal conveys urban storm runoff from NW Phoenix. </literalLayout>
        </para>
        <para><literalLayout> 11. Cave Creek at Thunderbird Rd, storm flow runoff from a combination of
            urban and desert areas. </literalLayout>
        </para>
        <para><literalLayout> 12. Indian Bend Wash at Curry Rd, storm flow runoff from an urban
            watershed containing a mixture of impervious and pervious urban surfaces (greenbelt and
            golf courses) </literalLayout>
        </para>
        <para><literalLayout> 13. Gila River at Maricopa Rd, we are currently negotiating for permission
            to sample on the Gila River Indian Community land here, during the rare occasions when
            flow occurs </literalLayout>
        </para>
        <para><literalLayout> Water sample collection is carried out using the same basic procedure as
            the NAWQA program. At each site, a 2 liter sample of water is collected from across the
            width of the entire channel using a depth-integrated, isokinetic (i.e. water is
            collected in proportion to the speed of flow in the channel) sampling device. The sample
            is then split into equal sub-samples in the laboratory and analyzed for nitrogen
            (nitrate, ammonium, total N, particulate N), carbon (dissolved organic carbon,
            particulate carbon, total inorganic carbon), phosphorus (soluble reactive phosphate,
            total P), salts (calcium, magnesium, sodium, potassium, chloride, sulphate), trace
            metals (e.g. copper, lead, zinc, iron), suspended solids, conductivity and pH. All
            analyses are done in triplicate, with the inclusion of quality control samples at
            regular intervals. </literalLayout>
        </para>
        <para><literalLayout> </literalLayout>
          <literalLayout> </literalLayout>
        </para>
        <para><literalLayout> In August 1999 we discontinued sampling at a number of the original sites,
            to focus on just sites 1, 2, 3, 4 and 7 (Lower Salt and Verde, CAP canal input site,
            91</literalLayout>
          <superscript>st</superscript>
          <literalLayout> Ave and Gillespie Dam). Sampling was continued monthly until November
            2004, no samples were collected in December 2004. In January 2005, the sampling
            frequency was decreased to the current scheme, whereby samples are taken at the 5 sites
            once every 2 months beginning in January, but with only sites 4 and 7
            (91</literalLayout>
          <superscript>st</superscript>
          <literalLayout> Ave and Gillespie) dam being sampled in November. In the revised sampling
            scheme we attempt to adjust the timing to try and collect more samples during high flow
            periods whenever possible. </literalLayout>
        </para>
        <para><literalLayout> In July 2005 we discontinued the practice of taking a cross-channel, depth
            integrated sample and now just take a dip sample �?? since rigorous cross testing of the
            two methods for several years showed no differences in ion concentrations between the
            methods. </literalLayout>
        </para>
      </section>
    </description>
  </designDescription>
  <reporting recipient="CAP Management" date="2005">
    <reportSection><sectionTitle>Research Question</sectionTitle>
      <sectionValue><section><para><literalLayout> This work compares native desert and urban stream ecosystems by
              examining differences in concentrations of DOC, nutrients, and conservative ions among
              desert stream/river sites that are unregulated (upstream of the metro Phoenix area)
              and sampling sites where both water flows and water quality are regulated and highly
              modified by the urban environment. The 5 sampling sites (3 upstream, 2 downstream of
              the urban area) are visited and sampled 6-12 times per year, to capture any seasonal
              and, whenever possible, flow-related variations in water chemistry. </literalLayout>
          </para>
          <para><literalLayout> &#160; </literalLayout>
          </para>
          <para><literalLayout> Results from CAP Phase 1 have been extensively analyzed and are in the
              final stages of preparation for publication. </literalLayout>
          </para>
        </section>
      </sectionValue>
    </reportSection>
    <reportSection><sectionTitle>Findings</sectionTitle>
      <sectionValue><section><para><literalLayout> Water retention by the city was particularly high during the severe
              drought which was ongoing during most of the last 7 years that CAP has been sampling.
              Hence climatic-induced variation in water chemistry was only weakly related to river
              hydrology during these dry periods.&#160; A major objective was to identify how
              patterns in water chemistry upstream versus downstream of the city have changed, and
              the possible implications these changes might have for biogeochemical
              cycling.&#160; The Phoenix metropolitan area routes water through hundreds of
              urban flowpaths, including canals, pipes, and modified stream channels.&#160;
              These flowpaths coalesce downstream, but with a substantial reduction in water volume
              (&lt;10% of the original amount).&#160; Climatic variability in the desert
              southwest has encouraged extraordinary measures for reusing and retaining water for
              irrigation of lawns, crops, and as a drinking water source, which eventually leads to
              evaporation of the water.&#160; Therefore, the city is very good at retaining
              water, particularly during extended drought periods (decades-long), essentially acting
              like a huge evaporating pan.&#160; This manipulation of water concentrates the
              dissolved materials.&#160; A comparison of surface water input and output loads
              (total mass) to and from the city found significant retention of DOC and total
              dissolved salts (TDS).&#160; The percentage retention of these two components was
              lower than the water retention value, which indicates that water accumulated DOC and
              salts as it was routed through the city.&#160; And while N and P stream loads were
              higher downstream of the city versus upstream, N loads were less than double that of
              upstream, not an order of magnitude higher as with the concentration data.
            </literalLayout>
          </para>
          <para><literalLayout> &#160; </literalLayout>
          </para>
          <para><literalLayout> Downstream river water concentrations were much higher than those found
              upstream of the city (Table 7).&#160; Water retention within the city was higher
              than the retention of salts, DOC, TDN, TP, indicating that these constituents
              accumulated in the water as it moved through the city.&#160; </literalLayout>
          </para>
          <para><literalLayout> These accumulated constituents are most likely from three sources: i)
              urban surfaces which experience high rates of atmospheric deposition of N and C and
              are likely to supply high nutrient concentrations to local waterways; ii) groundwater
              andndash from the use of fertilizers and the evaporation of water during irrigation;
              and iii) the disposal of human food and waste, via highly concentrated WWTP effluent,
              which is released into the river system. It seems that human activity and decision
              making has assumed primary control over variation in stream-water chemistry.&#160;
              This control was more pronounced during extremely dry climatic conditions,
              establishing a feedback between environmental change and ecosystem engineering by
              humans. </literalLayout>
          </para>
          <para><literalLayout> &#160; </literalLayout>
          </para>
          <para><literalLayout> Another research objective was to link changes in urban ecosystem
              management or structure with changes in downstream-water chemistry. There was a
              decline in nitrogen concentrations and loadsin the water exported from the city,
              suggesting a change in the functioning of the urban ecosystem. This decline coincides
              with the increase in the use of CAP canal (Colorado River) water, but is most likely
              due to a reduction in N loads from the WWTP when tertiary treatment began in 1997. The
              pattern of reduced export was also found for P and conservative ions, suggesting that
              these declines are most likely a combination of the current drought conditions and
              greater awareness of water quality issues by city managers. </literalLayout>
          </para>
          <para><literalLayout> &#160; </literalLayout>
          </para>
          <para><literalLayout> In summary, patterns in upstream-downstream-water chemistry are related
              to the functioning of the Phoenix metropolitan area as a whole. Stream biogeochemical
              cycling has been significantly altered by the presence of this urban center. The city
              is exporting more biologically reactive ions than enter and retaining conservative
              ions. Climatic variability has a strong influence on urban water chemistry on the
              decadal scale, but less of an effect at shorter time periods.&#160;
            </literalLayout>
          </para>
        </section>
      </sectionValue>
    </reportSection>
    <reportSection><sectionTitle>Contributions within Discipline</sectionTitle>
      <sectionValue><section><para><literalLayout> For the Phoenix metropolitan area, the dams upstream of the city altered
              the flux and concentrations of dissolved constituents by reducing downstream discharge
              variability, low flow discharge, and the variability of several chemical constituents.
              While work elsewhere has found similar hydrologic effects in other ecosystems, the
              importance of these changes to water chemistry in a downstream metropolitan area has
              not been extensively discussed previously in the literature. </literalLayout>
          </para>
          <para><literalLayout> Hence this work shows that biogeochemists studying urban stream and
              river systems may need to increase their spatial and temporal scales of study to
              better understand the feedbacks between human decision-making and carbon and nutrient
              cycling.&#160; </literalLayout>
          </para>

        </section>
      </sectionValue>
    </reportSection>
    <reportSection><sectionTitle>Other Contributions</sectionTitle>
      <sectionValue><section><para><literalLayout> This work has 2 main implications: </literalLayout>
          </para>
          <para><literalLayout>
              i)&#160;&#160;&#160;&#160;&#160;&#160;&#160;&#160;&#160;&#160;&#160;&#160;&#160;&#160;&#160;&#160;&#160;&#160;&#160;
              It suggests that decisions regarding groundwater usage will feedback on chemistry
              patterns of water leaving the city. Therefore, a significant reduction in nutrients
              and salt concentrations should result as Phoenix begins to reduce agricultural
              activity and increase residential development in its place. </literalLayout>
          </para>
          <para><literalLayout>
              ii)&#160;&#160;&#160;&#160;&#160;&#160;&#160;&#160;&#160;&#160;&#160;&#160;&#160;&#160;&#160;&#160;&#160;&#160;
              The presence of dams upstream of the city dampened the variability and stochastic
              nature of water chemistry in the two rivers entering the city.&#160; For example,
              the Salt and Verde rivers are the primary sources of drinking water for the
              city.&#160; Therefore, the increase in C and N loads, as well as the amelioration
              of salt loading, could have important consequences for the water treatment process.
            </literalLayout>
          </para>
        </section>
      </sectionValue>
    </reportSection>
  </reporting>
  <reporting recipient="CAP Management" date="2006">
    <reportSection><sectionTitle>Research Question</sectionTitle>
      <sectionValue><section><para><literalLayout> This study includes a field sampling program to quantify the
              concentration and flux of nutrients, major ions, salts, and select contaminants
              imported to and exported from the CAP LTER study area via surface water
              systems.&#160; Specific questions include (1) how do key materials (e.g.,
              nitrogen, carbon, select contaminants) move within the ecosystem, (2) how do these
              terms change over time in response to monotonic changes (e.g., urbanization) and
              stochastic changes (e.g., climate), and (3) what are the spatial patterns of
              accumulation and flux within patches?&#160; Five sampling sites (3 upstream and 2
              downstream of the urban area) are sampled 6-12 times/year to capture seasonal and,
              when possible, discharge-related variations in water chemistry.&#160; Results from
              CAP LTER Phase I have been documented in numerous publications.&#160; Data
              collection and analyses are ongoing in accordance with CAP LTER Phase II.
            </literalLayout>
          </para>
        </section>
      </sectionValue>
    </reportSection>
    <reportSection><sectionTitle>Findings</sectionTitle>
      <sectionValue><section><para><literalLayout> Water retention in the urban area is high, particularly during drought
              conditions which have predominated during most of the years that CAP LTER has been
              sampling.&#160; As such, climate-induced variation in water chemistry was only
              weakly related to river hydrology during these dry periods.&#160; A major
              objective was to identify how patterns in water chemistry upstream versus downstream
              of the urban area have changed, and the possible implications these changes might have
              for biogeochemical cycling.&#160; The Phoenix metropolitan area routes water
              through hundreds of urban flowpaths, including canals, pipes, and modified stream
              channels.&#160; These flowpaths coalesce downstream but with a substantial
              reduction in water volume (&lt; 10% of inputs).&#160; Climatic variability in
              the arid Southwest has encouraged extraordinary measures for reusing and retaining
              water for agricultural, municipal, and commercial purposes, which eventually lead to
              evaporation of the water.&#160; As such, the urban area is very good at retaining
              water, particularly during extended (i.e., decadal) drought periods, and acts like an
              extensive evaporating pan.&#160; This manipulation of water tends to concentrate
              dissolved materials.&#160; A comparison of surface water input and output loads
              (total mass) into and out of the urban area indicated substantial retention of
              dissolved organic carbon (DOC) and total dissolved salts (TDS).&#160; The
              percentage retention of these two components was lower than water retention, which
              indicates that water accumulated DOC and salts as it was routed through the urban
              area.&#160; The concentration of most analytes was considerably higher in river
              water downstream of the urban area relative to the upstream systems.&#160; Water
              retention within the urban area was higher than the retention of salts, DOC, total
              dissolved nitrogen (TDN), and total phosphorus (TP), indicating that these
              constituents accumulated in the water as it moved through the urban area.&#160;
            </literalLayout>
          </para>
          <para><literalLayout> These accumulated constituents are most likely from three
              sources:&#160; (1) impervious surfaces which experience high rates of atmospheric
              deposition of nitrogen and carbon, and are likely to supply high nutrient
              concentrations to local waterways; (2) application of groundwater with high nutrient
              and salt concentrations, application of fertilizers, and the evaporation of water
              following irrigation; and (3) the disposal of human food and waste via highly
              concentrated effluent which is released directly into the river system.&#160; It
              seems that human activity and decision making has assumed primary control over
              variation in stream-water chemistry.&#160; This control was more pronounced during
              drought periods, establishing a feedback between environmental change and ecosystem
              engineering by humans. </literalLayout>
          </para>
          <para><literalLayout> Another research objective was to link changes in urban ecosystem
              management and structure with changes in downstream water chemistry. There was a
              decline in nitrogen concentrations and loads in the water exported from the urban
              area, suggesting a change in the functioning of the urban ecosystem. This decline
              coincides with an increase in the use of Colorado River water via the Central Arizona
              Project (CAP) canal but is most likely due to a reduction in nitrogen loads following
              improved waste water treatment techniques.&#160; The pattern of reduced export was
              also evident for phosphorus and conservative ions, suggesting that these declines are
              most likely a combination of the current drought conditions and greater awareness of
              water-quality issues by managers. </literalLayout>
          </para>
          <para><literalLayout> In summary, patterns in upstream-downstream water-chemistry are related
              to the functioning of the Phoenix metropolitan area as a whole. Biogeochemical cycling
              in lotic ecosystems has been altered significantly by the presence of this urban
              center. The urban area is exporting more biologically reactive ions while retaining
              conservative ions. Climatic variability has a strong influence on urban
              water-chemistry at the decadal scale but less so at shorter time scales.
            </literalLayout>
          </para>
        </section>
      </sectionValue>
    </reportSection>
    <reportSection><sectionTitle>Other Products</sectionTitle>
      <sectionValue><section><para><literalLayout> N.B. Grimm, J.W. Edmonds, D. Hope, L. Baker, and P. Westerhoff,
              Understanding the response of southwestern rivers to urbanization using long-term
              records of conservative and reactive constituents. North American Benthological
              Society Annual Meeting, Anchorage, AK, June 2006. </literalLayout>
          </para>
        </section>
      </sectionValue>
    </reportSection>
    <reportSection><sectionTitle>Contributions within Discipline</sectionTitle>
      <sectionValue><section><para><literalLayout> Dams upstream of the Phoenix metropolitan area alter the flux and
              concentration of dissolved constituents by dampening downstream discharge variability
              and augmenting minimum flows. While work elsewhere has found similar hydrologic
              effects in other ecosystems, the importance of these changes to water chemistry in a
              metropolitan area has not been extensively discussed previously in the literature.
            </literalLayout>
          </para>
          <para><literalLayout> This work suggests that biogeochemists studying urban stream and river
              systems may need to increase their spatial and temporal scales of study to better
              understand the feedbacks between human decision-making and material cycling.&#160;
            </literalLayout>
          </para>
        </section>
      </sectionValue>
    </reportSection>
    <reportSection><sectionTitle>Other Contributions</sectionTitle>
      <sectionValue><section><para><literalLayout> This program will enhance our understanding of biogeochemical cycling in
              urban-dominated, arid aquatic ecosystems.&#160; Results suggest that decisions
              regarding source water (e.g., different surface-water systems, groundwater) will
              impact the chemistry of water within and leaving the urban area.&#160; Further,
              changes in nutrient and salt concentrations/fluxes may occur as land use continues to
              shift from agriculture to urban and suburban development. </literalLayout>
          </para>
        </section>
      </sectionValue>
    </reportSection>
    <reportSection><sectionTitle>Plan for Next Year</sectionTitle>
      <sectionValue><section><para><literalLayout> In addition to routine monitoring, we plan to address several novel
              questions regarding water resources in the CAP LTER study area in the coming years,
              including: </literalLayout>
          </para>
          <para><literalLayout> (1)&#160; Salt accumulation already limits the use of groundwater in
              many areas and these limitations are likely to become more severe.&#160; We plan
              to address the ecological consequences of salt accumulation over various time scales.
            </literalLayout>
          </para>
          <para><literalLayout> &#160; </literalLayout>
          </para>
          <para><literalLayout> (2)&#160; Arizona has traditionally been a rural state with two
              dominant population centers, metropolitan Phoenix and the city of Tucson.&#160;
              Phoenix and Tucson have experienced exponential growth over the past fifty years but,
              more recently, rural areas throughout the state are also experiencing booming
              population growth.&#160; Much of this growth is occurring in the catchment that
              supplies the majority of the surface water to the Phoenix urban area.&#160; It is
              unclear how demand for and use of water in rural areas will influence the quantity and
              quality of water available for delivery to the Phoenix area.&#160; Changes in the
              quality of water delivered to the Phoenix area will be detected by our water
              monitoring program and we plan to address the ecological and socioeconomic
              repercussions of these changes. </literalLayout>
          </para>
        </section>
      </sectionValue>
    </reportSection>
  </reporting>
  <reporting recipient="CAP Management" date="2007">
    <reportSection><sectionTitle>Research Question</sectionTitle>
      <sectionValue><section><para><literalLayout> This study includes a field sampling program to quantify the
              concentration and flux of nutrients, major ions, salts, and select contaminants
              imported to and exported from the CAP LTER study area via surface water
              systems.&#160; Specific questions include (1) how do key materials (e.g.,
              nitrogen, carbon, select contaminants) move within the ecosystem, (2) how do these
              terms change over time in response to monotonic changes (e.g., urbanization) and
              stochastic changes (e.g., climate), and (3) what are the spatial patterns of
              accumulation and flux within patches?&#160; Five sampling sites (3 upstream and 2
              downstream of the urban area) are sampled 6-12 times/year to capture seasonal and,
              when possible, discharge-related variations in water chemistry.&#160; Recently,
              CAP LTER partnered with the Maricopa County Flood Control District (MCFCD) to monitor
              water quality in a groundwater well situated in an experimental reach of the Gila
              River. Groundwater sampling complements our existing water-quality monitoring program
              and aids riparian studies conducted by the MCFCD. Results from CAP LTER Phase I have
              been documented in numerous publications.&#160; Data collection and analyses are
              ongoing in accordance with CAP LTER Phase II. </literalLayout>
          </para>
        </section>
      </sectionValue>
    </reportSection>
    <reportSection><sectionTitle>Findings</sectionTitle>
      <sectionValue><section><para><literalLayout> Water retention in the urban area is high, particularly during drought
              conditions which have predominated during most of the years that CAP LTER has been
              sampling.&#160; As such, climate-induced variation in water chemistry was only
              weakly related to river hydrology during these dry periods.&#160; A major
              objective was to identify how patterns in water chemistry upstream versus downstream
              of the urban area have changed, and the possible implications these changes might have
              for biogeochemical cycling.&#160; The Phoenix metropolitan area routes water
              through hundreds of urban flowpaths, including canals, pipes, and modified stream
              channels.&#160; These flowpaths coalesce downstream but with a substantial
              reduction in water volume (&lt; 10% of inputs).&#160; Climatic variability in
              the arid Southwest has encouraged extraordinary measures for reusing and retaining
              water for agricultural, municipal, and commercial purposes, which eventually lead to
              evaporation of the water.&#160; As such, the urban area is very good at retaining
              water, particularly during extended (i.e., decadal) drought periods, and acts like an
              extensive evaporating pan.&#160; This manipulation of water tends to concentrate
              dissolved materials.&#160; A comparison of surface water input and output loads
              (total mass) into and out of the urban area indicated substantial retention of
              dissolved organic carbon (DOC) and total dissolved salts (TDS).&#160; The
              percentage retention of these two components was lower than water retention, which
              indicates that water accumulated DOC and salts as it was routed through the urban
              area.&#160; The concentration of most analytes was considerably higher in river
              water downstream of the urban area relative to the upstream systems.&#160; Water
              retention within the urban area was higher than the retention of salts, DOC, total
              dissolved nitrogen (TDN), and total phosphorus (TP), indicating that these
              constituents accumulated in the water as it moved through the urban area.&#160;
            </literalLayout>
          </para>
          <para><literalLayout> These accumulated constituents are most likely from three
              sources:&#160; (1) impervious surfaces which experience high rates of atmospheric
              deposition of nitrogen and carbon, and are likely to supply high nutrient
              concentrations to local waterways; (2) application of groundwater with high nutrient
              and salt concentrations, application of fertilizers, and the evaporation of water
              following irrigation; and (3) the disposal of human food and waste via highly
              concentrated effluent which is released directly into the river system.&#160; It
              seems that human activity and decision making has assumed primary control over
              variation in stream-water chemistry.&#160; This control was more pronounced during
              drought periods, establishing a feedback between environmental change and ecosystem
              engineering by humans. </literalLayout>
          </para>
          <para><literalLayout> Another research objective was to link changes in urban ecosystem
              management and structure with changes in downstream water chemistry. There was a
              decline in nitrogen concentrations and loads in the water exported from the urban
              area, suggesting a change in the functioning of the urban ecosystem. This decline
              coincides with an increase in the use of Colorado River water via the Central Arizona
              Project (CAP) canal but is most likely due to a reduction in nitrogen loads following
              improved waste water treatment techniques.&#160; The pattern of reduced export was
              also evident for phosphorus and conservative ions, suggesting that these declines are
              most likely a combination of the current drought conditions and greater awareness of
              water-quality issues by managers. </literalLayout>
          </para>
          <para><literalLayout> In summary, patterns in upstream-downstream water-chemistry are related
              to the functioning of the Phoenix metropolitan area as a whole. Biogeochemical cycling
              in lotic ecosystems has been altered significantly by the presence of this urban
              center. The urban area is exporting more biologically reactive ions while retaining
              conservative ions. Climatic variability has a strong influence on urban
              water-chemistry at the decadal scale but less so at shorter time scales.
            </literalLayout>
          </para>
        </section>
      </sectionValue>
    </reportSection>
    <reportSection><sectionTitle>Contributions within Discipline</sectionTitle>
      <sectionValue><section><para><literalLayout> Dams upstream of the Phoenix metropolitan area alter the flux and
              concentration of dissolved constituents by dampening downstream discharge variability
              and augmenting minimum flows. While work elsewhere has found similar hydrologic
              effects in other ecosystems, the importance of these changes to water chemistry in a
              metropolitan area has not been extensively discussed previously in the literature.
            </literalLayout>
          </para>
          <para><literalLayout> This work suggests that biogeochemists studying urban stream and river
              systems may need to increase their spatial and temporal scales of study to better
              understand the feedbacks between human decision-making and material cycling.&#160;
            </literalLayout>
          </para>
        </section>
      </sectionValue>
    </reportSection>
    <reportSection><sectionTitle>Other Contributions</sectionTitle>
      <sectionValue><section><para><literalLayout> This program will enhance our understanding of biogeochemical cycling in
              urban-dominated, arid aquatic ecosystems.&#160; Results suggest that decisions
              regarding source water (e.g., different surface-water systems, groundwater) will
              impact the chemistry of water within and leaving the urban area.&#160; Further,
              changes in nutrient and salt concentrations/fluxes may occur as land use continues to
              shift from agriculture to urban and suburban development. </literalLayout>
          </para>
        </section>
      </sectionValue>
    </reportSection>
    <reportSection><sectionTitle>Plan for Next Year</sectionTitle>
      <sectionValue><section><para><literalLayout> In addition to routine monitoring, we plan to address several novel
              questions regarding water resources in the CAP LTER study area in the coming years,
              including: </literalLayout>
          </para>
          <para><literalLayout> (1)&#160; Salt accumulation already limits the use of groundwater in
              many areas and these limitations are likely to become more severe.&#160; We plan
              to address the ecological consequences of salt accumulation over various time scales.
            </literalLayout>
          </para>
          <para><literalLayout> &#160; </literalLayout>
          </para>
          <para><literalLayout> (2)&#160; Arizona has traditionally been a rural state with two
              dominant population centers, metropolitan Phoenix and the city of Tucson.&#160;
              Phoenix and Tucson have experienced exponential growth over the past fifty years but,
              more recently, rural areas throughout the state are also experiencing booming
              population growth.&#160; Much of this growth is occurring in the catchment that
              supplies the majority of the surface water to the Phoenix urban area.&#160; It is
              unclear how demand for and use of water in rural areas will influence the quantity and
              quality of water available for delivery to the Phoenix area.&#160; Changes in the
              quality of water delivered to the Phoenix area will be detected by our water
              monitoring program and we plan to address the ecological and socioeconomic
              repercussions of these changes. </literalLayout>
          </para>
        </section>
      </sectionValue>
    </reportSection>
  </reporting>
  <associatedMaterial category="Dataset">
    <distribution scope="document">
      <online><onlineDescription>Longterm Water Monitoring</onlineDescription>
        <url>http://caplter.asu.edu/home/products/showDataset.jsp?id=37_1</url>
      </online>
    </distribution>
  </associatedMaterial>
  <associatedMaterial category="Dataset">
    <distribution scope="document">
      <online><onlineDescription>Longterm Water Monitoring: Sites</onlineDescription>
        <url>http://caplter.asu.edu/home/products/showDataset.jsp?id=114_1</url>
      </online>
    </distribution>
  </associatedMaterial>
  <permissions date="2009" grantor="CAP">
    <description>
      Permit to collect soil samples at North Desert Village Landscape Experiment
    </description>
    <temporalCoverage><rangeOfDates><beginDate><calendarDate>2009-04-01</calendarDate></beginDate>
        <endDate><calendarDate>2009-08-31</calendarDate></endDate>
      </rangeOfDates>      
    </temporalCoverage>
    <permissionCategory><categoryTitle>Collection Sites</categoryTitle>
      <categoryValue>Mesic: 5502; Xeric: 7830; Control: 6412; Native: 1290</categoryValue>
    </permissionCategory>
    <permissionCategory><categoryTitle>Sampling Description</categoryTitle>
      <categoryValue>Three samples per site will be taken. A soil corer will be employd for collection.</categoryValue>
    </permissionCategory>
    <permissionCategory><categoryTitle>Disturbance and Remediation</categoryTitle>
      <categoryValue><para>Holes will be filled with potting soil/sand mixture. The irrigation system will be tested following sampling.</para></categoryValue>
    </permissionCategory>
  </permissions>
  <permissions date="2009" grantor="TNC">
    <description>Permit to collect soil samples on Nature Conservancy land</description>
  <associatedMaterial date="2009" category="permit">
      <distribution><online><onlineDescription>TNC soil 2009</onlineDescription>
          <url>http://caplter.asu.edu/documents/permits/TNCsoil2009.pdf</url>
        </online>
      </distribution>
    </associatedMaterial>
  </permissions>
</lter:researchProject>