<?xml version="1.0" encoding="UTF-8"?>
<!-- Central user configuration. Editing this document will cause the security to reload and update its internal database. Please handle with care! --><auth version="1.0"><!-- Please do not remove the guest and admin groups --><groups last-id="3"><group name="dba" id="1"/><group name="guest" id="2"/><group name="projectDB" id="3"/></groups><!-- Please do not remove the admin user. --><users last-id="3"><user name="admin" uid="1" password="{MD5}+VFiBuvntc14CDnNAQ/NQQ==" digest-password="87f554018319f4c8e51c5c23eb0b415b" home=""><group>dba</group></user><user name="guest" uid="2" password="{MD5}CE4DQ6BIb/BVMN9scFyLtA==" digest-password="e55d929cdbc8d5a7ce3bda044bc69f59" home=""><group>guest</group></user><user name="projectDBuser" uid="3" password="{MD5}+VFiBuvntc14CDnNAQ/NQQ==" digest-password="4d35a6d2fe2e14af17ce4e6ea4a7fc56" home="projectDB"><group>projectDB</group></user></users></auth>