<collection xmlns="http://exist.sourceforge.net/NS/exist" name="/db/projects/data/gce" owner="projectDBuser" group="projectDB" mode="774" created="2009-04-24T14:37:39-04:00" version="1">
    <resource type="XMLResource" name="knb-lter-gce_p1.xml" owner="projectDBuser" group="projectDB" mode="755" created="2010-10-15T07:45:32-04:00" modified="2010-10-15T07:45:32-04:00" filename="knb-lter-gce_p1.xml" mimetype="text/xml"/>
    <resource type="XMLResource" name="knb-lter-gce_p10.xml" owner="projectDBuser" group="projectDB" mode="755" created="2010-10-15T07:45:36-04:00" modified="2010-10-15T07:45:36-04:00" filename="knb-lter-gce_p10.xml" mimetype="text/xml"/>
    <resource type="XMLResource" name="knb-lter-gce_p11.xml" owner="projectDBuser" group="projectDB" mode="755" created="2010-10-15T07:45:37-04:00" modified="2010-10-15T07:45:37-04:00" filename="knb-lter-gce_p11.xml" mimetype="text/xml"/>
    <resource type="XMLResource" name="knb-lter-gce_p12.xml" owner="projectDBuser" group="projectDB" mode="755" created="2010-10-15T07:45:37-04:00" modified="2010-10-15T07:45:37-04:00" filename="knb-lter-gce_p12.xml" mimetype="text/xml"/>
    <resource type="XMLResource" name="knb-lter-gce_p13.xml" owner="projectDBuser" group="projectDB" mode="755" created="2010-10-15T07:45:38-04:00" modified="2010-10-15T07:45:38-04:00" filename="knb-lter-gce_p13.xml" mimetype="text/xml"/>
    <resource type="XMLResource" name="knb-lter-gce_p14.xml" owner="projectDBuser" group="projectDB" mode="755" created="2010-10-15T07:45:38-04:00" modified="2010-10-15T07:45:38-04:00" filename="knb-lter-gce_p14.xml" mimetype="text/xml"/>
    <resource type="XMLResource" name="knb-lter-gce_p15.xml" owner="projectDBuser" group="projectDB" mode="755" created="2010-10-15T07:45:39-04:00" modified="2010-10-15T07:45:39-04:00" filename="knb-lter-gce_p15.xml" mimetype="text/xml"/>
    <resource type="XMLResource" name="knb-lter-gce_p16.xml" owner="projectDBuser" group="projectDB" mode="755" created="2010-10-15T07:45:39-04:00" modified="2010-10-15T07:45:39-04:00" filename="knb-lter-gce_p16.xml" mimetype="text/xml"/>
    <resource type="XMLResource" name="knb-lter-gce_p17.xml" owner="projectDBuser" group="projectDB" mode="755" created="2010-10-15T07:45:40-04:00" modified="2010-10-15T07:45:40-04:00" filename="knb-lter-gce_p17.xml" mimetype="text/xml"/>
    <resource type="XMLResource" name="knb-lter-gce_p18.xml" owner="projectDBuser" group="projectDB" mode="755" created="2010-10-15T07:45:40-04:00" modified="2010-10-15T07:45:40-04:00" filename="knb-lter-gce_p18.xml" mimetype="text/xml"/>
    <resource type="XMLResource" name="knb-lter-gce_p19.xml" owner="projectDBuser" group="projectDB" mode="755" created="2010-10-15T07:45:40-04:00" modified="2010-10-15T07:45:40-04:00" filename="knb-lter-gce_p19.xml" mimetype="text/xml"/>
    <resource type="XMLResource" name="knb-lter-gce_p2.xml" owner="projectDBuser" group="projectDB" mode="755" created="2010-10-15T07:45:33-04:00" modified="2010-10-15T07:45:33-04:00" filename="knb-lter-gce_p2.xml" mimetype="text/xml"/>
    <resource type="XMLResource" name="knb-lter-gce_p20.xml" owner="projectDBuser" group="projectDB" mode="755" created="2010-10-15T07:45:41-04:00" modified="2010-10-15T07:45:41-04:00" filename="knb-lter-gce_p20.xml" mimetype="text/xml"/>
    <resource type="XMLResource" name="knb-lter-gce_p21.xml" owner="projectDBuser" group="projectDB" mode="755" created="2010-10-15T07:45:41-04:00" modified="2010-10-15T07:45:41-04:00" filename="knb-lter-gce_p21.xml" mimetype="text/xml"/>
    <resource type="XMLResource" name="knb-lter-gce_p22.xml" owner="projectDBuser" group="projectDB" mode="755" created="2010-10-15T07:45:42-04:00" modified="2010-10-15T07:45:42-04:00" filename="knb-lter-gce_p22.xml" mimetype="text/xml"/>
    <resource type="XMLResource" name="knb-lter-gce_p23.xml" owner="projectDBuser" group="projectDB" mode="755" created="2010-10-15T07:45:42-04:00" modified="2010-10-15T07:45:42-04:00" filename="knb-lter-gce_p23.xml" mimetype="text/xml"/>
    <resource type="XMLResource" name="knb-lter-gce_p24.xml" owner="projectDBuser" group="projectDB" mode="755" created="2010-10-15T07:45:46-04:00" modified="2010-10-15T07:45:46-04:00" filename="knb-lter-gce_p24.xml" mimetype="text/xml"/>
    <resource type="XMLResource" name="knb-lter-gce_p25.xml" owner="projectDBuser" group="projectDB" mode="755" created="2010-10-15T07:45:46-04:00" modified="2010-10-15T07:45:46-04:00" filename="knb-lter-gce_p25.xml" mimetype="text/xml"/>
    <resource type="XMLResource" name="knb-lter-gce_p26.xml" owner="projectDBuser" group="projectDB" mode="755" created="2010-10-15T07:45:46-04:00" modified="2010-10-15T07:45:46-04:00" filename="knb-lter-gce_p26.xml" mimetype="text/xml"/>
    <resource type="XMLResource" name="knb-lter-gce_p27.xml" owner="projectDBuser" group="projectDB" mode="755" created="2010-10-15T07:45:47-04:00" modified="2010-10-15T07:45:47-04:00" filename="knb-lter-gce_p27.xml" mimetype="text/xml"/>
    <resource type="XMLResource" name="knb-lter-gce_p28.xml" owner="projectDBuser" group="projectDB" mode="755" created="2010-10-15T07:45:47-04:00" modified="2010-10-15T07:45:47-04:00" filename="knb-lter-gce_p28.xml" mimetype="text/xml"/>
    <resource type="XMLResource" name="knb-lter-gce_p29.xml" owner="projectDBuser" group="projectDB" mode="755" created="2010-10-15T07:45:48-04:00" modified="2010-10-15T07:45:48-04:00" filename="knb-lter-gce_p29.xml" mimetype="text/xml"/>
    <resource type="XMLResource" name="knb-lter-gce_p3.xml" owner="projectDBuser" group="projectDB" mode="755" created="2010-10-15T07:45:33-04:00" modified="2010-10-15T07:45:33-04:00" filename="knb-lter-gce_p3.xml" mimetype="text/xml"/>
    <resource type="XMLResource" name="knb-lter-gce_p30.xml" owner="projectDBuser" group="projectDB" mode="755" created="2010-10-15T07:45:50-04:00" modified="2010-10-15T07:45:50-04:00" filename="knb-lter-gce_p30.xml" mimetype="text/xml"/>
    <resource type="XMLResource" name="knb-lter-gce_p31.xml" owner="projectDBuser" group="projectDB" mode="755" created="2010-10-15T07:45:50-04:00" modified="2010-10-15T07:45:50-04:00" filename="knb-lter-gce_p31.xml" mimetype="text/xml"/>
    <resource type="XMLResource" name="knb-lter-gce_p33.xml" owner="projectDBuser" group="projectDB" mode="755" created="2010-10-15T07:45:50-04:00" modified="2010-10-15T07:45:50-04:00" filename="knb-lter-gce_p33.xml" mimetype="text/xml"/>
    <resource type="XMLResource" name="knb-lter-gce_p34.xml" owner="projectDBuser" group="projectDB" mode="755" created="2010-10-15T07:45:51-04:00" modified="2010-10-15T07:45:51-04:00" filename="knb-lter-gce_p34.xml" mimetype="text/xml"/>
    <resource type="XMLResource" name="knb-lter-gce_p35.xml" owner="projectDBuser" group="projectDB" mode="755" created="2010-10-15T07:45:51-04:00" modified="2010-10-15T07:45:51-04:00" filename="knb-lter-gce_p35.xml" mimetype="text/xml"/>
    <resource type="XMLResource" name="knb-lter-gce_p36.xml" owner="projectDBuser" group="projectDB" mode="755" created="2010-10-15T07:45:52-04:00" modified="2010-10-15T07:45:52-04:00" filename="knb-lter-gce_p36.xml" mimetype="text/xml"/>
    <resource type="XMLResource" name="knb-lter-gce_p37.xml" owner="projectDBuser" group="projectDB" mode="755" created="2010-10-15T07:45:52-04:00" modified="2010-10-15T07:45:52-04:00" filename="knb-lter-gce_p37.xml" mimetype="text/xml"/>
    <resource type="XMLResource" name="knb-lter-gce_p38.xml" owner="projectDBuser" group="projectDB" mode="755" created="2010-10-15T07:45:52-04:00" modified="2010-10-15T07:45:52-04:00" filename="knb-lter-gce_p38.xml" mimetype="text/xml"/>
    <resource type="XMLResource" name="knb-lter-gce_p39.xml" owner="projectDBuser" group="projectDB" mode="755" created="2010-10-15T07:45:53-04:00" modified="2010-10-15T07:45:53-04:00" filename="knb-lter-gce_p39.xml" mimetype="text/xml"/>
    <resource type="XMLResource" name="knb-lter-gce_p4.xml" owner="projectDBuser" group="projectDB" mode="755" created="2010-10-15T07:45:34-04:00" modified="2010-10-15T07:45:34-04:00" filename="knb-lter-gce_p4.xml" mimetype="text/xml"/>
    <resource type="XMLResource" name="knb-lter-gce_p40.xml" owner="projectDBuser" group="projectDB" mode="755" created="2010-10-15T07:45:53-04:00" modified="2010-10-15T07:45:53-04:00" filename="knb-lter-gce_p40.xml" mimetype="text/xml"/>
    <resource type="XMLResource" name="knb-lter-gce_p41.xml" owner="projectDBuser" group="projectDB" mode="755" created="2010-10-15T07:45:54-04:00" modified="2010-10-15T07:45:54-04:00" filename="knb-lter-gce_p41.xml" mimetype="text/xml"/>
    <resource type="XMLResource" name="knb-lter-gce_p42.xml" owner="projectDBuser" group="projectDB" mode="755" created="2010-10-15T07:45:54-04:00" modified="2010-10-15T07:45:54-04:00" filename="knb-lter-gce_p42.xml" mimetype="text/xml"/>
    <resource type="XMLResource" name="knb-lter-gce_p44.xml" owner="projectDBuser" group="projectDB" mode="755" created="2010-10-15T07:45:54-04:00" modified="2010-10-15T07:45:54-04:00" filename="knb-lter-gce_p44.xml" mimetype="text/xml"/>
    <resource type="XMLResource" name="knb-lter-gce_p46.xml" owner="projectDBuser" group="projectDB" mode="755" created="2010-10-15T07:45:55-04:00" modified="2010-10-15T07:45:55-04:00" filename="knb-lter-gce_p46.xml" mimetype="text/xml"/>
    <resource type="XMLResource" name="knb-lter-gce_p47.xml" owner="projectDBuser" group="projectDB" mode="755" created="2010-10-15T07:45:55-04:00" modified="2010-10-15T07:45:55-04:00" filename="knb-lter-gce_p47.xml" mimetype="text/xml"/>
    <resource type="XMLResource" name="knb-lter-gce_p48.xml" owner="projectDBuser" group="projectDB" mode="755" created="2010-10-15T07:45:56-04:00" modified="2010-10-15T07:45:56-04:00" filename="knb-lter-gce_p48.xml" mimetype="text/xml"/>
    <resource type="XMLResource" name="knb-lter-gce_p5.xml" owner="projectDBuser" group="projectDB" mode="755" created="2010-10-15T07:45:34-04:00" modified="2010-10-15T07:45:34-04:00" filename="knb-lter-gce_p5.xml" mimetype="text/xml"/>
    <resource type="XMLResource" name="knb-lter-gce_p50.xml" owner="projectDBuser" group="projectDB" mode="755" created="2010-10-15T07:45:56-04:00" modified="2010-10-15T07:45:56-04:00" filename="knb-lter-gce_p50.xml" mimetype="text/xml"/>
    <resource type="XMLResource" name="knb-lter-gce_p51.xml" owner="projectDBuser" group="projectDB" mode="755" created="2010-10-15T07:45:57-04:00" modified="2010-10-15T07:45:57-04:00" filename="knb-lter-gce_p51.xml" mimetype="text/xml"/>
    <resource type="XMLResource" name="knb-lter-gce_p52.xml" owner="projectDBuser" group="projectDB" mode="755" created="2010-10-15T07:45:57-04:00" modified="2010-10-15T07:45:57-04:00" filename="knb-lter-gce_p52.xml" mimetype="text/xml"/>
    <resource type="XMLResource" name="knb-lter-gce_p53.xml" owner="projectDBuser" group="projectDB" mode="755" created="2010-10-15T07:45:57-04:00" modified="2010-10-15T07:45:57-04:00" filename="knb-lter-gce_p53.xml" mimetype="text/xml"/>
    <resource type="XMLResource" name="knb-lter-gce_p54.xml" owner="projectDBuser" group="projectDB" mode="755" created="2010-10-15T07:45:58-04:00" modified="2010-10-15T07:45:58-04:00" filename="knb-lter-gce_p54.xml" mimetype="text/xml"/>
    <resource type="XMLResource" name="knb-lter-gce_p55.xml" owner="projectDBuser" group="projectDB" mode="755" created="2010-10-15T07:45:59-04:00" modified="2010-10-15T07:45:59-04:00" filename="knb-lter-gce_p55.xml" mimetype="text/xml"/>
    <resource type="XMLResource" name="knb-lter-gce_p56.xml" owner="projectDBuser" group="projectDB" mode="755" created="2010-10-15T07:46:00-04:00" modified="2010-10-15T07:46:00-04:00" filename="knb-lter-gce_p56.xml" mimetype="text/xml"/>
    <resource type="XMLResource" name="knb-lter-gce_p57.xml" owner="projectDBuser" group="projectDB" mode="755" created="2010-10-15T07:46:01-04:00" modified="2010-10-15T07:46:01-04:00" filename="knb-lter-gce_p57.xml" mimetype="text/xml"/>
    <resource type="XMLResource" name="knb-lter-gce_p58.xml" owner="projectDBuser" group="projectDB" mode="755" created="2010-10-15T07:46:01-04:00" modified="2010-10-15T07:46:01-04:00" filename="knb-lter-gce_p58.xml" mimetype="text/xml"/>
    <resource type="XMLResource" name="knb-lter-gce_p59.xml" owner="projectDBuser" group="projectDB" mode="755" created="2010-10-15T07:46:02-04:00" modified="2010-10-15T07:46:02-04:00" filename="knb-lter-gce_p59.xml" mimetype="text/xml"/>
    <resource type="XMLResource" name="knb-lter-gce_p6.xml" owner="projectDBuser" group="projectDB" mode="755" created="2010-10-15T07:45:34-04:00" modified="2010-10-15T07:45:34-04:00" filename="knb-lter-gce_p6.xml" mimetype="text/xml"/>
    <resource type="XMLResource" name="knb-lter-gce_p60.xml" owner="projectDBuser" group="projectDB" mode="755" created="2010-10-15T07:46:02-04:00" modified="2010-10-15T07:46:02-04:00" filename="knb-lter-gce_p60.xml" mimetype="text/xml"/>
    <resource type="XMLResource" name="knb-lter-gce_p61.xml" owner="projectDBuser" group="projectDB" mode="755" created="2010-10-15T07:46:03-04:00" modified="2010-10-15T07:46:03-04:00" filename="knb-lter-gce_p61.xml" mimetype="text/xml"/>
    <resource type="XMLResource" name="knb-lter-gce_p62.xml" owner="projectDBuser" group="projectDB" mode="755" created="2010-10-15T07:46:03-04:00" modified="2010-10-15T07:46:03-04:00" filename="knb-lter-gce_p62.xml" mimetype="text/xml"/>
    <resource type="XMLResource" name="knb-lter-gce_p63.xml" owner="projectDBuser" group="projectDB" mode="755" created="2010-10-15T07:46:04-04:00" modified="2010-10-15T07:46:04-04:00" filename="knb-lter-gce_p63.xml" mimetype="text/xml"/>
    <resource type="XMLResource" name="knb-lter-gce_p64.xml" owner="projectDBuser" group="projectDB" mode="755" created="2010-10-15T07:46:04-04:00" modified="2010-10-15T07:46:04-04:00" filename="knb-lter-gce_p64.xml" mimetype="text/xml"/>
    <resource type="XMLResource" name="knb-lter-gce_p65.xml" owner="projectDBuser" group="projectDB" mode="755" created="2010-10-15T07:46:05-04:00" modified="2010-10-15T07:46:05-04:00" filename="knb-lter-gce_p65.xml" mimetype="text/xml"/>
    <resource type="XMLResource" name="knb-lter-gce_p66.xml" owner="projectDBuser" group="projectDB" mode="755" created="2010-10-15T07:46:05-04:00" modified="2010-10-15T07:46:05-04:00" filename="knb-lter-gce_p66.xml" mimetype="text/xml"/>
    <resource type="XMLResource" name="knb-lter-gce_p67.xml" owner="projectDBuser" group="projectDB" mode="755" created="2010-10-15T07:46:06-04:00" modified="2010-10-15T07:46:06-04:00" filename="knb-lter-gce_p67.xml" mimetype="text/xml"/>
    <resource type="XMLResource" name="knb-lter-gce_p68.xml" owner="projectDBuser" group="projectDB" mode="755" created="2010-10-15T07:46:06-04:00" modified="2010-10-15T07:46:06-04:00" filename="knb-lter-gce_p68.xml" mimetype="text/xml"/>
    <resource type="XMLResource" name="knb-lter-gce_p69.xml" owner="projectDBuser" group="projectDB" mode="755" created="2010-10-15T07:46:06-04:00" modified="2010-10-15T07:46:06-04:00" filename="knb-lter-gce_p69.xml" mimetype="text/xml"/>
    <resource type="XMLResource" name="knb-lter-gce_p7.xml" owner="projectDBuser" group="projectDB" mode="755" created="2010-10-15T07:45:35-04:00" modified="2010-10-15T07:45:35-04:00" filename="knb-lter-gce_p7.xml" mimetype="text/xml"/>
    <resource type="XMLResource" name="knb-lter-gce_p70.xml" owner="projectDBuser" group="projectDB" mode="755" created="2010-10-15T07:46:07-04:00" modified="2010-10-15T07:46:07-04:00" filename="knb-lter-gce_p70.xml" mimetype="text/xml"/>
    <resource type="XMLResource" name="knb-lter-gce_p71.xml" owner="projectDBuser" group="projectDB" mode="755" created="2010-10-15T07:46:07-04:00" modified="2010-10-15T07:46:07-04:00" filename="knb-lter-gce_p71.xml" mimetype="text/xml"/>
    <resource type="XMLResource" name="knb-lter-gce_p72.xml" owner="projectDBuser" group="projectDB" mode="755" created="2010-10-15T07:45:32-04:00" modified="2010-10-15T07:45:32-04:00" filename="knb-lter-gce_p72.xml" mimetype="text/xml"/>
    <resource type="XMLResource" name="knb-lter-gce_p8.xml" owner="projectDBuser" group="projectDB" mode="755" created="2010-10-15T07:45:35-04:00" modified="2010-10-15T07:45:35-04:00" filename="knb-lter-gce_p8.xml" mimetype="text/xml"/>
    <resource type="XMLResource" name="knb-lter-gce_p9.xml" owner="projectDBuser" group="projectDB" mode="755" created="2010-10-15T07:45:36-04:00" modified="2010-10-15T07:45:36-04:00" filename="knb-lter-gce_p9.xml" mimetype="text/xml"/>
</collection>