<?xml version="1.0" encoding="UTF-8"?>
<lter:researchProject xmlns:lter="eml://ecoinformatics.org/lter-project-2.1.0" xmlns:xsi="http://www.w3.org/2001/XMLSchema-instance" xsi:schemaLocation="eml://ecoinformatics.org/lter-project-2.1.0 http://gce-lter.marsci.uga.edu/public/files/schemas/project-eml-210/lter-project.xsd" id="knb-lter-gce.p48" scope="system" system="knb">
<shortName>Estimating upland areas of hammocks</shortName>
<title>Correction for estimated upland areas of marsh hammocks</title>
<creator><individualName><salutation>Dr.</salutation>
<givenName>Merryl</givenName>
<surName>Alber</surName>
</individualName>
<organizationName>University of Georgia</organizationName>
<address><deliveryPoint>Dept. of Marine Sciences</deliveryPoint>
<deliveryPoint>University of Georgia</deliveryPoint>
<city>Athens</city>
<administrativeArea>Georgia</administrativeArea>
<postalCode>30602-3636</postalCode>
<country>USA</country>
</address>
<electronicMailAddress>malber@uga.edu</electronicMailAddress>
<onlineUrl>http://www.gcrc.uga.edu/Affiliates/alber_merryl.htm</onlineUrl>
<userId directory="http://gce-lter.marsci.uga.edu/public/app/personnel_bios.asp?id=malber">malber</userId>
</creator>
<metadataProvider><organizationName>Georgia Coastal Ecosystems LTER Project</organizationName>
<address><deliveryPoint>Dept. of Marine Sciences</deliveryPoint>
<deliveryPoint>University of Georgia</deliveryPoint>
<city>Athens</city>
<administrativeArea>Georgia</administrativeArea>
<postalCode>30602-3636</postalCode>
<country>USA</country>
</address>
<electronicMailAddress>gcelter@uga.edu</electronicMailAddress>
<onlineUrl>http://gce-lter.marsci.uga.edu/</onlineUrl>
</metadataProvider>
<associatedParty><individualName><salutation>Dr.</salutation>
<givenName>Merryl</givenName>
<surName>Alber</surName>
</individualName>
<organizationName>University of Georgia</organizationName>
<address><deliveryPoint>Dept. of Marine Sciences</deliveryPoint>
<deliveryPoint>University of Georgia</deliveryPoint>
<city>Athens</city>
<administrativeArea>Georgia</administrativeArea>
<postalCode>30602-3636</postalCode>
<country>USA</country>
</address>
<electronicMailAddress>malber@uga.edu</electronicMailAddress>
<onlineUrl>http://www.gcrc.uga.edu/Affiliates/alber_merryl.htm</onlineUrl>
<userId directory="http://gce-lter.marsci.uga.edu/public/app/personnel_bios.asp?id=malber">malber</userId>
<role>Principal investigator</role>
<temporalCoverage><rangeOfDates><beginDate><calendarDate>2007-01-01</calendarDate>
</beginDate>
<endDate><calendarDate>2009-12-31</calendarDate>
</endDate>
</rangeOfDates>
</temporalCoverage>
</associatedParty>
<associatedParty><individualName><givenName>Christine</givenName>
<givenName>M.</givenName>
<surName>Hladik</surName>
</individualName>
<organizationName>University of Georgia</organizationName>
<address><deliveryPoint>Department of Marine Sciences</deliveryPoint>
<deliveryPoint>University of Georgia</deliveryPoint>
<city>Athens</city>
<administrativeArea>Georgia</administrativeArea>
<postalCode>30602-3636</postalCode>
<country>USA</country>
</address>
<electronicMailAddress>chladik@uga.edu</electronicMailAddress>
<userId directory="http://gce-lter.marsci.uga.edu/public/app/personnel_bios.asp?id=chladik">chladik</userId>
<role>Graduate research assistant</role>
<temporalCoverage><rangeOfDates><beginDate><calendarDate>2007-01-01</calendarDate>
</beginDate>
<endDate><calendarDate>2009-12-31</calendarDate>
</endDate>
</rangeOfDates>
</temporalCoverage>
</associatedParty>
<associatedParty><individualName><givenName>Caitlin</givenName>
<surName>Yeager</surName>
</individualName>
<organizationName>University of Georgia</organizationName>
<address><deliveryPoint>Department of Marine Sciences</deliveryPoint>
<deliveryPoint>University of Georgia</deliveryPoint>
<city>Athens</city>
<administrativeArea>Georgia</administrativeArea>
<postalCode>30602</postalCode>
<country>USA</country>
</address>
<electronicMailAddress>cyeager@uga.edu</electronicMailAddress>
<userId directory="http://gce-lter.marsci.uga.edu/public/app/personnel_bios.asp?id=cyeager">cyeager</userId>
<role>Undergraduate research assistant</role>
<temporalCoverage><rangeOfDates><beginDate><calendarDate>2007-01-01</calendarDate>
</beginDate>
<endDate><calendarDate>2009-12-31</calendarDate>
</endDate>
</rangeOfDates>
</temporalCoverage>
</associatedParty>
<pubDate>2010</pubDate>
<abstract><section><title>Overview</title>
<para>C. Yeager (BS student, UGA) and M. Alber (UGA) evaluated the differences in the digitized canopy border, obtained from aerial imagery, and ground-truthed observations of the upland border of marsh hammocks evaluated as part of the 2007 survey.  They calculated the mean halo width of 54 marsh hammocks ranging in size, from &lt;1 ha to &gt;20 ha, and origin and tested to see whether there was a significant difference in the mean halo widths between hammocks of different origins, and sizes, as well as whether the presence of a creek bank significantly affected halo width. They also looked to see whether the slope of the land within a transect affected halo width.  Halo width averaged 5.59 ± 8.81 m, and the halo width of Pleistocene hammocks was significantly different from that of other hammock origins (single factor analysis of variation, p&lt; 0.05).  The halo width of size class I hammocks was found to be significantly greater than size classes II, III, and IV (t-tests, p &lt; 0.02).  In addition, the halo width at points located along a creek bank were significantly larger than those that were located in the marsh (7.87 ± 4.07 m vs. 4.58 ± 8.29 m, t-test assuming equal variances, p&lt;0.05).  Lastly, the slope within the halo ranged from 15.67 to -67.43 with a mean -6.49 ± 8.25.  Although there was a general decrease in elevation from the upland order to the canopy line, no consistent trend could be discerned when halo width was plotted against slope for each transect.</para>
</section>
<section><title>Associated GCE LTER research questions</title>
<para>Question 4: What are the underlying mechanisms by which proximity of marshes to upland habitat drives ecosystem change along lateral gradients in the intertidal zone? (<ulink url="http://gce-lter.marsci.uga.edu/public/research/gce2_q4.asp">more information</ulink>)</para>
</section>
</abstract>
<keywordSet name="organization">
<keyword>LTER</keyword>
<keyword>NSF</keyword>
</keywordSet>
<keywordSet name="site">
<keyword>GCE</keyword>
</keywordSet>
<keywordSet name="theme">
<keyword>aerial imagery</keyword>
<keyword>Georgia</keyword>
<keyword>halo</keyword>
<keyword>hammock</keyword>
<keyword>marsh</keyword>
<keyword>upland</keyword>
</keywordSet>
<coverage><geographicCoverage><geographicDescription>Overall geographic extent of the research project</geographicDescription>
<boundingCoordinates><westBoundingCoordinate>-81.295506</westBoundingCoordinate>
<eastBoundingCoordinate>-81.195661</eastBoundingCoordinate>
<northBoundingCoordinate>31.546868</northBoundingCoordinate>
<southBoundingCoordinate>31.395295</southBoundingCoordinate>
</boundingCoordinates>
</geographicCoverage>
<temporalCoverage><rangeOfDates><beginDate><calendarDate>2007-01-01</calendarDate>
</beginDate>
<endDate><calendarDate>2009-12-31</calendarDate>
</endDate>
</rangeOfDates>
</temporalCoverage>
</coverage>
<funding><section><para>National Science Foundation grant number OCE-0620959</para>
</section>
</funding>
<studyAreaDescription><descriptor name="hydrology" citableClassificationSystem="false">
<descriptorValue>estuary marsh complex</descriptorValue>
</descriptor>
<coverage><geographicCoverage><geographicDescription>Hunt Camp - Barrier island/marsh site on western Sapelo Island.  This site is located at the upper reaches of the Duplin River, and is within the Sapelo Island National Estuarine Research Reserve. Existing well fields border small marsh area to northwest, some wells have been installed to south end of hammock where marsh is more extensive and permanent plots are located. Two existing hydrographic sondes and weather stations within this site are operated by SINERR (Hunt Camp dock) and UGAMI (flume dock).</geographicDescription>
<boundingCoordinates><westBoundingCoordinate>-81.295506</westBoundingCoordinate>
<eastBoundingCoordinate>-81.258908</eastBoundingCoordinate>
<northBoundingCoordinate>31.497026</northBoundingCoordinate>
<southBoundingCoordinate>31.462320</southBoundingCoordinate>
</boundingCoordinates>
</geographicCoverage>
<geographicCoverage><geographicDescription>North Sapelo - High salinity marsh/Sapelo Sound site.  Few or no small creeks, but one large creek is easily accessed. Further upstream upland drainage is affected by culvert at Reynolds' duck pond. Upland is heavily forested. Hydrographic sonde is deployed adjacent to this site attached to a channel marker (under U.S. Coast Guard permit). A huge mud flat is present at the northern tip of Sapelo Island.</geographicDescription>
<boundingCoordinates><westBoundingCoordinate>-81.233249</westBoundingCoordinate>
<eastBoundingCoordinate>-81.195661</eastBoundingCoordinate>
<northBoundingCoordinate>31.546868</northBoundingCoordinate>
<southBoundingCoordinate>31.515188</southBoundingCoordinate>
</boundingCoordinates>
</geographicCoverage>
<geographicCoverage><geographicDescription>UGA Marine Institute - The University of Georgia Marine Institute is located on the southern end of Sapelo Island, a barrier island off the central Georgia coast.</geographicDescription>
<boundingCoordinates><westBoundingCoordinate>-81.282950</westBoundingCoordinate>
<eastBoundingCoordinate>-81.278834</eastBoundingCoordinate>
<northBoundingCoordinate>31.398877</northBoundingCoordinate>
<southBoundingCoordinate>31.395295</southBoundingCoordinate>
</boundingCoordinates>
</geographicCoverage>
</coverage>
<associatedMaterial category="image">
<distribution><online><onlineDescription>Hammock overview.</onlineDescription>
<url>http://gce-lter.marsci.uga.edu/public/resources/projects/hammockOverview.png</url>
</online>
</distribution>
</associatedMaterial>
</studyAreaDescription>
</lter:researchProject>