<?xml version="1.0" encoding="UTF-8"?>
<lter:researchProject xmlns:lter="eml://ecoinformatics.org/lter-project-2.1.0" xmlns:xsi="http://www.w3.org/2001/XMLSchema-instance" xsi:schemaLocation="eml://ecoinformatics.org/lter-project-2.1.0 http://gce-lter.marsci.uga.edu/public/files/schemas/project-eml-210/lter-project.xsd" id="knb-lter-gce.p42" scope="system" system="knb">
<shortName>Analysis of historic vegetation changes</shortName>
<title>Analysis of historic vegetation changes using aerial photographs and GIS</title>
<creator><individualName><salutation>Dr.</salutation>
<givenName>Merryl</givenName>
<surName>Alber</surName>
</individualName>
<organizationName>University of Georgia</organizationName>
<address><deliveryPoint>Dept. of Marine Sciences</deliveryPoint>
<deliveryPoint>University of Georgia</deliveryPoint>
<city>Athens</city>
<administrativeArea>Georgia</administrativeArea>
<postalCode>30602-3636</postalCode>
<country>USA</country>
</address>
<electronicMailAddress>malber@uga.edu</electronicMailAddress>
<onlineUrl>http://www.gcrc.uga.edu/Affiliates/alber_merryl.htm</onlineUrl>
<userId directory="http://gce-lter.marsci.uga.edu/public/app/personnel_bios.asp?id=malber">malber</userId>
</creator>
<metadataProvider><organizationName>Georgia Coastal Ecosystems LTER Project</organizationName>
<address><deliveryPoint>Dept. of Marine Sciences</deliveryPoint>
<deliveryPoint>University of Georgia</deliveryPoint>
<city>Athens</city>
<administrativeArea>Georgia</administrativeArea>
<postalCode>30602-3636</postalCode>
<country>USA</country>
</address>
<electronicMailAddress>gcelter@uga.edu</electronicMailAddress>
<onlineUrl>http://gce-lter.marsci.uga.edu/</onlineUrl>
</metadataProvider>
<associatedParty><individualName><salutation>Dr.</salutation>
<givenName>Merryl</givenName>
<surName>Alber</surName>
</individualName>
<organizationName>University of Georgia</organizationName>
<address><deliveryPoint>Dept. of Marine Sciences</deliveryPoint>
<deliveryPoint>University of Georgia</deliveryPoint>
<city>Athens</city>
<administrativeArea>Georgia</administrativeArea>
<postalCode>30602-3636</postalCode>
<country>USA</country>
</address>
<electronicMailAddress>malber@uga.edu</electronicMailAddress>
<onlineUrl>http://www.gcrc.uga.edu/Affiliates/alber_merryl.htm</onlineUrl>
<userId directory="http://gce-lter.marsci.uga.edu/public/app/personnel_bios.asp?id=malber">malber</userId>
<role>Principal investigator</role>
<temporalCoverage><rangeOfDates><beginDate><calendarDate>1999-01-01</calendarDate>
</beginDate>
<endDate><calendarDate>2001-12-31</calendarDate>
</endDate>
</rangeOfDates>
</temporalCoverage>
</associatedParty>
<associatedParty><individualName><salutation>Dr.</salutation>
<givenName>Alice</givenName>
<givenName>G.</givenName>
<surName>Chalmers</surName>
</individualName>
<organizationName>University of Georgia</organizationName>
<address><deliveryPoint>Dept. of Marine Sciences</deliveryPoint>
<deliveryPoint>University of Georgia</deliveryPoint>
<city>Athens</city>
<administrativeArea>Georgia</administrativeArea>
<postalCode>30602-3636</postalCode>
<country>USA</country>
</address>
<electronicMailAddress>achalme@uga.edu</electronicMailAddress>
<userId directory="http://gce-lter.marsci.uga.edu/public/app/personnel_bios.asp?id=achalmers">achalmers</userId>
<role>Research scientist</role>
</associatedParty>
<associatedParty><individualName><salutation>Ms</salutation>
<givenName>Carrie</givenName>
<givenName>Beth</givenName>
<surName>Smith</surName>
</individualName>
<address>
</address>
<userId directory="http://gce-lter.marsci.uga.edu/public/app/personnel_bios.asp?id=csmith">csmith</userId>
<role>Graduate research assistant</role>
</associatedParty>
<pubDate>2010</pubDate>
<abstract><section><title>Overview</title>
<para>Aerial photographs and GIS analysis were used to map the distribution of tidal marsh vegetation along the salinity gradients of the estuaries of the Altamaha and Satilla Rivers. Vegetation maps were constructed from 1993 U.S. Geological Survey Digital Orthophoto Quarter Quads, 1:77,000-scale color infrared photographs taken in 1974 and 1:24,000-scale black and white photographs taken in 1953. Changes between years were identified using a GIS overlay analysis. Four vegetation classifications were identified and groundtruthed with field surveys: salt marsh (areas containing primarily Spartina alterniflora), brackish marsh (Spartina cynosuroides and S. alterniflora), Juncus ( Juncus roemerianus), and fresh marsh (Zizania aquatica, Zizaniopsis miliacae, and others). There was no evidence for an upstream shift in marsh vegetation along the longitudinal axis of either estuary over the time frame of this analysis, which implies there has not been a long-term increase in salinity. Although the inland extent of each marsh zone was further upstream in the Satilla than the Altamaha, they corresponded to similar average high tide salinities in each estuary: areas classified as salt marsh occurred from the mouth up to where average high tide salinity in the water was approximately 15 psu; Juncus ranged from 21 to 1 psu; brackish marsh ranged from 15 to 1 psu; and fresh marsh was upstream of 1 psu. Approximately 63% of the 6,786 ha of tidal marsh vegetation mapped in the Altamaha and 75% of the 10,220 ha mapped in the Satilla remained the same in all 3 yr. Juncus was the dominant classification in the intermediate regions of both estuaries, and shifts between areas classified as Juncus and either brackish or salt marsh constituted the primary vegetation change between 1953 and 1993 (87% of the changes observed in the Altamaha and 95% of those in the Satilla). This analysis suggests that the broad distribution of tidal marsh vegetation along these two estuaries is driven by salinity, but that at the local scale these are dynamic systems with a larger number of factors affecting the frequently changing borders of vegetation patches.</para>
</section>
<section><title>Associated GCE LTER research questions</title>
<para>Question 2: How do the spatial and temporal patterns of biogeochemical processes, primary production, community dynamics, decomposition, and disturbance vary across the estuarine landscape, and how do they relate to environmental gradients? (<ulink url="http://gce-lter.marsci.uga.edu/public/research/gce2_q2.asp">more information</ulink>)</para>
</section>
</abstract>
<keywordSet name="organization">
<keyword>LTER</keyword>
<keyword>NSF</keyword>
</keywordSet>
<keywordSet name="place">
<keyword>Altamaha River</keyword>
<keyword>Georgia</keyword>
<keyword>Satilla River</keyword>
</keywordSet>
<keywordSet name="site">
<keyword>GCE</keyword>
</keywordSet>
<keywordSet name="taxonomic">
<keyword>Juncus</keyword>
<keyword>Spartina</keyword>
</keywordSet>
<keywordSet name="theme">
<keyword>aerial photographs</keyword>
<keyword>brackish marsh</keyword>
<keyword>fresh marsh</keyword>
<keyword>GIS</keyword>
<keyword>salintiy</keyword>
<keyword>salt marsh</keyword>
<keyword>tidal marsh</keyword>
<keyword>vegetation</keyword>
</keywordSet>
<coverage><geographicCoverage><geographicDescription>Overall geographic extent of the research project</geographicDescription>
<boundingCoordinates><westBoundingCoordinate>-81.582311</westBoundingCoordinate>
<eastBoundingCoordinate>-81.237936</eastBoundingCoordinate>
<northBoundingCoordinate>31.401403</northBoundingCoordinate>
<southBoundingCoordinate>31.296034</southBoundingCoordinate>
</boundingCoordinates>
</geographicCoverage>
<temporalCoverage><rangeOfDates><beginDate><calendarDate>1999-01-01</calendarDate>
</beginDate>
<endDate><calendarDate>2001-12-31</calendarDate>
</endDate>
</rangeOfDates>
</temporalCoverage>
</coverage>
<funding><section><para>National Science Foundation grant number OCE-9982133. Additional funding: Coastal Incentive Grant, Georgia Deptartment of Natural Resources</para>
</section>
</funding>
<studyAreaDescription><descriptor name="hydrology" citableClassificationSystem="false">
<descriptorValue>estuary marsh complex</descriptorValue>
</descriptor>
<coverage><geographicCoverage><geographicDescription>Altamaha River - Altamaha River transect used for GCE quarterly hydrographic monitoring surveys.  Nominal profiling stations are defined every 2km from -4km to 40km (relative to station 0km at the line of demarcation), based on an estimated Thalweg line running up the main river channel.</geographicDescription>
<boundingCoordinates><westBoundingCoordinate>-81.582311</westBoundingCoordinate>
<eastBoundingCoordinate>-81.237936</eastBoundingCoordinate>
<northBoundingCoordinate>31.401403</northBoundingCoordinate>
<southBoundingCoordinate>31.296034</southBoundingCoordinate>
</boundingCoordinates>
</geographicCoverage>
</coverage>
<associatedMaterial category="image">
<distribution><online><onlineDescription>Triangles mark the locations of point samples and Ts mark the locations of transects. Circles (and corresponding numbers) mark the location of sampling stations from the Georgia Rivers LMER program and denote the distance from the mouth (in km) along the main axis in each estuary.</onlineDescription>
<url>http://gce-lter.marsci.uga.edu/public/resources/projects/AltamahaEsutaryAlberQ3.png</url>
</online>
</distribution>
</associatedMaterial>
</studyAreaDescription>
<associatedMaterial category="publication" id="gce.54" date="2004">
<distribution><offline><mediumName>Higinbotham, C.B., Alber, M. and Chalmers, A.G. 2004. Analysis of Tidal Marsh Vegetation Patterns in Two Georgia Estuaries Using Aerial Photography and GIS. Estuaries. 27(4):670-683.</mediumName>
</offline>
</distribution>
</associatedMaterial>
<associatedMaterial category="publication" id="gce.271" date="2001">
<distribution><offline><mediumName>Smith, C.B. 2001. Analysis of historic vegetation changes in two Georgia estuaries using aerial photography and GIS. M.S. Thesis, University of Georgia, Athens, Georgia. 93 pp.</mediumName>
</offline>
</distribution>
</associatedMaterial>
<associatedMaterial category="publication" id="gce.12" date="2001">
<distribution><online><onlineDescription>Smith, C., Alber, M. and Chalmers, A.G. 2001. Linking shifts in historic estuarine vegetation to salinity changes using a GIS. Pages 615-618 in: Hatcher, K.J. (editor). Proceedings of the 2001 Georgia Water Resources Conference. Institute of Ecology, University of Georgia, Athens, Georgia.</onlineDescription>
<url>http://gce-lter.marsci.uga.edu/public/files/pubs/Smith_gwrc.pdf</url>
</online>
</distribution>
</associatedMaterial>
<associatedMaterial category="publication" id="gce.28" date="2000">
<distribution><offline><mediumName>Smith, C.B., Alber, M. and Sheldon, J.E. 2000. Poster:  Analysis of historic vegetation changes in two Georgia estuaries using a GIS. Southeastern Estuarine Research Society Meeting. Southeastern Estuarine Research Society, Oct 01, 2000, Tampa, Florida.</mediumName>
</offline>
</distribution>
</associatedMaterial>
<associatedMaterial category="image">
<distribution><online><onlineDescription>Vegetation classifications of the Altamaha River estuaries in 1993.</onlineDescription>
<url>http://gce-lter.marsci.uga.edu/public/resources/projects/AltamahaVegClassAlberQ3.png</url>
</online>
</distribution>
</associatedMaterial>
</lter:researchProject>