<?xml version="1.0" encoding="UTF-8"?>
<lter:researchProject xmlns:lter="eml://ecoinformatics.org/lter-project-2.1.0" xmlns:xsi="http://www.w3.org/2001/XMLSchema-instance" xsi:schemaLocation="eml://ecoinformatics.org/lter-project-2.1.0 http://gce-lter.marsci.uga.edu/public/files/schemas/project-eml-210/lter-project.xsd" id="knb-lter-gce.p6" scope="system" system="knb">
<shortName>Intertidal zonation</shortName>
<title>Plant zonation patterns in Georgia tidal marshes</title>
<creator><individualName><salutation>Dr.</salutation>
<givenName>Steven</givenName>
<givenName>C.</givenName>
<surName>Pennings</surName>
</individualName>
<organizationName>University of Houston</organizationName>
<address><deliveryPoint>Department of Biology and Biochemistry</deliveryPoint>
<deliveryPoint>University of Houston</deliveryPoint>
<city>Houston</city>
<administrativeArea>Texas</administrativeArea>
<postalCode>77204-5513</postalCode>
<country>USA</country>
</address>
<electronicMailAddress>scpennin@central.uh.edu</electronicMailAddress>
<onlineUrl>http://www.bchs.uh.edu/~steve/</onlineUrl>
<userId directory="http://gce-lter.marsci.uga.edu/public/app/personnel_bios.asp?id=spennings">spennings</userId>
</creator>
<metadataProvider><organizationName>Georgia Coastal Ecosystems LTER Project</organizationName>
<address><deliveryPoint>Dept. of Marine Sciences</deliveryPoint>
<deliveryPoint>University of Georgia</deliveryPoint>
<city>Athens</city>
<administrativeArea>Georgia</administrativeArea>
<postalCode>30602-3636</postalCode>
<country>USA</country>
</address>
<electronicMailAddress>gcelter@uga.edu</electronicMailAddress>
<onlineUrl>http://gce-lter.marsci.uga.edu/</onlineUrl>
</metadataProvider>
<associatedParty><individualName><salutation>Dr.</salutation>
<givenName>Steven</givenName>
<givenName>C.</givenName>
<surName>Pennings</surName>
</individualName>
<organizationName>University of Houston</organizationName>
<address><deliveryPoint>Department of Biology and Biochemistry</deliveryPoint>
<deliveryPoint>University of Houston</deliveryPoint>
<city>Houston</city>
<administrativeArea>Texas</administrativeArea>
<postalCode>77204-5513</postalCode>
<country>USA</country>
</address>
<electronicMailAddress>scpennin@central.uh.edu</electronicMailAddress>
<onlineUrl>http://www.bchs.uh.edu/~steve/</onlineUrl>
<userId directory="http://gce-lter.marsci.uga.edu/public/app/personnel_bios.asp?id=spennings">spennings</userId>
<role>Principal investigator</role>
</associatedParty>
<associatedParty><individualName><givenName>Tracy</givenName>
<givenName>L.</givenName>
<surName>Buck</surName>
</individualName>
<organizationName>University of Georgia Marine Institute</organizationName>
<address><deliveryPoint>University of Georgia Marine Institute</deliveryPoint>
<city>Sapelo Island</city>
<administrativeArea>Georgia</administrativeArea>
<postalCode>31327</postalCode>
<country>USA</country>
</address>
<electronicMailAddress>sugarpig@uga.edu</electronicMailAddress>
<userId directory="http://gce-lter.marsci.uga.edu/public/app/personnel_bios.asp?id=tbuck">tbuck</userId>
<role>Research technician</role>
</associatedParty>
<associatedParty><individualName><givenName>James</givenName>
<surName>Grace</surName>
</individualName>
<organizationName>United States Geological Survey</organizationName>
<address><deliveryPoint>United States Geological Survey</deliveryPoint>
<deliveryPoint>700 Cajundome Blvd.</deliveryPoint>
<city>Lafayette</city>
<administrativeArea>Lousiana</administrativeArea>
<postalCode>70506</postalCode>
<country>USA</country>
</address>
<electronicMailAddress>gracej@usgs.gov</electronicMailAddress>
<userId directory="http://gce-lter.marsci.uga.edu/public/app/personnel_bios.asp?id=jgrace">jgrace</userId>
<role>Research technician</role>
</associatedParty>
<associatedParty><individualName><givenName>Alana</givenName>
<givenName>R.</givenName>
<surName>Lynes</surName>
</individualName>
<organizationName>University of Houston</organizationName>
<address><deliveryPoint>Department of Biology and Biochemistry</deliveryPoint>
<deliveryPoint>369 Science and Research Bldg 2</deliveryPoint>
<deliveryPoint>University of Houston</deliveryPoint>
<city>Houston</city>
<administrativeArea>Texas</administrativeArea>
<postalCode>77204-5001</postalCode>
<country>USA</country>
</address>
<electronicMailAddress>alynes76@sbcglobal.net</electronicMailAddress>
<userId directory="http://gce-lter.marsci.uga.edu/public/app/personnel_bios.asp?id=alynes">alynes</userId>
<role>Graduate research assistant</role>
</associatedParty>
<associatedParty><individualName><salutation>Dr.</salutation>
<givenName>Christina</givenName>
<givenName>L.</givenName>
<surName>Richards</surName>
</individualName>
<organizationName>SUNY Stony Brook</organizationName>
<address><deliveryPoint>650 Life Sciences Building</deliveryPoint>
<deliveryPoint>SUNY Stony Brook - Dept of Ecology and Evolution</deliveryPoint>
<city>Stony Brook</city>
<administrativeArea>New York</administrativeArea>
<postalCode>11794-5245</postalCode>
<country>USA</country>
</address>
<electronicMailAddress>richards@life.bio.sunysb.edu</electronicMailAddress>
<userId directory="http://gce-lter.marsci.uga.edu/public/app/personnel_bios.asp?id=crichards">crichards</userId>
<role>Graduate research assistant</role>
</associatedParty>
<pubDate>2010</pubDate>
<abstract><section><title>Overview</title>
<para>At a given point in the estuary, the zonation patterns of the plants across the intertidal zone are a function of competition and physical stresses, particularly salinity and flooding.  S. Pennings (UH), Alana Lynes (MS student, UH), Tracy Buck (technician, UGAMI), Christina Richards (PhD student, UGA) and James Grace (USGS) are collaborating on a synthetic understanding of plant zonation patterns in Georgia tidal marshes, evaluating 1) spatial associations between different plant species and abiotic conditions, 2) the results of experiments transplanting plants into new habitats and removing neighbors, 3) the results of experiments altering abiotic conditions, 4) variation among 55 sites in vegetation zonation patterns, and 5) temporal variation in plant community composition.</para>
</section>
<section><title>Associated GCE LTER research questions</title>
<para>Question 2: How do the spatial and temporal patterns of biogeochemical processes, primary production, community dynamics, decomposition, and disturbance vary across the estuarine landscape, and how do they relate to environmental gradients? (<ulink url="http://gce-lter.marsci.uga.edu/public/research/gce2_q2.asp">more information</ulink>)</para>
</section>
</abstract>
<keywordSet name="organization">
<keyword>LTER</keyword>
<keyword>NSF</keyword>
</keywordSet>
<keywordSet name="place">
<keyword>Duplin River</keyword>
<keyword>Georgia</keyword>
</keywordSet>
<keywordSet name="site">
<keyword>GCE</keyword>
</keywordSet>
<keywordSet name="theme">
<keyword>abiotic</keyword>
<keyword>intertidal</keyword>
<keyword>marshes</keyword>
<keyword>zonation</keyword>
</keywordSet>
<coverage><geographicCoverage><geographicDescription>Overall geographic extent of the research project</geographicDescription>
<boundingCoordinates><westBoundingCoordinate>-81.759763</westBoundingCoordinate>
<eastBoundingCoordinate>-81.119291</eastBoundingCoordinate>
<northBoundingCoordinate>31.771190</northBoundingCoordinate>
<southBoundingCoordinate>30.892711</southBoundingCoordinate>
</boundingCoordinates>
</geographicCoverage>
<temporalCoverage><ongoing><beginDate><calendarDate>1996-01-01</calendarDate>
</beginDate>
</ongoing>
</temporalCoverage>
</coverage>
<funding><section><para>National Science Foundation grant numbers OCE-9982133 and OCE-0620959. This project was partially funded by the National Institute for Global Environmental Change.</para>
</section>
</funding>
<studyAreaDescription><descriptor name="hydrology" citableClassificationSystem="false">
<descriptorValue>estuary marsh complex</descriptorValue>
</descriptor>
<coverage><geographicCoverage><geographicDescription>Central Georgia Coast - Central Georgia coastal region from the South Newport River (northern extent) to the Satilla River (southern extent), and from the outer banks of the barrier islands (eastern extent) to approximately 35km inland (western extent)</geographicDescription>
<boundingCoordinates><westBoundingCoordinate>-81.759763</westBoundingCoordinate>
<eastBoundingCoordinate>-81.119291</eastBoundingCoordinate>
<northBoundingCoordinate>31.771190</northBoundingCoordinate>
<southBoundingCoordinate>30.892711</southBoundingCoordinate>
</boundingCoordinates>
</geographicCoverage>
</coverage>
</studyAreaDescription>
<associatedMaterial category="publication" id="gce.482" date="2009">
<distribution><offline><mediumName>Pennings, S.C., Buck, T.L., Lynes, A.R. and Grace, J.B. 2009. Poster: Centrifugal organization of vegetation in salt marsh plant communities. 2009 LTER All Scientists Meeting, September 14-16, 2009, Estes Park, Colorado.</mediumName>
</offline>
</distribution>
</associatedMaterial>
<associatedMaterial category="data" id="knb-lter-gce.311" date="2006-06-26">
<distribution><online><onlineDescription>MLT-GCED-0811 - Vegetation and invertebrate communities in 500 plots in the Duplin and Dean Creek watersheds: ground truth data for matching hyperspectral imagery</onlineDescription>
<url>http://gce-lter.marsci.uga.edu/public/app/dataset_details.asp?id=311</url>
</online>
</distribution>
</associatedMaterial>
</lter:researchProject>