<?xml version="1.0" encoding="UTF-8"?>
<lter:researchProject xmlns:lter="eml://ecoinformatics.org/lter-project-2.1.0" xmlns:xsi="http://www.w3.org/2001/XMLSchema-instance" xsi:schemaLocation="eml://ecoinformatics.org/lter-project-2.1.0 http://gce-lter.marsci.uga.edu/public/files/schemas/project-eml-210/lter-project.xsd" id="knb-lter-gce.p58" scope="system" system="knb">
<shortName>Hammock groundwater modeling</shortName>
<title>Hammock groundwater modeling</title>
<creator><individualName><salutation>Dr.</salutation>
<givenName>Christof</givenName>
<surName>Meile</surName>
</individualName>
<organizationName>University of Georgia</organizationName>
<address><deliveryPoint>Dept. of Marine Sciences</deliveryPoint>
<deliveryPoint>University of Georgia</deliveryPoint>
<city>Athens</city>
<administrativeArea>Georgia</administrativeArea>
<postalCode>30602-3636</postalCode>
<country>USA</country>
</address>
<electronicMailAddress>cmeile@uga.edu</electronicMailAddress>
<onlineUrl>http://www.marsci.uga.edu/directory/cmeile.htm</onlineUrl>
<userId directory="http://gce-lter.marsci.uga.edu/public/app/personnel_bios.asp?id=cmeile">cmeile</userId>
</creator>
<creator><individualName><salutation>Dr.</salutation>
<givenName>Samantha</givenName>
<givenName>B.</givenName>
<surName>Joye</surName>
</individualName>
<organizationName>University of Georgia</organizationName>
<address><deliveryPoint>Dept. of Marine Sciences</deliveryPoint>
<deliveryPoint>University of Georgia</deliveryPoint>
<city>Athens</city>
<administrativeArea>Georgia</administrativeArea>
<postalCode>30602-3636</postalCode>
<country>USA</country>
</address>
<electronicMailAddress>mjoye@uga.edu</electronicMailAddress>
<onlineUrl>http://www.marsci.uga.edu/FacultyPages/Joye/</onlineUrl>
<userId directory="http://gce-lter.marsci.uga.edu/public/app/personnel_bios.asp?id=mjoye">mjoye</userId>
</creator>
<metadataProvider><organizationName>Georgia Coastal Ecosystems LTER Project</organizationName>
<address><deliveryPoint>Dept. of Marine Sciences</deliveryPoint>
<deliveryPoint>University of Georgia</deliveryPoint>
<city>Athens</city>
<administrativeArea>Georgia</administrativeArea>
<postalCode>30602-3636</postalCode>
<country>USA</country>
</address>
<electronicMailAddress>gcelter@uga.edu</electronicMailAddress>
<onlineUrl>http://gce-lter.marsci.uga.edu/</onlineUrl>
</metadataProvider>
<associatedParty><individualName><salutation>Dr.</salutation>
<givenName>Christof</givenName>
<surName>Meile</surName>
</individualName>
<organizationName>University of Georgia</organizationName>
<address><deliveryPoint>Dept. of Marine Sciences</deliveryPoint>
<deliveryPoint>University of Georgia</deliveryPoint>
<city>Athens</city>
<administrativeArea>Georgia</administrativeArea>
<postalCode>30602-3636</postalCode>
<country>USA</country>
</address>
<electronicMailAddress>cmeile@uga.edu</electronicMailAddress>
<onlineUrl>http://www.marsci.uga.edu/directory/cmeile.htm</onlineUrl>
<userId directory="http://gce-lter.marsci.uga.edu/public/app/personnel_bios.asp?id=cmeile">cmeile</userId>
<role>Principal investigator</role>
</associatedParty>
<associatedParty><individualName><salutation>Dr.</salutation>
<givenName>Samantha</givenName>
<givenName>B.</givenName>
<surName>Joye</surName>
</individualName>
<organizationName>University of Georgia</organizationName>
<address><deliveryPoint>Dept. of Marine Sciences</deliveryPoint>
<deliveryPoint>University of Georgia</deliveryPoint>
<city>Athens</city>
<administrativeArea>Georgia</administrativeArea>
<postalCode>30602-3636</postalCode>
<country>USA</country>
</address>
<electronicMailAddress>mjoye@uga.edu</electronicMailAddress>
<onlineUrl>http://www.marsci.uga.edu/FacultyPages/Joye/</onlineUrl>
<userId directory="http://gce-lter.marsci.uga.edu/public/app/personnel_bios.asp?id=mjoye">mjoye</userId>
<role>Principal investigator</role>
</associatedParty>
<associatedParty><individualName><salutation>Dr.</salutation>
<givenName>Willard</givenName>
<givenName>S.</givenName>
<surName>Moore</surName>
</individualName>
<organizationName>University of South Carolina</organizationName>
<address><deliveryPoint>Department of Geological Sciences</deliveryPoint>
<deliveryPoint>University of South Carolina</deliveryPoint>
<city>Columbia</city>
<administrativeArea>South Carolina</administrativeArea>
<postalCode>29208</postalCode>
<country>USA</country>
</address>
<electronicMailAddress>moore@geol.sc.edu</electronicMailAddress>
<onlineUrl>http://www.geol.sc.edu/billy.htm</onlineUrl>
<userId directory="http://gce-lter.marsci.uga.edu/public/app/personnel_bios.asp?id=wmoore">wmoore</userId>
<role>Co-investigator</role>
</associatedParty>
<associatedParty><individualName><salutation>Dr.</salutation>
<givenName>Alicia</givenName>
<givenName>M.</givenName>
<surName>Wilson</surName>
</individualName>
<organizationName>University of South Carolina</organizationName>
<address><deliveryPoint>Department of Geological Sciences</deliveryPoint>
<deliveryPoint>University of South Carolina</deliveryPoint>
<city>Columbia</city>
<administrativeArea>South Carolina</administrativeArea>
<postalCode>29208</postalCode>
<country>USA</country>
</address>
<electronicMailAddress>awilson@geol.sc.edu</electronicMailAddress>
<onlineUrl>http://www.geol.sc.edu/wilson/index.htm</onlineUrl>
<userId directory="http://gce-lter.marsci.uga.edu/public/app/personnel_bios.asp?id=awilson">awilson</userId>
<role>Co-investigator</role>
</associatedParty>
<pubDate>2010</pubDate>
<abstract><section><title>Overview</title>
<para>The observations collected on groundwater nutrients, flow, and radium isotopes as part of the intensive hammock characterization will form the core data set for calibration and validation of water balance models for each hammock.  Large scale shallow subsurface flow patterns between hammock and creeks will be established by building upon available finite element codes.  Measured hydraulic head and permeability measurements will be spatially interpolated.  Together with infiltration/evapotranspiration rate estimates they will be employed to assess water movement using a Darcy approximation and water continuity.  Given the uncertainty in driving forces and observed heterogeneity in marsh soil hydraulic conductivities, model simulations will be validated by the radium based water balance.  Water fluxes to and from marsh soils will be assessed following Gardner and Reeves (2002).  Vertically resolved fluid transport estimates will be validated using temperature profiles.</para>
</section>
<section><title>Associated GCE LTER research questions</title>
<para>Question 4: What are the underlying mechanisms by which proximity of marshes to upland habitat drives ecosystem change along lateral gradients in the intertidal zone? (<ulink url="http://gce-lter.marsci.uga.edu/public/research/gce2_q4.asp">more information</ulink>)</para>
</section>
</abstract>
<keywordSet name="organization">
<keyword>LTER</keyword>
<keyword>NSF</keyword>
</keywordSet>
<keywordSet name="place">
<keyword>Georgia</keyword>
</keywordSet>
<keywordSet name="site">
<keyword>GCE</keyword>
</keywordSet>
<keywordSet name="theme">
<keyword>flow</keyword>
<keyword>groundwater</keyword>
<keyword>isotopes</keyword>
<keyword>nutrients</keyword>
</keywordSet>
<coverage><geographicCoverage><geographicDescription>Overall geographic extent of the research project</geographicDescription>
<boundingCoordinates><westBoundingCoordinate>-81.295506</westBoundingCoordinate>
<eastBoundingCoordinate>-81.195661</eastBoundingCoordinate>
<northBoundingCoordinate>31.546868</northBoundingCoordinate>
<southBoundingCoordinate>31.395295</southBoundingCoordinate>
</boundingCoordinates>
</geographicCoverage>
<temporalCoverage><ongoing><beginDate><calendarDate>2010-01-01</calendarDate>
</beginDate>
</ongoing>
</temporalCoverage>
</coverage>
<funding><section><para>National Science Foundation grant numbers OCE-9982133 and OCE-0620959</para>
</section>
</funding>
<studyAreaDescription><descriptor name="hydrology" citableClassificationSystem="false">
<descriptorValue>estuary marsh complex</descriptorValue>
</descriptor>
<coverage><geographicCoverage><geographicDescription>Hunt Camp - Barrier island/marsh site on western Sapelo Island.  This site is located at the upper reaches of the Duplin River, and is within the Sapelo Island National Estuarine Research Reserve. Existing well fields border small marsh area to northwest, some wells have been installed to south end of hammock where marsh is more extensive and permanent plots are located. Two existing hydrographic sondes and weather stations within this site are operated by SINERR (Hunt Camp dock) and UGAMI (flume dock).</geographicDescription>
<boundingCoordinates><westBoundingCoordinate>-81.295506</westBoundingCoordinate>
<eastBoundingCoordinate>-81.258908</eastBoundingCoordinate>
<northBoundingCoordinate>31.497026</northBoundingCoordinate>
<southBoundingCoordinate>31.462320</southBoundingCoordinate>
</boundingCoordinates>
</geographicCoverage>
<geographicCoverage><geographicDescription>North Sapelo - High salinity marsh/Sapelo Sound site.  Few or no small creeks, but one large creek is easily accessed. Further upstream upland drainage is affected by culvert at Reynolds' duck pond. Upland is heavily forested. Hydrographic sonde is deployed adjacent to this site attached to a channel marker (under U.S. Coast Guard permit). A huge mud flat is present at the northern tip of Sapelo Island.</geographicDescription>
<boundingCoordinates><westBoundingCoordinate>-81.233249</westBoundingCoordinate>
<eastBoundingCoordinate>-81.195661</eastBoundingCoordinate>
<northBoundingCoordinate>31.546868</northBoundingCoordinate>
<southBoundingCoordinate>31.515188</southBoundingCoordinate>
</boundingCoordinates>
</geographicCoverage>
<geographicCoverage><geographicDescription>UGA Marine Institute - The University of Georgia Marine Institute is located on the southern end of Sapelo Island, a barrier island off the central Georgia coast.</geographicDescription>
<boundingCoordinates><westBoundingCoordinate>-81.282950</westBoundingCoordinate>
<eastBoundingCoordinate>-81.278834</eastBoundingCoordinate>
<northBoundingCoordinate>31.398877</northBoundingCoordinate>
<southBoundingCoordinate>31.395295</southBoundingCoordinate>
</boundingCoordinates>
</geographicCoverage>
</coverage>
</studyAreaDescription>
<associatedMaterial category="publication" id="gce.542" date="2010">
<distribution><online><onlineDescription>Porubsky, W.P., Joye, S.B., Moore, W.S., Tuncay, K. and Meile, C. 2010. Hammock groundwater flow and biogeochemistry: Field measurements and modeling. Biogeochemistry. (DOI: DOI 10.1007/s10533-010-9484-8)</onlineDescription>
<url>http://www.springerlink.com/content/t18x02358tt6x123/</url>
</online>
</distribution>
</associatedMaterial>
<associatedMaterial category="publication" id="gce.543" date="2009">
<distribution><offline><mediumName>Meile, C., Porubsky, W.P., Walter, R. and Payne, K. 2009. Natural Attenuation Of Nitrogen Loading From Septic Effluents: Spatial And Environmental Controls. Water Research. 44(5):1399-1408. (DOI: 10.1016/j.watres.2009.11.019)</mediumName>
</offline>
</distribution>
</associatedMaterial>
<associatedMaterial category="publication" id="gce.496" date="2009">
<distribution><offline><mediumName>Porubsky, W.P. and Meile, C. 2009. Controls on groundwater nutrient mitigation: Natural attenuation of nitrogen loading from septic effluents. In: Hatcher, K.J. (editor). Proceedings of the Georgia Water Resources Conference. Athens, Georgia.</mediumName>
</offline>
</distribution>
</associatedMaterial>
<associatedMaterial category="image">
<distribution><online><onlineDescription>Conceptual model of flow across the upland/marsh interface, showing arrangement of wells and piezometers. Bottom left: View of large scale subsurface flow model domain showing salt/freshwater interface (color transition) and flow paths.  Bottom right: Site-specific schematic showing interactions between soil and plant models, including water flow and nutrient cycling.</onlineDescription>
<url>http://gce-lter.marsci.uga.edu/public/resources/projects/groundwaterQ4.png</url>
</online>
</distribution>
</associatedMaterial>
</lter:researchProject>