<?xml version="1.0" encoding="UTF-8"?>
<lter:researchProject xmlns:lter="eml://ecoinformatics.org/lter-project-2.1.0" xmlns:xsi="http://www.w3.org/2001/XMLSchema-instance" xsi:schemaLocation="eml://ecoinformatics.org/lter-project-2.1.0 http://gce-lter.marsci.uga.edu/public/files/schemas/project-eml-210/lter-project.xsd" id="knb-lter-gce.p57" scope="system" system="knb">
<shortName>Intensive hammock characterization</shortName>
<title>Intensive hammock characterization</title>
<creator><individualName><salutation>Dr.</salutation>
<givenName>Clark</givenName>
<givenName>R.</givenName>
<surName>Alexander</surName>
</individualName>
<organizationName>Skidaway Institute of Oceanography</organizationName>
<address><deliveryPoint>10 Ocean Science Circle</deliveryPoint>
<deliveryPoint>Skidaway Institute of Oceanography</deliveryPoint>
<city>Savannah</city>
<administrativeArea>Georgia</administrativeArea>
<postalCode>31411</postalCode>
<country>USA</country>
</address>
<electronicMailAddress>clark.alexander@skio.usg.edu</electronicMailAddress>
<onlineUrl>http://www.skio.peachnet.edu/?p=aboutus/people/alexander/index</onlineUrl>
<userId directory="http://gce-lter.marsci.uga.edu/public/app/personnel_bios.asp?id=calexander">calexander</userId>
</creator>
<creator><individualName><salutation>Dr.</salutation>
<givenName>Merryl</givenName>
<surName>Alber</surName>
</individualName>
<organizationName>University of Georgia</organizationName>
<address><deliveryPoint>Dept. of Marine Sciences</deliveryPoint>
<deliveryPoint>University of Georgia</deliveryPoint>
<city>Athens</city>
<administrativeArea>Georgia</administrativeArea>
<postalCode>30602-3636</postalCode>
<country>USA</country>
</address>
<electronicMailAddress>malber@uga.edu</electronicMailAddress>
<onlineUrl>http://www.gcrc.uga.edu/Affiliates/alber_merryl.htm</onlineUrl>
<userId directory="http://gce-lter.marsci.uga.edu/public/app/personnel_bios.asp?id=malber">malber</userId>
</creator>
<metadataProvider><organizationName>Georgia Coastal Ecosystems LTER Project</organizationName>
<address><deliveryPoint>Dept. of Marine Sciences</deliveryPoint>
<deliveryPoint>University of Georgia</deliveryPoint>
<city>Athens</city>
<administrativeArea>Georgia</administrativeArea>
<postalCode>30602-3636</postalCode>
<country>USA</country>
</address>
<electronicMailAddress>gcelter@uga.edu</electronicMailAddress>
<onlineUrl>http://gce-lter.marsci.uga.edu/</onlineUrl>
</metadataProvider>
<associatedParty><individualName><salutation>Dr.</salutation>
<givenName>Clark</givenName>
<givenName>R.</givenName>
<surName>Alexander</surName>
</individualName>
<organizationName>Skidaway Institute of Oceanography</organizationName>
<address><deliveryPoint>10 Ocean Science Circle</deliveryPoint>
<deliveryPoint>Skidaway Institute of Oceanography</deliveryPoint>
<city>Savannah</city>
<administrativeArea>Georgia</administrativeArea>
<postalCode>31411</postalCode>
<country>USA</country>
</address>
<electronicMailAddress>clark.alexander@skio.usg.edu</electronicMailAddress>
<onlineUrl>http://www.skio.peachnet.edu/?p=aboutus/people/alexander/index</onlineUrl>
<userId directory="http://gce-lter.marsci.uga.edu/public/app/personnel_bios.asp?id=calexander">calexander</userId>
<role>Principal investigator</role>
</associatedParty>
<associatedParty><individualName><salutation>Dr.</salutation>
<givenName>Merryl</givenName>
<surName>Alber</surName>
</individualName>
<organizationName>University of Georgia</organizationName>
<address><deliveryPoint>Dept. of Marine Sciences</deliveryPoint>
<deliveryPoint>University of Georgia</deliveryPoint>
<city>Athens</city>
<administrativeArea>Georgia</administrativeArea>
<postalCode>30602-3636</postalCode>
<country>USA</country>
</address>
<electronicMailAddress>malber@uga.edu</electronicMailAddress>
<onlineUrl>http://www.gcrc.uga.edu/Affiliates/alber_merryl.htm</onlineUrl>
<userId directory="http://gce-lter.marsci.uga.edu/public/app/personnel_bios.asp?id=malber">malber</userId>
<role>Principal investigator</role>
</associatedParty>
<associatedParty><individualName><givenName>Alana</givenName>
<givenName>R.</givenName>
<surName>Lynes</surName>
</individualName>
<organizationName>University of Houston</organizationName>
<address><deliveryPoint>Department of Biology and Biochemistry</deliveryPoint>
<deliveryPoint>369 Science and Research Bldg 2</deliveryPoint>
<deliveryPoint>University of Houston</deliveryPoint>
<city>Houston</city>
<administrativeArea>Texas</administrativeArea>
<postalCode>77204-5001</postalCode>
<country>USA</country>
</address>
<electronicMailAddress>alynes76@sbcglobal.net</electronicMailAddress>
<userId directory="http://gce-lter.marsci.uga.edu/public/app/personnel_bios.asp?id=alynes">alynes</userId>
<role>Graduate research assistant</role>
</associatedParty>
<associatedParty><individualName><givenName>Christine</givenName>
<givenName>M.</givenName>
<surName>Hladik</surName>
</individualName>
<organizationName>University of Georgia</organizationName>
<address><deliveryPoint>Department of Marine Sciences</deliveryPoint>
<deliveryPoint>University of Georgia</deliveryPoint>
<city>Athens</city>
<administrativeArea>Georgia</administrativeArea>
<postalCode>30602-3636</postalCode>
<country>USA</country>
</address>
<electronicMailAddress>chladik@uga.edu</electronicMailAddress>
<userId directory="http://gce-lter.marsci.uga.edu/public/app/personnel_bios.asp?id=chladik">chladik</userId>
<role>Graduate research assistant</role>
</associatedParty>
<pubDate>2010</pubDate>
<abstract><section><title>Overview</title>
<para>In 2008 we selected two hammocks for more detailed study: HN_I_1 is of Holocene origin and is located adjacent to Blackbeard Island to the north of Sapelo; PC_I_29 is also of Holocene origin and is located adjacent to the south end of Sapelo Island. These are of similar size, with similar vegetation zones in the high marsh. We set up transects in each hammock that run from the nearby upland (Blackbeard and Sapelo Islands, respectively), through the marsh, and up and over each hammock to the marsh adjacent to the Sound (Sapelo and Doboy, respectively) (See Figure 1 under the Study Area tab).  In 2009, we vibracored a transect on PN_i_12, to include a Pleistocene hammock in our detailed core analysis.</para>
</section>
<section><title>Sediment characteristics</title>
<para>C. Alexander (SKIO) led a field team that took vibracore samples along the transects on each hammock to get detailed information about stratigraphy. These cores show that the sedimentology of these features argues for distinctly different physical and stratigraphic processes dominating their formation.  HNi1 formed as a storm berm, on top of pre-existing salt marsh approximately 3,000 years old, burying Holocene saltmarsh under a normally graded, coarse to fine grained sand.  PCi29 formed rapidly, in less than a few hundred years, at the very energetic paleo-sound margin of Doboy.  PN_i_12 is underlain by a hard-pan (humate) deposit, below which a Pleistocene mud is observed.  In many cases, Pleistocene and Holocene hammocks appear to rest upon older salt marsh, with the level of consolidation determining the substrate character.  Sound Grain size and x-radiography illustrate the differences in sedimentary processes important in the genesis of each of these features (See Figure 2 under the Study Area tab).</para>
</section>
<section><title>Groundwater wells</title>
<para>On HN_i_1 and PC_i_29, groundwater wells were installed along the transects in the locations sampled by vibracore. Wells were placed in a contiguous sand layer in order to prevent clogging and to allow sampling of a continuously connected groundwater source. In addition to the vibracore stations, two additional lateral wells were installed at HN_I_1 approximately 5 meters to either side of the main transect near well #4 (HN_i_1) and well #6 (PC_i_29) in order to get data on lateral inflow of groundwater.  An additional upland well was also installed at both sites in order to obtain a true zero salinity end member. The wells range in depth from 41 to 168 cm below a constant zero datum (99 to 247 cm below the surface). (see Figure 3 under the Products tab).</para>
<para>Pressure, salinity, and temperature loggers were placed into select wells at both sites to collect data at 10-minute intervals; these data will be used in the groundwater modeling efforts. Groundwater biogeochemistry and radium samples were collected in August and September 2008. Sample collection will continue on monthly intervals, with additional samples planned to capture spring/neap tide and storm event signals</para>
</section>
<section><title>Associated GCE LTER research questions</title>
<para>Question 4: What are the underlying mechanisms by which proximity of marshes to upland habitat drives ecosystem change along lateral gradients in the intertidal zone? (<ulink url="http://gce-lter.marsci.uga.edu/public/research/gce2_q4.asp">more information</ulink>)</para>
</section>
</abstract>
<keywordSet name="organization">
<keyword>LTER</keyword>
<keyword>NSF</keyword>
</keywordSet>
<keywordSet name="place">
<keyword>Blackbeard Island</keyword>
<keyword>Georgia</keyword>
<keyword>Sapelo Island</keyword>
</keywordSet>
<keywordSet name="site">
<keyword>GCE</keyword>
</keywordSet>
<keywordSet name="theme">
<keyword>hammock</keyword>
<keyword>Holocene</keyword>
<keyword>marsh</keyword>
<keyword>upland</keyword>
</keywordSet>
<coverage><geographicCoverage><geographicDescription>Overall geographic extent of the research project</geographicDescription>
<boundingCoordinates><westBoundingCoordinate>-81.295506</westBoundingCoordinate>
<eastBoundingCoordinate>-81.195661</eastBoundingCoordinate>
<northBoundingCoordinate>31.546868</northBoundingCoordinate>
<southBoundingCoordinate>31.395295</southBoundingCoordinate>
</boundingCoordinates>
</geographicCoverage>
<temporalCoverage><ongoing><beginDate><calendarDate>2008-01-01</calendarDate>
</beginDate>
</ongoing>
</temporalCoverage>
</coverage>
<funding><section><para>National Science Foundation grant number OCE-0620959</para>
</section>
</funding>
<studyAreaDescription><descriptor name="hydrology" citableClassificationSystem="false">
<descriptorValue>estuary marsh complex</descriptorValue>
</descriptor>
<coverage><geographicCoverage><geographicDescription>Hunt Camp - Barrier island/marsh site on western Sapelo Island.  This site is located at the upper reaches of the Duplin River, and is within the Sapelo Island National Estuarine Research Reserve. Existing well fields border small marsh area to northwest, some wells have been installed to south end of hammock where marsh is more extensive and permanent plots are located. Two existing hydrographic sondes and weather stations within this site are operated by SINERR (Hunt Camp dock) and UGAMI (flume dock).</geographicDescription>
<boundingCoordinates><westBoundingCoordinate>-81.295506</westBoundingCoordinate>
<eastBoundingCoordinate>-81.258908</eastBoundingCoordinate>
<northBoundingCoordinate>31.497026</northBoundingCoordinate>
<southBoundingCoordinate>31.462320</southBoundingCoordinate>
</boundingCoordinates>
</geographicCoverage>
<geographicCoverage><geographicDescription>North Sapelo - High salinity marsh/Sapelo Sound site.  Few or no small creeks, but one large creek is easily accessed. Further upstream upland drainage is affected by culvert at Reynolds' duck pond. Upland is heavily forested. Hydrographic sonde is deployed adjacent to this site attached to a channel marker (under U.S. Coast Guard permit). A huge mud flat is present at the northern tip of Sapelo Island.</geographicDescription>
<boundingCoordinates><westBoundingCoordinate>-81.233249</westBoundingCoordinate>
<eastBoundingCoordinate>-81.195661</eastBoundingCoordinate>
<northBoundingCoordinate>31.546868</northBoundingCoordinate>
<southBoundingCoordinate>31.515188</southBoundingCoordinate>
</boundingCoordinates>
</geographicCoverage>
<geographicCoverage><geographicDescription>UGA Marine Institute - The University of Georgia Marine Institute is located on the southern end of Sapelo Island, a barrier island off the central Georgia coast.</geographicDescription>
<boundingCoordinates><westBoundingCoordinate>-81.282950</westBoundingCoordinate>
<eastBoundingCoordinate>-81.278834</eastBoundingCoordinate>
<northBoundingCoordinate>31.398877</northBoundingCoordinate>
<southBoundingCoordinate>31.395295</southBoundingCoordinate>
</boundingCoordinates>
</geographicCoverage>
</coverage>
<associatedMaterial category="image">
<distribution><online><onlineDescription>Figure 1. Hammocks selected for intensive characterization</onlineDescription>
<url>http://gce-lter.marsci.uga.edu/public/resources/projects/hammockFig1Q4.png</url>
</online>
</distribution>
</associatedMaterial>
<associatedMaterial category="image">
<distribution><online><onlineDescription>Figure 2. Vibracore sampling</onlineDescription>
<url>http://gce-lter.marsci.uga.edu/public/resources/projects/hammockFig2Q4.png</url>
</online>
</distribution>
</associatedMaterial>
</studyAreaDescription>
<associatedMaterial category="publication" id="gce.582" date="2010">
<distribution><offline><mediumName>Alexander, C.R. Jr., Alber, M., Hladik, C.M. and Pennings, S.C. 2010. Presentation: Physical-Biological Interactions in Coastal Settings: The Georgia Coastal Ecosystem LTER Example. American Geophysical Union - Meeting of the Americas, 9-13 August 2010, Foz do Iguacu, Brazil.</mediumName>
</offline>
</distribution>
</associatedMaterial>
<associatedMaterial category="publication" id="gce.534" date="2008">
<distribution><offline><mediumName>Alexander, C.R. Jr. 2008. Presentation: Stratigraphic Development of Holocene and Pleistocene Marsh Islands. Tidalites 2008 - Seventh International Conference on Tidal Environments, 25th-27th September, 2008, Qingdao, China.</mediumName>
</offline>
</distribution>
</associatedMaterial>
<associatedMaterial category="image">
<distribution><online><onlineDescription>Figure 3. Vibracore profiles.</onlineDescription>
<url>http://gce-lter.marsci.uga.edu/public/resources/projects/vibracoreFig3Q4.png</url>
</online>
</distribution>
</associatedMaterial>
</lter:researchProject>