<?xml version="1.0" encoding="UTF-8"?>
<lter:researchProject xmlns:lter="eml://ecoinformatics.org/lter-project-2.1.0" xmlns:xsi="http://www.w3.org/2001/XMLSchema-instance" xsi:schemaLocation="eml://ecoinformatics.org/lter-project-2.1.0 http://gce-lter.marsci.uga.edu/public/files/schemas/project-eml-210/lter-project.xsd" id="knb-lter-gce.p46" scope="system" system="knb">
<shortName>Ecosystem services in marshes</shortName>
<title>Ecosystem services in fresh, brackish and marine marshes</title>
<creator><individualName><salutation>Dr.</salutation>
<givenName>Christopher</givenName>
<givenName>B.</givenName>
<surName>Craft</surName>
</individualName>
<organizationName>Indiana University at Bloomington</organizationName>
<address><deliveryPoint>School of Public and Environmental Affairs</deliveryPoint>
<deliveryPoint>Indiana University at Bloomington</deliveryPoint>
<city>Bloomington</city>
<administrativeArea>Indiana</administrativeArea>
<postalCode>47405</postalCode>
<country>USA</country>
</address>
<electronicMailAddress>ccraft@indiana.edu</electronicMailAddress>
<onlineUrl>http://www.indiana.edu/~craftlab/</onlineUrl>
<userId directory="http://gce-lter.marsci.uga.edu/public/app/personnel_bios.asp?id=ccraft">ccraft</userId>
</creator>
<metadataProvider><organizationName>Georgia Coastal Ecosystems LTER Project</organizationName>
<address><deliveryPoint>Dept. of Marine Sciences</deliveryPoint>
<deliveryPoint>University of Georgia</deliveryPoint>
<city>Athens</city>
<administrativeArea>Georgia</administrativeArea>
<postalCode>30602-3636</postalCode>
<country>USA</country>
</address>
<electronicMailAddress>gcelter@uga.edu</electronicMailAddress>
<onlineUrl>http://gce-lter.marsci.uga.edu/</onlineUrl>
</metadataProvider>
<associatedParty><individualName><salutation>Dr.</salutation>
<givenName>Christopher</givenName>
<givenName>B.</givenName>
<surName>Craft</surName>
</individualName>
<organizationName>Indiana University at Bloomington</organizationName>
<address><deliveryPoint>School of Public and Environmental Affairs</deliveryPoint>
<deliveryPoint>Indiana University at Bloomington</deliveryPoint>
<city>Bloomington</city>
<administrativeArea>Indiana</administrativeArea>
<postalCode>47405</postalCode>
<country>USA</country>
</address>
<electronicMailAddress>ccraft@indiana.edu</electronicMailAddress>
<onlineUrl>http://www.indiana.edu/~craftlab/</onlineUrl>
<userId directory="http://gce-lter.marsci.uga.edu/public/app/personnel_bios.asp?id=ccraft">ccraft</userId>
<role>Principal investigator</role>
<temporalCoverage><rangeOfDates><beginDate><calendarDate>2005-01-01</calendarDate>
</beginDate>
<endDate><calendarDate>2009-12-31</calendarDate>
</endDate>
</rangeOfDates>
</temporalCoverage>
</associatedParty>
<associatedParty><individualName><salutation>Dr.</salutation>
<givenName>Samantha</givenName>
<givenName>B.</givenName>
<surName>Joye</surName>
</individualName>
<organizationName>University of Georgia</organizationName>
<address><deliveryPoint>Dept. of Marine Sciences</deliveryPoint>
<deliveryPoint>University of Georgia</deliveryPoint>
<city>Athens</city>
<administrativeArea>Georgia</administrativeArea>
<postalCode>30602-3636</postalCode>
<country>USA</country>
</address>
<electronicMailAddress>mjoye@uga.edu</electronicMailAddress>
<onlineUrl>http://www.marsci.uga.edu/FacultyPages/Joye/</onlineUrl>
<userId directory="http://gce-lter.marsci.uga.edu/public/app/personnel_bios.asp?id=mjoye">mjoye</userId>
<role>Co-investigator</role>
<temporalCoverage><rangeOfDates><beginDate><calendarDate>2005-01-01</calendarDate>
</beginDate>
<endDate><calendarDate>2009-12-31</calendarDate>
</endDate>
</rangeOfDates>
</temporalCoverage>
</associatedParty>
<associatedParty><individualName><salutation>Dr.</salutation>
<givenName>Steven</givenName>
<givenName>C.</givenName>
<surName>Pennings</surName>
</individualName>
<organizationName>University of Houston</organizationName>
<address><deliveryPoint>Department of Biology and Biochemistry</deliveryPoint>
<deliveryPoint>University of Houston</deliveryPoint>
<city>Houston</city>
<administrativeArea>Texas</administrativeArea>
<postalCode>77204-5513</postalCode>
<country>USA</country>
</address>
<electronicMailAddress>scpennin@central.uh.edu</electronicMailAddress>
<onlineUrl>http://www.bchs.uh.edu/~steve/</onlineUrl>
<userId directory="http://gce-lter.marsci.uga.edu/public/app/personnel_bios.asp?id=spennings">spennings</userId>
<role>Co-investigator</role>
<temporalCoverage><rangeOfDates><beginDate><calendarDate>2005-01-01</calendarDate>
</beginDate>
<endDate><calendarDate>2009-12-31</calendarDate>
</endDate>
</rangeOfDates>
</temporalCoverage>
</associatedParty>
<associatedParty><individualName><salutation>Dr.</salutation>
<givenName>Kazimierz</givenName>
<surName>Wieski</surName>
</individualName>
<organizationName>University of Houston</organizationName>
<address><city>Houston</city>
<administrativeArea>Texas</administrativeArea>
<country>USA</country>
</address>
<userId directory="http://gce-lter.marsci.uga.edu/public/app/personnel_bios.asp?id=kwieski">kwieski</userId>
<role>Post Doctoral Associate</role>
</associatedParty>
<associatedParty><individualName><givenName>Hongyu</givenName>
<surName>Guo</surName>
</individualName>
<organizationName>University of Houston</organizationName>
<address><deliveryPoint>Department of Biology and Biochemistry</deliveryPoint>
<deliveryPoint>369 Science and Research Bldg 2</deliveryPoint>
<deliveryPoint>University of Houston</deliveryPoint>
<city>Houston</city>
<administrativeArea>Texas</administrativeArea>
<postalCode>77204-5001</postalCode>
<country>USA</country>
</address>
<electronicMailAddress>greatuniverse@hotmail.com</electronicMailAddress>
<userId directory="http://gce-lter.marsci.uga.edu/public/app/personnel_bios.asp?id=hguo">hguo</userId>
<role>Graduate research assistant</role>
<temporalCoverage><rangeOfDates><beginDate><calendarDate>2005-01-01</calendarDate>
</beginDate>
<endDate><calendarDate>2009-12-31</calendarDate>
</endDate>
</rangeOfDates>
</temporalCoverage>
</associatedParty>
<pubDate>2010</pubDate>
<abstract><section><title>Overview</title>
<para>C. Craft (IU), in collaboration with S. Pennings (UH) and S. Joye (UGA), is examining how ecosystem services vary among tidal fresh, brackish and marine marshes as part of a separately funded grant from EPA.  They  used field and laboratory measurements, geographic information systems, and simulation modeling to investigate the potential effects of accelerated sea-level rise on tidal marsh area and delivery of ecosystem services along the Georgia coast. Model simulations using the Intergovernmental Panel on Climate Change (IPCC) mean and maximum estimates of sea-level rise for the year 2100 suggest that salt marshes will decline in area by 20% and 45%, respectively. The area of tidal freshwater marshes will increase by 2% under the IPCC mean scenario, but will decline by 39% under the maximum scenario. Delivery of ecosystem services associated with productivity (macrophyte biomass) and waste treatment (nitrogen accumulation in soil, potential denitrification) will also decline. These findings suggest that tidal marshes at the lower and upper salinity ranges, and their attendant delivery of ecosystem services, will be most affected by accelerated sealevel rise, unless geomorphic conditions (ie gradual increase in elevation) enable tidal freshwater marshes to migrate inland, or vertical accretion of salt marshes to increase, to compensate for accelerated sea-level rise.</para>
<para>As part of this work, S. Pennings and H. Guo (Ph.D. student, UH) evaluated the factors creating plant community structure along the estuarine salinity gradient.  They sampled plant biomass and diversity at replicate fresh, brackish and marine tidal marshes on the Satilla, Altamaha and Ogeechee Rivers.  A total of 109 plant species were found, but 11 species dominated the plant communities.  Site-level species richness decreased across the salinity gradient (Figure 9) and did not differ among rivers (Satilla=11.3, Altamaha=13.0, Ogeechee= 12.2).  Plot-level richness showed a similar pattern.</para>
<para>Vegetation was tallest at fresh sites dominated by Zizaniopsis and shortest at salt marsh sites dominated by Spartina. Standing biomass was greatest at brackish sites and tended to decrease away from the creekbank in both brackish and fresh sites, whereas in the salt marsh sites biomass was greatest in the midmarsh zones dominated by Juncus roemerianus.   Standing stocks of C, N and P were estimated based on total biomass, the relative abundance of different plant species, and the elemental composition of each plant species.  Total carbon stocks paralleled patterns of biomass in that they were greatest at the brackish sites and lowest at the salt marsh sites.  Nitrogen stocks decreased across sites as salinity increased and were greatest in the creekbank zone. Phosphorus stocks did not differ between fresh and brackish sites, but were lower at salty sites.</para>
</section>
<section><title>Associated GCE LTER research questions</title>
<para>Question 3: What are the underlying mechanisms by which the freshwater-saltwater gradient drives ecosystem change along the longitudinal axis of an estuary? (<ulink url="http://gce-lter.marsci.uga.edu/public/research/gce2_q3.asp">more information</ulink>)</para>
</section>
</abstract>
<keywordSet name="organization">
<keyword>LTER</keyword>
<keyword>NSF</keyword>
</keywordSet>
<keywordSet name="site">
<keyword>GCE</keyword>
</keywordSet>
<keywordSet name="theme">
<keyword>Altamaha River</keyword>
<keyword>brackish</keyword>
<keyword>Georgia</keyword>
<keyword>GIS</keyword>
<keyword>marine</keyword>
<keyword>marshes</keyword>
<keyword>Ogeechee River</keyword>
<keyword>Satilla River</keyword>
<keyword>sea-level</keyword>
<keyword>tidal</keyword>
</keywordSet>
<coverage><geographicCoverage><geographicDescription>Overall geographic extent of the research project</geographicDescription>
<boundingCoordinates><westBoundingCoordinate>-81.759763</westBoundingCoordinate>
<eastBoundingCoordinate>-81.119291</eastBoundingCoordinate>
<northBoundingCoordinate>31.771190</northBoundingCoordinate>
<southBoundingCoordinate>30.892711</southBoundingCoordinate>
</boundingCoordinates>
</geographicCoverage>
<temporalCoverage><rangeOfDates><beginDate><calendarDate>2005-01-01</calendarDate>
</beginDate>
<endDate><calendarDate>2009-12-31</calendarDate>
</endDate>
</rangeOfDates>
</temporalCoverage>
</coverage>
<funding><section><para>National Science Foundation grant numbers OCE-9982133 and OCE-0620959. This project was largely supported by the US EPA STAR program (RD 83222001-0).</para>
</section>
</funding>
<studyAreaDescription><descriptor name="hydrology" citableClassificationSystem="false">
<descriptorValue>estuary marsh complex</descriptorValue>
</descriptor>
<coverage><geographicCoverage><geographicDescription>Central Georgia Coast - Central Georgia coastal region from the South Newport River (northern extent) to the Satilla River (southern extent), and from the outer banks of the barrier islands (eastern extent) to approximately 35km inland (western extent)</geographicDescription>
<boundingCoordinates><westBoundingCoordinate>-81.759763</westBoundingCoordinate>
<eastBoundingCoordinate>-81.119291</eastBoundingCoordinate>
<northBoundingCoordinate>31.771190</northBoundingCoordinate>
<southBoundingCoordinate>30.892711</southBoundingCoordinate>
</boundingCoordinates>
</geographicCoverage>
</coverage>
<associatedMaterial category="image">
<distribution><online><onlineDescription>Map of the Georgia coast showing study sites on the three river systems (S- Satilla River, A- Altamaha River, O- Ogeechee River).</onlineDescription>
<url>http://gce-lter.marsci.uga.edu/public/resources/projects/mapPenningsQ3.png</url>
</online>
</distribution>
</associatedMaterial>
</studyAreaDescription>
<associatedMaterial category="publication" id="gce.447" date="2009">
<distribution><online><onlineDescription>Craft, C.B., Clough, J., Ehman, J., Joye, S.B., Park, R., Pennings, S.C., Guo, H. and Machmuller, M. 2009. Forecasting the effects of accelerated sea level rise on tidal marsh ecosystem services. Frontiers in Ecology and the Environment. 7(2):73-78. (DOI: 10.1890/070219)</onlineDescription>
<url>http://www.esajournals.org/doi/abs/10.1890/070219</url>
</online>
</distribution>
</associatedMaterial>
<associatedMaterial category="publication" id="gce.436" date="2008">
<distribution><offline><mediumName>Guo, H., Pennings, S.C. and Wieski, K. 2008. Poster: Physical stress, plant productivity, competition, and diversity in Georgia tidal marshes. Coastal Habitats. 93rd Annual Meeting of the Ecological Society of America, August 3-8, 2008, Milwaukee, Wisconsin.</mediumName>
</offline>
</distribution>
</associatedMaterial>
<associatedMaterial category="publication" id="gce.437" date="2008">
<distribution><offline><mediumName>Wieski, K., Guo, H. and Pennings, S.C. 2008. Poster: Ecosystem functions of tidal fresh, brackish, and salt marshes. Estuarine, Coastal and Intertidal Systems. 93rd Annual Meeting of the Ecological Society of America, August 3-8, 2008, Milwaukee, Wisconsin.</mediumName>
</offline>
</distribution>
</associatedMaterial>
<associatedMaterial category="publication" id="gce.326" date="2006">
<distribution><offline><mediumName>Pennings, S.C. 2006. Presentation: Sea-level rise and ecosystem services of tidal marshes. Sea-level rise, hurricanes, and the future of our coasts. Sigma Xi Meeting,Texas A&amp;M University, March 30, 2006.</mediumName>
</offline>
</distribution>
</associatedMaterial>
<associatedMaterial category="image">
<distribution><online><onlineDescription>Plant species richness across salinity gradients</onlineDescription>
<url>http://gce-lter.marsci.uga.edu/public/resources/projects/graphPenningsQ3.png</url>
</online>
</distribution>
</associatedMaterial>
</lter:researchProject>