<?xml version="1.0" encoding="UTF-8"?>
<lter:researchProject xmlns:lter="eml://ecoinformatics.org/lter-project-2.1.0" xmlns:xsi="http://www.w3.org/2001/XMLSchema-instance" xsi:schemaLocation="eml://ecoinformatics.org/lter-project-2.1.0 http://gce-lter.marsci.uga.edu/public/files/schemas/project-eml-210/lter-project.xsd" id="knb-lter-gce.p41" scope="system" system="knb">
<shortName>Spartina species zonation along the Altamaha River estuary</shortName>
<title>Spartina species zonation along the Altamaha River estuary</title>
<creator><individualName><salutation>Dr.</salutation>
<givenName>Merryl</givenName>
<surName>Alber</surName>
</individualName>
<organizationName>University of Georgia</organizationName>
<address><deliveryPoint>Dept. of Marine Sciences</deliveryPoint>
<deliveryPoint>University of Georgia</deliveryPoint>
<city>Athens</city>
<administrativeArea>Georgia</administrativeArea>
<postalCode>30602-3636</postalCode>
<country>USA</country>
</address>
<electronicMailAddress>malber@uga.edu</electronicMailAddress>
<onlineUrl>http://www.gcrc.uga.edu/Affiliates/alber_merryl.htm</onlineUrl>
<userId directory="http://gce-lter.marsci.uga.edu/public/app/personnel_bios.asp?id=malber">malber</userId>
</creator>
<metadataProvider><organizationName>Georgia Coastal Ecosystems LTER Project</organizationName>
<address><deliveryPoint>Dept. of Marine Sciences</deliveryPoint>
<deliveryPoint>University of Georgia</deliveryPoint>
<city>Athens</city>
<administrativeArea>Georgia</administrativeArea>
<postalCode>30602-3636</postalCode>
<country>USA</country>
</address>
<electronicMailAddress>gcelter@uga.edu</electronicMailAddress>
<onlineUrl>http://gce-lter.marsci.uga.edu/</onlineUrl>
</metadataProvider>
<associatedParty><individualName><salutation>Dr.</salutation>
<givenName>Merryl</givenName>
<surName>Alber</surName>
</individualName>
<organizationName>University of Georgia</organizationName>
<address><deliveryPoint>Dept. of Marine Sciences</deliveryPoint>
<deliveryPoint>University of Georgia</deliveryPoint>
<city>Athens</city>
<administrativeArea>Georgia</administrativeArea>
<postalCode>30602-3636</postalCode>
<country>USA</country>
</address>
<electronicMailAddress>malber@uga.edu</electronicMailAddress>
<onlineUrl>http://www.gcrc.uga.edu/Affiliates/alber_merryl.htm</onlineUrl>
<userId directory="http://gce-lter.marsci.uga.edu/public/app/personnel_bios.asp?id=malber">malber</userId>
<role>Principal investigator</role>
<temporalCoverage><rangeOfDates><beginDate><calendarDate>2000-01-01</calendarDate>
</beginDate>
<endDate><calendarDate>2004-12-31</calendarDate>
</endDate>
</rangeOfDates>
</temporalCoverage>
</associatedParty>
<associatedParty><individualName><salutation>Dr.</salutation>
<givenName>Susan</givenName>
<givenName>N.</givenName>
<surName>White</surName>
</individualName>
<organizationName>University of Georgia</organizationName>
<address><deliveryPoint>Dept. of Marine Sciences</deliveryPoint>
<deliveryPoint>University of Georgia</deliveryPoint>
<city>Athens</city>
<administrativeArea>Georgia</administrativeArea>
<postalCode>30602-3636</postalCode>
<country>USA</country>
</address>
<electronicMailAddress>snwhite@uga.edu</electronicMailAddress>
<userId directory="http://gce-lter.marsci.uga.edu/public/app/personnel_bios.asp?id=swhite">swhite</userId>
<role>Graduate research assistant</role>
<temporalCoverage><rangeOfDates><beginDate><calendarDate>2000-01-01</calendarDate>
</beginDate>
<endDate><calendarDate>2004-12-31</calendarDate>
</endDate>
</rangeOfDates>
</temporalCoverage>
</associatedParty>
<pubDate>2010</pubDate>
<abstract><section><title>Overview</title>
<para>S.N. White (UGA Ph.D. student) and M. Alber (UGA) conducted reciprocal transplant studies, greenhouse experiments, species removals in mixed Spartina stands, and vegetation surveys in the estuary of the Altamaha River, where S. cynosusroides occurs upstream of S. alterniflora. In reciprocal transplant experiments, each plant survived and performed best in its natural habitat. The presence of conspecific neighbors slightly reduced S. alterniflora plant performance in the salt marsh whereas S. cynosuroides showed little response in either environment. The results of these and other experiments suggest the lower estuarine distribution of Spartina cynosuroides is controlled by abiotic conditions (salinity or sulfide concentrations). The upper estuarine distribution of S. alterniflora is not well understood, but seems to also be primarily controlled by abiotic factors (possibly a sulfate requirement). These outcomes challenge results from previous</para>
<para>investigations of zonation controls in salt marshes and suggest that modifications to the salt marsh paradigm are necessary when describing vegetation distribution along an estuarine gradient. During an extended drought (2000-2002), Spartina alterniflora density increased to a greater extent than S. cynosuroides in mixed stands and the location where Spartina cover was 50 % S. cynosuroides and 50 % S. alterniflora shifted approximately 3 km upriver, suggesting that Spartina communities can respond rapidly to increasing estuarine salinity. These studies improve our understanding of the ecological linkages in estuaries and can aid coastal policymakers in making better management decisions and predictions concerning how changes in freshwater inflow might impact the distribution of estuarine organisms.</para>
</section>
<section><title>Associated GCE LTER research questions</title>
<para>Question 3: What are the underlying mechanisms by which the freshwater-saltwater gradient drives ecosystem change along the longitudinal axis of an estuary? (<ulink url="http://gce-lter.marsci.uga.edu/public/research/gce2_q3.asp">more information</ulink>)</para>
</section>
</abstract>
<keywordSet name="measurement">
<keyword>salinity</keyword>
</keywordSet>
<keywordSet name="organization">
<keyword>LTER</keyword>
<keyword>NSF</keyword>
</keywordSet>
<keywordSet name="place">
<keyword>Altamaha River</keyword>
<keyword>Georgia</keyword>
</keywordSet>
<keywordSet name="site">
<keyword>GCE</keyword>
</keywordSet>
<keywordSet name="taxonomic">
<keyword>Spartina</keyword>
</keywordSet>
<keywordSet name="theme">
<keyword>estuary</keyword>
<keyword>salt marsh</keyword>
<keyword>transplant</keyword>
<keyword>zonation</keyword>
</keywordSet>
<coverage><geographicCoverage><geographicDescription>Overall geographic extent of the research project</geographicDescription>
<boundingCoordinates><westBoundingCoordinate>-81.582311</westBoundingCoordinate>
<eastBoundingCoordinate>-81.237936</eastBoundingCoordinate>
<northBoundingCoordinate>31.401403</northBoundingCoordinate>
<southBoundingCoordinate>31.296034</southBoundingCoordinate>
</boundingCoordinates>
</geographicCoverage>
<temporalCoverage><rangeOfDates><beginDate><calendarDate>2000-01-01</calendarDate>
</beginDate>
<endDate><calendarDate>2004-12-31</calendarDate>
</endDate>
</rangeOfDates>
</temporalCoverage>
</coverage>
<funding><section><para>National Science Foundation grant number OCE-9982133</para>
</section>
</funding>
<studyAreaDescription><descriptor name="hydrology" citableClassificationSystem="false">
<descriptorValue>estuary marsh complex</descriptorValue>
</descriptor>
<coverage><geographicCoverage><geographicDescription>Altamaha River - Altamaha River transect used for GCE quarterly hydrographic monitoring surveys.  Nominal profiling stations are defined every 2km from -4km to 40km (relative to station 0km at the line of demarcation), based on an estimated Thalweg line running up the main river channel.</geographicDescription>
<boundingCoordinates><westBoundingCoordinate>-81.582311</westBoundingCoordinate>
<eastBoundingCoordinate>-81.237936</eastBoundingCoordinate>
<northBoundingCoordinate>31.401403</northBoundingCoordinate>
<southBoundingCoordinate>31.296034</southBoundingCoordinate>
</boundingCoordinates>
</geographicCoverage>
</coverage>
<associatedMaterial category="image">
<distribution><online><onlineDescription>Survey sampling locations in 2000 (diamonds), 2002 (circles), and 2004 (triangles), and experimental removal site (black bar) along the Altamaha River estuary. Numbers represent distance from the mouth of the estuary (in km).</onlineDescription>
<url>http://gce-lter.marsci.uga.edu/public/resources/projects/AltamahaSurveyAlberQ3.png</url>
</online>
</distribution>
</associatedMaterial>
</studyAreaDescription>
<associatedMaterial category="publication" id="gce.454" date="2009">
<distribution><online><onlineDescription>White, S.N. and Alber, M. 2009. Drought-associated shifts in Spartina alterniflora and S. cynosuroides in the Altamaha River estuary. Wetlands. 29(1):215-224. (DOI: 10.1672/08-39.1)</onlineDescription>
<url>http://www.bioone.org/doi/abs/10.1672/08-39.1</url>
</online>
</distribution>
</associatedMaterial>
<associatedMaterial category="publication" id="gce.322" date="2005">
<distribution><offline><mediumName>White, S.N. and Alber, M. 2005. Presentation: The response of Spartina species to prolonged drought in the Altamaha River Estuary, Georgia. 2005 Estuarine Research Federation Meeting. October 16-20, 2005, Norfolk, Virginia.</mediumName>
</offline>
</distribution>
</associatedMaterial>
<associatedMaterial category="publication" id="gce.246" date="2004">
<distribution><online><onlineDescription>White, S.N. 2004. Spartina species zonation along an estuarine gradient in Georgia: Exploring mechanisms controlling distribution. Ph.D. Dissertation, University of Georgia, Athens, Georgia. 206 pp.</onlineDescription>
<url>http://gce-lter.marsci.uga.edu/public/files/pubs/White_Susan_PhD_2004.pdf</url>
</online>
</distribution>
</associatedMaterial>
<associatedMaterial category="publication" id="gce.133" date="2003">
<distribution><online><onlineDescription>White, S.N. and Alber, M. 2003. Spartina species zonation along the Altamaha River Estuary. Hatcher, K.J. (editor). Proceedings of the 2003 Georgia Water Resources Conference. Institute of Ecology, University of Georgia, Athens, Georgia.</onlineDescription>
<url>http://gce-lter.marsci.uga.edu/public/files/pubs/White_gwrc_2003.pdf</url>
</online>
</distribution>
</associatedMaterial>
<associatedMaterial category="publication" id="gce.144" date="2003">
<distribution><offline><mediumName>White, S. and Alber, M. 2003. Poster:  Controls of Spartina zonation patterns along the Altamaha River Estuary, GA: Abiotic and biotic mechanisms. 2003 Estuarine Research Federation meeting. Sept. 14-18, 2003, Seattle, WA.</mediumName>
</offline>
</distribution>
</associatedMaterial>
<associatedMaterial category="publication" id="gce.146" date="2003">
<distribution><offline><mediumName>White, S.N. and Alber, M. 2003. Presentation: Will the marsh paradigm hold? Spartina distributions along the length of the Altamaha River Estuary, GA. 2003 Ecological Society of America meeting, Aug. 2003, Savannah, GA.</mediumName>
</offline>
</distribution>
</associatedMaterial>
<associatedMaterial category="publication" id="gce.150" date="2003">
<distribution><offline><mediumName>White, S. and Alber, M. 2003. Presentation:  Salinity, Sulfate, and Competition: Exploring interactions and impacts on Spartina alterniflora and S. cynosuroides growth. Southeastern Estuarine Research Society meeting. March 2003, Atlantic Beach, NC.</mediumName>
</offline>
</distribution>
</associatedMaterial>
<associatedMaterial category="publication" id="gce.30" date="2001">
<distribution><offline><mediumName>White, S. and Alber, M. 2001. Presentation:  Distribution of two salt marsh bank species along a salinity gradient in the Altamaha River Estuary: A fraction of the sum. Southeastern Estuarine Research Society Meeting. Southeastern Estuarine Research Society, Mar 01, 2001, Charleston, South Carolina.</mediumName>
</offline>
</distribution>
</associatedMaterial>
<associatedMaterial category="publication" id="gce.56" date="2001">
<distribution><offline><mediumName>White, S.N. and Alber, M. 2001. Presentation:  Distribution of S. alterniflora and S. cynosuroides along the Altamaha River: Potential impacts of competition, salinity and sulfate availability. ERF 2001: An Estuarine Odyssey. Estuarine Research Federation, Nov. 4-8, 2001, St. Pete Beach, Florida.</mediumName>
</offline>
</distribution>
</associatedMaterial>
</lter:researchProject>