<?xml version="1.0" encoding="UTF-8"?>
<lter:researchProject xmlns:lter="eml://ecoinformatics.org/lter-project-2.1.0" xmlns:xsi="http://www.w3.org/2001/XMLSchema-instance" xsi:schemaLocation="eml://ecoinformatics.org/lter-project-2.1.0 http://gce-lter.marsci.uga.edu/public/files/schemas/project-eml-210/lter-project.xsd" id="knb-lter-gce.p54" scope="system" system="knb">
<shortName>Snail and bivalve recruitment</shortName>
<title>Snail and bivalve recruitment</title>
<creator><individualName><salutation>Dr.</salutation>
<givenName>Brian</givenName>
<givenName>R.</givenName>
<surName>Silliman</surName>
</individualName>
<organizationName>University of Florida</organizationName>
<address><deliveryPoint>Department of Biology</deliveryPoint>
<deliveryPoint>University of Florida</deliveryPoint>
<city>Gainesville</city>
<administrativeArea>Florida</administrativeArea>
<postalCode>32611</postalCode>
<country>USA</country>
</address>
<electronicMailAddress>brs@ufl.edu</electronicMailAddress>
<onlineUrl>http://www.sillimanlab.com/</onlineUrl>
<userId directory="http://gce-lter.marsci.uga.edu/public/app/personnel_bios.asp?id=bsilliman">bsilliman</userId>
</creator>
<metadataProvider><organizationName>Georgia Coastal Ecosystems LTER Project</organizationName>
<address><deliveryPoint>Dept. of Marine Sciences</deliveryPoint>
<deliveryPoint>University of Georgia</deliveryPoint>
<city>Athens</city>
<administrativeArea>Georgia</administrativeArea>
<postalCode>30602-3636</postalCode>
<country>USA</country>
</address>
<electronicMailAddress>gcelter@uga.edu</electronicMailAddress>
<onlineUrl>http://gce-lter.marsci.uga.edu/</onlineUrl>
</metadataProvider>
<associatedParty><individualName><salutation>Dr.</salutation>
<givenName>Brian</givenName>
<givenName>R.</givenName>
<surName>Silliman</surName>
</individualName>
<organizationName>University of Florida</organizationName>
<address><deliveryPoint>Department of Biology</deliveryPoint>
<deliveryPoint>University of Florida</deliveryPoint>
<city>Gainesville</city>
<administrativeArea>Florida</administrativeArea>
<postalCode>32611</postalCode>
<country>USA</country>
</address>
<electronicMailAddress>brs@ufl.edu</electronicMailAddress>
<onlineUrl>http://www.sillimanlab.com/</onlineUrl>
<userId directory="http://gce-lter.marsci.uga.edu/public/app/personnel_bios.asp?id=bsilliman">bsilliman</userId>
<role>Principal investigator</role>
</associatedParty>
<associatedParty><individualName><givenName>Christine</givenName>
<surName>Holdredge</surName>
</individualName>
<organizationName>University of Florida</organizationName>
<address><deliveryPoint>Department of Biology</deliveryPoint>
<deliveryPoint>University of Florida</deliveryPoint>
<city>Gainesville</city>
<administrativeArea>Florida</administrativeArea>
<postalCode>32611</postalCode>
<country>USA</country>
</address>
<electronicMailAddress>choldredge@ufl.edu</electronicMailAddress>
<userId directory="http://gce-lter.marsci.uga.edu/public/app/personnel_bios.asp?id=choldredge">choldredge</userId>
<role>Graduate research assistant</role>
</associatedParty>
<associatedParty><individualName><givenName>James</givenName>
<givenName>C.</givenName>
<surName>Nifong</surName>
</individualName>
<organizationName>University of Florida</organizationName>
<address><deliveryPoint>Division of Herpetology</deliveryPoint>
<deliveryPoint>Department of Zoology</deliveryPoint>
<deliveryPoint>University of Florida</deliveryPoint>
<city>Gainesville</city>
<administrativeArea>Florida</administrativeArea>
<postalCode>32609</postalCode>
<country>USA</country>
</address>
<electronicMailAddress>ncboy@ufl.edu</electronicMailAddress>
<onlineUrl>http://www.sillimanlab.com/people-james.php</onlineUrl>
<userId directory="http://gce-lter.marsci.uga.edu/public/app/personnel_bios.asp?id=jnifong">jnifong</userId>
<role>Graduate research assistant</role>
</associatedParty>
<pubDate>2010</pubDate>
<abstract><section><title>Overivew</title>
<para>To begin to assess the relative effects of habitat quality, larval transport, and predation in governing invertebrate densities across the off-shore, on-shore gradient, the Silliman lab is running 2 major studies in the summer and fall of 2008, 2009, and 2010 at 24 replicate sites of barrier island marshes (n=8, both tall and short zone), 8 mid-estuary marshes (n=8, both tall and short zone) and mainland marshes (n=8, both tall and short zone).  </para>
<para>1) We are assessing recruitment rates using integrative methods and adult densities using quadrats for all major marsh invertebrates at all sites. For species-specific integrative recruitment, we use the following methods: I) for ribbed mussels and oysters, we use  6"x3" pvc pipes sealed with ¼" vexar at the ends and filled with 5 live oysters or ribbed mussels and bricks fastened just above the marsh surface; II) for barnacles, we use 2' tall ¾" PVC pipes and bricks fastened just above the marsh surface, and III) for periwinkle snails, in the first  week of November we count recruits occurring in dead, furled leaves of Spartina in permanent 25x 25 cm plots that have been cleared of all recruits in August of each year.  Each of these approaches is replicated 4 times at each site in both the short and tall Spartina zones.  In total, there are 256 sampling devices deployed for each species.  All of these methods build upon the work that D. Bishop began when monitoring invertebrate recruitment at the primary GCE sites.</para>
<para>2) To asses if some aspect of marsh condition excludes invertebrates from mainland marshes, we are transplanting tethered periwinkle snails, ribbed mussels and mud snails (n=4 cages per site with 5 animals of each species in each paired uncaged and caged area) across this gradient both with and without predator/competitor access (2009-2010). </para>
<para>To assess the relative roles of recruitment and predation in controlling invertebrate densities, we will use a multiple regression model to compare separate and combined effects of recruitment rates and predation rates as assessed by tethering all invertebrates at all sites (n= 40 animals/ site/ zone) (2009-2010). When completed, this work will be integrated with work by the Pennings laboratory on grasshopper distributions to compare drivers of distribution between marine vs. terrestrial invertebrate taxa.  </para>
<para> </para>
<para>In 2008, we surveyed these sites and found a strong impact of both site and zone on density of adult periwinkle snails and recruits of periwinkle snails and barnacles.  The pattern was consistent across both species and life stages. Densities were highest in the barrier-island marshes followed by mid-estuary and then mainland marshes (P &lt; 0.01, all cases).  There was also a strong main effect of zone (P &lt; 0.01, all cases), but no interaction between zone and site.  In the case of adult snails, density was always higher in the short zone, while the opposite pattern was true for barnacle and snail recruits-recruits were always most abundant in the tall zone.  </para>
<para>These patterns suggest a strong recruitment shadow effect, where larval supply to marshes is highest closest to the ocean source and trails off toward the mainland.  Combined with our tethering experiments (ongoing) which suggest strong predation in the tall zones at all sites, but lower predation rates in the short zone, these data suggest that high densities of marsh invertebrates occur in areas where recruitment is high enough overcome losses due to high predation, i.e., short Spartina zones on barrier islands.</para>
</section>
<section><title>Associated GCE LTER research questions</title>
<para>Question 5: What is the relative importance of larval transport versus the conditions of the adult environment in determining community and genetic structure across both the longitudinal and lateral gradients of the estuarine landscape? (<ulink url="http://gce-lter.marsci.uga.edu/public/research/gce2_q5.asp">more information</ulink>)</para>
</section>
</abstract>
<keywordSet name="organization">
<keyword>LTER</keyword>
<keyword>NSF</keyword>
</keywordSet>
<keywordSet name="place">
<keyword>Georgia</keyword>
</keywordSet>
<keywordSet name="site">
<keyword>GCE</keyword>
</keywordSet>
<keywordSet name="taxonomic">
<keyword>Spartina</keyword>
</keywordSet>
<keywordSet name="theme">
<keyword>bivalves</keyword>
<keyword>habitat</keyword>
<keyword>marsh</keyword>
<keyword>oysters</keyword>
<keyword>predation</keyword>
<keyword>recruitment</keyword>
<keyword>ribbed mussels</keyword>
<keyword>snails</keyword>
<keyword>transport</keyword>
</keywordSet>
<coverage><geographicCoverage><geographicDescription>Overall geographic extent of the research project</geographicDescription>
<boundingCoordinates><westBoundingCoordinate>-81.493498</westBoundingCoordinate>
<eastBoundingCoordinate>-81.195661</eastBoundingCoordinate>
<northBoundingCoordinate>31.552554</northBoundingCoordinate>
<southBoundingCoordinate>31.304063</southBoundingCoordinate>
</boundingCoordinates>
</geographicCoverage>
<temporalCoverage><ongoing><beginDate><calendarDate>2008-06-01</calendarDate>
</beginDate>
</ongoing>
</temporalCoverage>
</coverage>
<funding><section><para>National Science Foundation grant numbers OCE-9982133 and OCE-0620959</para>
</section>
</funding>
<studyAreaDescription><descriptor name="hydrology" citableClassificationSystem="false">
<descriptorValue>estuary marsh complex</descriptorValue>
</descriptor>
<coverage><geographicCoverage><geographicDescription>Eulonia - Transitional salt marsh/upland forest site at the upper reach of the Sapelo River near Eulonia, Georgia. The main marsh area is to the north of the channel where the upland is controlled by DNR. Several small creeks lie within the study area.  Residential development is increasing on the upland areas south of the channel. A hydrographic sonde is deployed within this site attached to a private dock to the south of the main channel near the HW-17 bridge.</geographicDescription>
<boundingCoordinates><westBoundingCoordinate>-81.428481</westBoundingCoordinate>
<eastBoundingCoordinate>-81.410732</eastBoundingCoordinate>
<northBoundingCoordinate>31.546750</northBoundingCoordinate>
<southBoundingCoordinate>31.533963</southBoundingCoordinate>
</boundingCoordinates>
</geographicCoverage>
<geographicCoverage><geographicDescription>Hunt Camp - Barrier island/marsh site on western Sapelo Island.  This site is located at the upper reaches of the Duplin River, and is within the Sapelo Island National Estuarine Research Reserve. Existing well fields border small marsh area to northwest, some wells have been installed to south end of hammock where marsh is more extensive and permanent plots are located. Two existing hydrographic sondes and weather stations within this site are operated by SINERR (Hunt Camp dock) and UGAMI (flume dock).</geographicDescription>
<boundingCoordinates><westBoundingCoordinate>-81.295506</westBoundingCoordinate>
<eastBoundingCoordinate>-81.258908</eastBoundingCoordinate>
<northBoundingCoordinate>31.497026</northBoundingCoordinate>
<southBoundingCoordinate>31.462320</southBoundingCoordinate>
</boundingCoordinates>
</geographicCoverage>
<geographicCoverage><geographicDescription>Four Mile Island - Low salt marsh/estuary site encompassing the southwestern end of Four Mile Island and the Sapelo River near Sapelo Sound. The large island is totally marsh, with no upland, and no development. Nearby areas, like "Sutherland Bluff", are developing with golf courses. A hydrographic sonde is deployed within this site attached to channel marker 4 (under U.S. Coast Guard permit). Salinity regime is similar to seawater.</geographicDescription>
<boundingCoordinates><westBoundingCoordinate>-81.318961</westBoundingCoordinate>
<eastBoundingCoordinate>-81.292844</eastBoundingCoordinate>
<northBoundingCoordinate>31.552554</northBoundingCoordinate>
<southBoundingCoordinate>31.533604</southBoundingCoordinate>
</boundingCoordinates>
</geographicCoverage>
<geographicCoverage><geographicDescription>North Sapelo - High salinity marsh/Sapelo Sound site.  Few or no small creeks, but one large creek is easily accessed. Further upstream upland drainage is affected by culvert at Reynolds' duck pond. Upland is heavily forested. Hydrographic sonde is deployed adjacent to this site attached to a channel marker (under U.S. Coast Guard permit). A huge mud flat is present at the northern tip of Sapelo Island.</geographicDescription>
<boundingCoordinates><westBoundingCoordinate>-81.233249</westBoundingCoordinate>
<eastBoundingCoordinate>-81.195661</eastBoundingCoordinate>
<northBoundingCoordinate>31.546868</northBoundingCoordinate>
<southBoundingCoordinate>31.515188</southBoundingCoordinate>
</boundingCoordinates>
</geographicCoverage>
<geographicCoverage><geographicDescription>Meridian - Inland marsh and tidal creek site near Meridian, Georgia. The primary marsh site is to the south of the dock in front of the Sapelo Island Visitor Center. Some small creeks and one large creek (Hudson Creek) are present. Upland is heavily forested. Marsh to the north of the dock can be used for additional studies if larger areas are required. Upland to the North is being developed for residential use, so future access is uncertain. The USGS super station site (weather station plus multiple-sensor sonde) is deployed off the ferry dock. Salinity is similar to seawater because there is little freshwater input from the upland.</geographicDescription>
<boundingCoordinates><westBoundingCoordinate>-81.370752</westBoundingCoordinate>
<eastBoundingCoordinate>-81.357256</eastBoundingCoordinate>
<northBoundingCoordinate>31.463533</northBoundingCoordinate>
<southBoundingCoordinate>31.448419</southBoundingCoordinate>
</boundingCoordinates>
</geographicCoverage>
<geographicCoverage><geographicDescription>Folly River - Salt marsh/tidal creek site at the Folly River near Doboy Sound.  No upland areas present. The north side of Doboy Sound immediately opposite is similar, but creeks are not as nice. No existing markers are close enough for sonde deployment, so we will initially use the existing sonde at Marsh Landing operated by UGAMI for surrogate hydrographic data.</geographicDescription>
<boundingCoordinates><westBoundingCoordinate>-81.354413</westBoundingCoordinate>
<eastBoundingCoordinate>-81.327201</eastBoundingCoordinate>
<northBoundingCoordinate>31.442538</northBoundingCoordinate>
<southBoundingCoordinate>31.417640</southBoundingCoordinate>
</boundingCoordinates>
</geographicCoverage>
<geographicCoverage><geographicDescription>Dean Creek - Doboy Sound/salt marsh site at the southern end of Sapelo Island near Dean Creek and the Sapelo lighthouse.  A few small creeks are present, but a large creek (Dean Creek) is easily accessed. Upland is composed of small hammocks and some constructed causeways, with sand dune complexes east of Dean Creek and extending to the beach. Upper end of the watershed is affected by a culvert at Beach Road and heavy student use of marsh immediately adjacent to culvert. A hydrographic sonde is deployed in Doboy Sound near Commodore Island approximately 1.5km from this site. GCE6 is also the focus of Sapelo Island Microbial Observatory research on microbial diversity  and  genomics (http://simo.marsci.uga.edu)</geographicDescription>
<boundingCoordinates><westBoundingCoordinate>-81.299522</westBoundingCoordinate>
<eastBoundingCoordinate>-81.264378</eastBoundingCoordinate>
<northBoundingCoordinate>31.394072</northBoundingCoordinate>
<southBoundingCoordinate>31.371003</southBoundingCoordinate>
</boundingCoordinates>
</geographicCoverage>
<geographicCoverage><geographicDescription>Carrs Island - Freshwater marsh site along the northern bank of Hammersmith Creek at the south end of Carrs Island. Upland area is heavily forested. Northern 3/4 of the island was diked for rice agriculture, but the southern 1/4 is undisturbed. A hydrographic sonde is deployed in the Altamaha River near Hammersmith Creek, adjacent to this site.</geographicDescription>
<boundingCoordinates><westBoundingCoordinate>-81.493498</westBoundingCoordinate>
<eastBoundingCoordinate>-81.475900</eastBoundingCoordinate>
<northBoundingCoordinate>31.348774</northBoundingCoordinate>
<southBoundingCoordinate>31.334364</southBoundingCoordinate>
</boundingCoordinates>
</geographicCoverage>
<geographicCoverage><geographicDescription>Alligator Creek - Mid-estuary/salt marsh site on the west side of Friday Cap Creek along the Altamaha River. This is a brackish marsh with salinities around 14 PSU during drought, less than 5 PSU normally. A hydrographic sonde is deployed adjacent to this site in the Altamaha River near Alligator Creek, attached to the US Coast Guard Daymarker 2 pilings.</geographicDescription>
<boundingCoordinates><westBoundingCoordinate>-81.426272</westBoundingCoordinate>
<eastBoundingCoordinate>-81.410634</eastBoundingCoordinate>
<northBoundingCoordinate>31.317808</northBoundingCoordinate>
<southBoundingCoordinate>31.304063</southBoundingCoordinate>
</boundingCoordinates>
</geographicCoverage>
<geographicCoverage><geographicDescription>Rockdedundy Island - Lower estuary tidal creek and marsh site at Rockdedundy Island west of Wolf Island. A hydrographic sonde is deployed approximately 2km from this site in the Altamaha River near Rockdedundy Island, attached to the US Coast Guard Daymarker 201 pilings.</geographicDescription>
<boundingCoordinates><westBoundingCoordinate>-81.346730</westBoundingCoordinate>
<eastBoundingCoordinate>-81.326495</eastBoundingCoordinate>
<northBoundingCoordinate>31.358142</northBoundingCoordinate>
<southBoundingCoordinate>31.339173</southBoundingCoordinate>
</boundingCoordinates>
</geographicCoverage>
</coverage>
<associatedMaterial category="image">
<distribution><online><onlineDescription>Locations of sampling sites along an off-shore on-shore gradient. In orange are barrier island sites, white mid-estuary sites, and blue mainland sites.</onlineDescription>
<url>http://gce-lter.marsci.uga.edu/public/resources/projects/mapPenningsQ5.png</url>
</online>
</distribution>
</associatedMaterial>
</studyAreaDescription>
<associatedMaterial category="image">
<distribution><online><onlineDescription>Densities of adult (top) and recruit (bottom) periwinkle snails in short- and tall-Spartina zones along the on-shore, off-shore gradient.</onlineDescription>
<url>http://gce-lter.marsci.uga.edu/public/resources/projects/graph2PenningsQ5.png</url>
</online>
</distribution>
</associatedMaterial>
<associatedMaterial category="image">
<distribution><online><onlineDescription>Densities of barnacles in short- and tall-Spartina zones along the on-shore, off-shore gradient.</onlineDescription>
<url>http://gce-lter.marsci.uga.edu/public/resources/projects/graph3PenningsQ5.png</url>
</online>
</distribution>
</associatedMaterial>
</lter:researchProject>