<?xml version="1.0" encoding="UTF-8"?>
<lter:researchProject xmlns:lter="eml://ecoinformatics.org/lter-project-2.1.0" xmlns:xsi="http://www.w3.org/2001/XMLSchema-instance" xsi:schemaLocation="eml://ecoinformatics.org/lter-project-2.1.0 http://gce-lter.marsci.uga.edu/public/files/schemas/project-eml-210/lter-project.xsd" id="knb-lter-gce.p1" scope="system" system="knb">
<shortName>Climate monitoring</shortName>
<title>Georgia Coastal Ecosystems LTER Climate monitoring program</title>
<creator><individualName><salutation>Dr.</salutation>
<givenName>Daniela</givenName>
<surName>Di Iorio</surName>
</individualName>
<organizationName>University of Georgia</organizationName>
<address><deliveryPoint>Dept. of Marine Sciences</deliveryPoint>
<deliveryPoint>University of Georgia</deliveryPoint>
<city>Athens</city>
<administrativeArea>Georgia</administrativeArea>
<postalCode>30602-3636</postalCode>
<country>USA</country>
</address>
<electronicMailAddress>daniela@uga.edu</electronicMailAddress>
<onlineUrl>http://www.marsci.uga.edu/FacultyPages/Daniela/daniela.html</onlineUrl>
<userId directory="http://gce-lter.marsci.uga.edu/public/app/personnel_bios.asp?id=ddiiorio">ddiiorio</userId>
</creator>
<creator><individualName><givenName>Dorset</givenName>
<surName>Hurley</surName>
</individualName>
<organizationName>Sapelo Island National Estuarine Research Reserve</organizationName>
<address><deliveryPoint>Sapelo Island National Estuarine Research Reserve</deliveryPoint>
<city>Sapelo Island</city>
<administrativeArea>Georgia</administrativeArea>
<postalCode>31327</postalCode>
<country>USA</country>
</address>
<electronicMailAddress>dhurley@darientel.net</electronicMailAddress>
<onlineUrl>http://www.sapelonerr.org/</onlineUrl>
<userId directory="http://gce-lter.marsci.uga.edu/public/app/personnel_bios.asp?id=dhurley">dhurley</userId>
</creator>
<creator><individualName><givenName>Wade</givenName>
<givenName>M.</givenName>
<surName>Sheldon</surName>
</individualName>
<organizationName>University of Georgia</organizationName>
<address><deliveryPoint>Dept. of Marine Sciences</deliveryPoint>
<deliveryPoint>University of Georgia</deliveryPoint>
<city>Athens</city>
<administrativeArea>Georgia</administrativeArea>
<postalCode>30602-3636</postalCode>
<country>USA</country>
</address>
<electronicMailAddress>sheldon@uga.edu</electronicMailAddress>
<userId directory="http://gce-lter.marsci.uga.edu/public/app/personnel_bios.asp?id=wsheldon">wsheldon</userId>
</creator>
<metadataProvider><organizationName>Georgia Coastal Ecosystems LTER Project</organizationName>
<address><deliveryPoint>Dept. of Marine Sciences</deliveryPoint>
<deliveryPoint>University of Georgia</deliveryPoint>
<city>Athens</city>
<administrativeArea>Georgia</administrativeArea>
<postalCode>30602-3636</postalCode>
<country>USA</country>
</address>
<electronicMailAddress>gcelter@uga.edu</electronicMailAddress>
<onlineUrl>http://gce-lter.marsci.uga.edu/</onlineUrl>
</metadataProvider>
<associatedParty><individualName><salutation>Dr.</salutation>
<givenName>Daniela</givenName>
<surName>Di Iorio</surName>
</individualName>
<organizationName>University of Georgia</organizationName>
<address><deliveryPoint>Dept. of Marine Sciences</deliveryPoint>
<deliveryPoint>University of Georgia</deliveryPoint>
<city>Athens</city>
<administrativeArea>Georgia</administrativeArea>
<postalCode>30602-3636</postalCode>
<country>USA</country>
</address>
<electronicMailAddress>daniela@uga.edu</electronicMailAddress>
<onlineUrl>http://www.marsci.uga.edu/FacultyPages/Daniela/daniela.html</onlineUrl>
<userId directory="http://gce-lter.marsci.uga.edu/public/app/personnel_bios.asp?id=ddiiorio">ddiiorio</userId>
<role>Principal investigator</role>
<temporalCoverage><ongoing><beginDate><calendarDate>2002-07-08</calendarDate>
</beginDate>
</ongoing>
</temporalCoverage>
</associatedParty>
<associatedParty><individualName><givenName>Dorset</givenName>
<surName>Hurley</surName>
</individualName>
<organizationName>Sapelo Island National Estuarine Research Reserve</organizationName>
<address><deliveryPoint>Sapelo Island National Estuarine Research Reserve</deliveryPoint>
<city>Sapelo Island</city>
<administrativeArea>Georgia</administrativeArea>
<postalCode>31327</postalCode>
<country>USA</country>
</address>
<electronicMailAddress>dhurley@darientel.net</electronicMailAddress>
<onlineUrl>http://www.sapelonerr.org/</onlineUrl>
<userId directory="http://gce-lter.marsci.uga.edu/public/app/personnel_bios.asp?id=dhurley">dhurley</userId>
<role>Principal investigator</role>
<temporalCoverage><ongoing><beginDate><calendarDate>2002-07-08</calendarDate>
</beginDate>
</ongoing>
</temporalCoverage>
</associatedParty>
<associatedParty><individualName><givenName>Wade</givenName>
<givenName>M.</givenName>
<surName>Sheldon</surName>
</individualName>
<organizationName>University of Georgia</organizationName>
<address><deliveryPoint>Dept. of Marine Sciences</deliveryPoint>
<deliveryPoint>University of Georgia</deliveryPoint>
<city>Athens</city>
<administrativeArea>Georgia</administrativeArea>
<postalCode>30602-3636</postalCode>
<country>USA</country>
</address>
<electronicMailAddress>sheldon@uga.edu</electronicMailAddress>
<userId directory="http://gce-lter.marsci.uga.edu/public/app/personnel_bios.asp?id=wsheldon">wsheldon</userId>
<role>Principal investigator</role>
<temporalCoverage><ongoing><beginDate><calendarDate>2002-07-08</calendarDate>
</beginDate>
</ongoing>
</temporalCoverage>
</associatedParty>
<associatedParty><individualName><givenName>Jane</givenName>
<surName>Garbisch</surName>
</individualName>
<organizationName>University of Georgia Marine Institute</organizationName>
<address><deliveryPoint>University of Georgia Marine Institute</deliveryPoint>
<city>Sapelo Island</city>
<administrativeArea>Georgia</administrativeArea>
<postalCode>31327</postalCode>
<country>USA</country>
</address>
<electronicMailAddress>jgarbisch@aol.com</electronicMailAddress>
<userId directory="http://gce-lter.marsci.uga.edu/public/app/personnel_bios.asp?id=jagarbisch">jagarbisch</userId>
<role>Research technician</role>
<temporalCoverage><rangeOfDates><beginDate><calendarDate>2002-07-08</calendarDate>
</beginDate>
<endDate><calendarDate>2004-04-01</calendarDate>
</endDate>
</rangeOfDates>
</temporalCoverage>
</associatedParty>
<associatedParty><individualName><givenName>Patrick</givenName>
<surName>Hagan</surName>
</individualName>
<organizationName>Sapelo Island National Estuarine Research Reserve</organizationName>
<address><deliveryPoint>Sapelo Island National Estuarine Research Reserve</deliveryPoint>
<deliveryPoint>P.O. Box 15</deliveryPoint>
<city>Sapelo Island</city>
<administrativeArea>Georgia</administrativeArea>
<postalCode>31327</postalCode>
<country>USA</country>
</address>
<electronicMailAddress>bluewatermotion@hotmail.com</electronicMailAddress>
<userId directory="http://gce-lter.marsci.uga.edu/public/app/personnel_bios.asp?id=phagan">phagan</userId>
<role>Research technician</role>
<temporalCoverage><ongoing><beginDate><calendarDate>2004-04-01</calendarDate>
</beginDate>
</ongoing>
</temporalCoverage>
</associatedParty>
<pubDate>2010</pubDate>
<abstract><section><title>Overview</title>
<para>We collect data from an array of geographically dispersed weather stations to characterize climatic conditions across the GCE LTER domain. We operate a comprehensive weather station at Marsh Landing on Sapelo Island in collaboration with the Sapelo Island National Estuarine Research Reserve (SINERR), which serves as our primary LTER meteorological station for inter-comparison studies and ClimDB. We also operate a weather station on the mainland at Meridian Landing in cooperation with the U.S. Geological Survey (USGS) and SINERR.  High frequency (15 minute) or hourly data from these two stations, respectively, are acquired in near real-time from NOAA (via GOES satellite uplink) and USGS (via microwave transmission) data servers. Long-term daily weather data from National Weather Service COOP stations operated at the UGA Marine Institute on Sapelo Island and in Brunswick, Baxley, Jesup and Glennville, Georgia are also regularly acquired to provide long-term regional records of temperature and precipitation.</para>
</section>
<section><title>Marsh Landing Weather Station</title>
<para>The Marsh Landing weather station on western Sapelo Island is the primary station used to characterize real-time climatic conditions in the GCE domain. This station meets or exceeds Level 2 of the <ulink url="http://intranet.lternet.edu/committees/climate/climstan/obstands.html">LTER meteorological observation standards for LTER sites</ulink>. Instruments are deployed on a 10m aluminum tower attached to a concrete base to clear all nearby structures. Sensor readings are taken at 5 second intervals by a Campbell Scientific Instruments CR1000 data logger, and calcualted measurement values are logged on the CR1000 storage module at 15 minute intervals. Data tables are then transmitted hourly via TX312 GOES Satellite telemetry to the <ulink url="http://www.nws.noaa.gov/oh/hads/">NOAA Hydrometeorological Automated Data System</ulink>. </para>
<para>Processed near-real-time weather data and plots are available on the <ulink url="http://gce-lter.marsci.uga.edu/portal/marshlanding.htm">GCE Data Portal</ulink> web site, and on the <ulink url="http://www.fsl.orst.edu/climhy/climdb/index.htm">LTER all-site climate database</ulink> (ClimDB) web site. Variables measured include: <itemizedlist><listitem><para>air temperature</para>
</listitem>
<listitem><para>relative humidity</para>
</listitem>
<listitem><para>atmospheric (barometric) pressure</para>
</listitem>
<listitem><para>wind speed (at 10m)</para>
</listitem>
<listitem><para>wind direction (at 10m)</para>
</listitem>
<listitem><para>precipitation</para>
</listitem>
<listitem><para>photosynthetically available radiation (PAR)</para>
</listitem>
<listitem><para>total solar radiation</para>
</listitem>
</itemizedlist>
</para>
</section>
<section><title>Hudson Creek/Meridian Landing Station</title>
<para>The Meridian Landing/Hudson Creek station is located at the DNR ferry landing in Meridian, Georgia, near the Sapelo Island Visitors Center and within the <ulink url="http://gce-lter.marsci.uga.edu/public/app/sitedetails.asp?site=GCE4">GCE4</ulink> sampling area.&amp;nbsp; This station is jointly funded by the USGS, the GCE LTER project and the <ulink url="http://nerrs.noaa.gov/SapeloIsland/">SINERR</ulink> program, and is operated by USGS as a real-time water data station (ID: <ulink url="http://water.usgs.gov/ga/nwis/nwisman/?site_no=022035975&amp;amp;agency_cd=USGS">USGS 022035975</ulink>).</para>
<para>Data are provided to the GCE LTER program through a cooperative agreement with USGS, and processed near-real-time and historical data and plots are available to GCE participants and affiliates on the <ulink url="http://gce-lter.marsci.uga.edu/portal/">GCE Data Portal</ulink> site. Variables measured include: <itemizedlist><listitem><para>wind speed</para>
</listitem>
<listitem><para>wind direction</para>
</listitem>
<listitem><para>air temperature</para>
</listitem>
<listitem><para>relative humidity</para>
</listitem>
<listitem><para>atmospheric (barometric) pressure</para>
</listitem>
<listitem><para>precipitation</para>
</listitem>
</itemizedlist>
</para>
</section>
<section><title>National Weather Service COOP Stations</title>
<para>We use data collected by the National Weather Service Cooperative Observer program to provide long term records of climate observations across the region bounding the GCE study area. Daily summaries of air temperature (minimum, maximum, mean) and precipitation (total) are downloaded monthly from the <ulink url="http://www.ncdc.noaa.gov/oa/ncdc.html">NOAA National Climatic Data Center</ulink>, processed, documented, and added to the <ulink url="http://gce-lter.marsci.uga.edu/portal/monitoring.htm">GCE Data Portal</ulink>.</para>
<para>Data are currently harvested from the following stations:<itemizedlist><listitem><para>Sapelo Island (ID 097808, 1957-present)</para>
</listitem>
<listitem><para>Brunswick (ID 091340, 1948-present)</para>
</listitem>
<listitem><para>Glennville (ID 093754, 1904-present)</para>
</listitem>
<listitem><para>Jesup (ID 094676, 1956-present)</para>
</listitem>
<listitem><para>Baxley (ID 090670, 2004-present)</para>
</listitem>
</itemizedlist>
</para>
</section>
<section><title>Gray's Reef Buoy</title>
<para>We also use data collected by the NOAA National Buoy Data Center Gray's Reef buoy (<ulink url="http://www.ndbc.noaa.gov/station_page.php?station=41008">Station 41008</ulink>) to provide a long term record of climate observations representing oceanic boundary conditions of the GCE study area. Data are acquired on demand from the NDBC database via the station web site: <ulink url="http://www.ndbc.noaa.gov/station_page.php?station=41008">http://www.ndbc.noaa.gov/station_page.php?station=41008</ulink>.</para>
<para>Variables measured include:         <itemizedlist><listitem><para>wind speed</para>
</listitem>
<listitem><para>wind direction</para>
</listitem>
<listitem><para>wind gust</para>
</listitem>
<listitem><para>air temperature</para>
</listitem>
<listitem><para>atmospheric pressure</para>
</listitem>
<listitem><para>pressure tendency</para>
</listitem>
<listitem><para>dew point</para>
</listitem>
<listitem><para>wave height</para>
</listitem>
<listitem><para>dominant wave period</para>
</listitem>
<listitem><para>water temperature</para>
</listitem>
</itemizedlist>
</para>
</section>
<section><title>Associated GCE LTER research questions</title>
<para>Question 1: What are the long-term patterns of environmental forcing to the coastal zone? (<ulink url="http://gce-lter.marsci.uga.edu/public/research/gce2_q1.asp">more information</ulink>)</para>
</section>
</abstract>
<keywordSet name="measurement">
<keyword>humidity</keyword>
<keyword>precipitation</keyword>
<keyword>pressure</keyword>
<keyword>radiation</keyword>
<keyword>temperature</keyword>
<keyword>wind</keyword>
</keywordSet>
<keywordSet name="organization">
<keyword>LTER</keyword>
<keyword>NSF</keyword>
</keywordSet>
<keywordSet name="place">
<keyword>Georgia</keyword>
<keyword>Marsh Landing</keyword>
<keyword>Sapelo Island</keyword>
</keywordSet>
<keywordSet name="site">
<keyword>GCE</keyword>
</keywordSet>
<keywordSet name="theme">
<keyword>atmosphere</keyword>
<keyword>climate</keyword>
<keyword>meteorology</keyword>
<keyword>monitoring</keyword>
<keyword>weather</keyword>
</keywordSet>
<coverage><geographicCoverage><geographicDescription>Overall geographic extent of the research project</geographicDescription>
<boundingCoordinates><westBoundingCoordinate>-81.505000</westBoundingCoordinate>
<eastBoundingCoordinate>-81.278834</eastBoundingCoordinate>
<northBoundingCoordinate>31.463533</northBoundingCoordinate>
<southBoundingCoordinate>31.163000</southBoundingCoordinate>
</boundingCoordinates>
</geographicCoverage>
<temporalCoverage><ongoing><beginDate><calendarDate>2002-07-08</calendarDate>
</beginDate>
</ongoing>
</temporalCoverage>
</coverage>
<funding><section><para>National Science Foundation grant numbers OCE-9982133 and OCE-0620959</para>
</section>
</funding>
<studyAreaDescription><descriptor name="hydrology" citableClassificationSystem="false">
<descriptorValue>estuary marsh complex</descriptorValue>
</descriptor>
<coverage><geographicCoverage><geographicDescription>Brunswick - Brunswick is a city on the coast of Georgia, and this study site near the Intracoastal Waterway contains long-term climatological monitoring equipment operated by the National Weather Service (COOP ID 091340).</geographicDescription>
<boundingCoordinates><westBoundingCoordinate>-81.505000</westBoundingCoordinate>
<eastBoundingCoordinate>-81.495000</eastBoundingCoordinate>
<northBoundingCoordinate>31.170000</northBoundingCoordinate>
<southBoundingCoordinate>31.163000</southBoundingCoordinate>
</boundingCoordinates>
</geographicCoverage>
<geographicCoverage><geographicDescription>Meridian - Inland marsh and tidal creek site near Meridian, Georgia. The primary marsh site is to the south of the dock in front of the Sapelo Island Visitor Center. Some small creeks and one large creek (Hudson Creek) are present. Upland is heavily forested. Marsh to the north of the dock can be used for additional studies if larger areas are required. Upland to the North is being developed for residential use, so future access is uncertain. The USGS super station site (weather station plus multiple-sensor sonde) is deployed off the ferry dock. Salinity is similar to seawater because there is little freshwater input from the upland.</geographicDescription>
<boundingCoordinates><westBoundingCoordinate>-81.370752</westBoundingCoordinate>
<eastBoundingCoordinate>-81.357256</eastBoundingCoordinate>
<northBoundingCoordinate>31.463533</northBoundingCoordinate>
<southBoundingCoordinate>31.448419</southBoundingCoordinate>
</boundingCoordinates>
</geographicCoverage>
<geographicCoverage><geographicDescription>Marsh Landing - Marsh landing, where the Georgia DNR ferry docks on its route between the mainland (Meridian) and Sapelo Island.</geographicDescription>
<boundingCoordinates><westBoundingCoordinate>-81.297445</westBoundingCoordinate>
<eastBoundingCoordinate>-81.294606</eastBoundingCoordinate>
<northBoundingCoordinate>31.418899</northBoundingCoordinate>
<southBoundingCoordinate>31.416399</southBoundingCoordinate>
</boundingCoordinates>
</geographicCoverage>
<geographicCoverage><geographicDescription>UGA Marine Institute - The University of Georgia Marine Institute is located on the southern end of Sapelo Island, a barrier island off the central Georgia coast.</geographicDescription>
<boundingCoordinates><westBoundingCoordinate>-81.282950</westBoundingCoordinate>
<eastBoundingCoordinate>-81.278834</eastBoundingCoordinate>
<northBoundingCoordinate>31.398877</northBoundingCoordinate>
<southBoundingCoordinate>31.395295</southBoundingCoordinate>
</boundingCoordinates>
</geographicCoverage>
<geographicCoverage><geographicDescription>Hudson_MET - USGS climate and hydrographic monitoring station on Hudson Creek at Meridian Landing (station 022035975)</geographicDescription>
<boundingCoordinates><westBoundingCoordinate>-81.363056</westBoundingCoordinate>
<eastBoundingCoordinate>-81.363056</eastBoundingCoordinate>
<northBoundingCoordinate>31.453333</northBoundingCoordinate>
<southBoundingCoordinate>31.453333</southBoundingCoordinate>
</boundingCoordinates>
</geographicCoverage>
<geographicCoverage><geographicDescription>ML_MET - Climate monitoring station at Marsh Landing on Sapelo Island (UGAMI/SINERR)</geographicDescription>
<boundingCoordinates><westBoundingCoordinate>-81.295406</westBoundingCoordinate>
<eastBoundingCoordinate>-81.295406</eastBoundingCoordinate>
<northBoundingCoordinate>31.417845</northBoundingCoordinate>
<southBoundingCoordinate>31.417845</southBoundingCoordinate>
</boundingCoordinates>
</geographicCoverage>
<geographicCoverage><geographicDescription>NWS_Brunswick - National Weather Server climate monitoring station in Brunswick, Georgia (NCDC COOP ID 091340)</geographicDescription>
<boundingCoordinates><westBoundingCoordinate>-81.502200</westBoundingCoordinate>
<eastBoundingCoordinate>-81.502200</eastBoundingCoordinate>
<northBoundingCoordinate>31.168100</northBoundingCoordinate>
<southBoundingCoordinate>31.168100</southBoundingCoordinate>
</boundingCoordinates>
</geographicCoverage>
<geographicCoverage><geographicDescription>NWS_Sapelo - National Weather Server climate monitoring station at the UGA Marine Institute on Sapelo Island (NCDC COOP ID 097808)</geographicDescription>
<boundingCoordinates><westBoundingCoordinate>-81.280839</westBoundingCoordinate>
<eastBoundingCoordinate>-81.280839</eastBoundingCoordinate>
<northBoundingCoordinate>31.397916</northBoundingCoordinate>
<southBoundingCoordinate>31.397916</southBoundingCoordinate>
</boundingCoordinates>
</geographicCoverage>
</coverage>
</studyAreaDescription>
<associatedMaterial category="publication" id="gce.503" date="2009">
<distribution><offline><mediumName>Sheldon, J.E. and Burd, A.B. 2009. Presentation: An In-depth Look at Alternating Effects of Climate Signals on Freshwater Delivery to Coastal Georgia, U.S.A. Hydrologic Prediction in Estuaries and Coastal Ecosystems. CERF 2009: Estuaries and Coasts in a Changing World, November 1-5, 2009, Portland, OR.</mediumName>
</offline>
</distribution>
</associatedMaterial>
<associatedMaterial category="publication" id="gce.375" date="2007">
<distribution><online><onlineDescription>Sheldon, J.E. and Burd, A.B. 2007. Poster: Detecting climate signals in river discharge and precipitation data for the central Georgia coast. 2007 AERS/SEERS Meeting, March 15-17, 2007, Pine Knoll Shores, NC.</onlineDescription>
<url>http://gce-lter.marsci.uga.edu/public/files/pubs/JSheldon_SEERS_Poster_2007.ppt</url>
</online>
</distribution>
</associatedMaterial>
<associatedMaterial category="publication" id="gce.327" date="2006">
<distribution><online><onlineDescription>Sheldon, W.M. 2006. Mining and Integrating Data from ClimDB and USGS using the GCE Data Toolbox. DataBits: An electronic newsletter for Information Managers, Spring 2006 issue. Long Term Ecological Research Network, Albuquerque, NM.</onlineDescription>
<url>http://intranet.lternet.edu/archives/documents/Newsletters/DataBits/06spring/#1fa</url>
</online>
</distribution>
</associatedMaterial>
<associatedMaterial category="data" id="brunswick_climate.htm">
<distribution><online><onlineDescription>GCE Data Portal - NWS Brunswick climate data</onlineDescription>
<url>http://gce-lter.marsci.uga.edu/portal/brunswick_climate.htm</url>
</online>
</distribution>
</associatedMaterial>
<associatedMaterial category="data" id="marshlanding.htm">
<distribution><online><onlineDescription>GCE Data Portal - Marsh Landing data</onlineDescription>
<url>http://gce-lter.marsci.uga.edu/portal/marshlanding.htm</url>
</online>
</distribution>
</associatedMaterial>
<associatedMaterial category="data" id="ugami_climate.htm">
<distribution><online><onlineDescription>GCE Data Portal - UGA Marine Institute climate data</onlineDescription>
<url>http://gce-lter.marsci.uga.edu/portal/ugami_climate.htm</url>
</online>
</distribution>
</associatedMaterial>
<associatedMaterial category="data" id="usgs_hudson.htm">
<distribution><online><onlineDescription>GCE Data Portal - Hudson Creek/Meridian Landing data</onlineDescription>
<url>http://gce-lter.marsci.uga.edu/portal/usgs_hudson.htm</url>
</online>
</distribution>
</associatedMaterial>
<associatedMaterial category="data" id="knb-lter-gce.247" date="2004-12-31">
<distribution><online><onlineDescription>MET-GCES-0508b - Annual summaries of daily climatological observations from the National Weather Service weather station at Brunswick, Georgia for 1915 to 2004</onlineDescription>
<url>http://gce-lter.marsci.uga.edu/public/app/dataset_details.asp?id=247</url>
</online>
</distribution>
</associatedMaterial>
<associatedMaterial category="data" id="knb-lter-gce.246" date="2004-12-31">
<distribution><online><onlineDescription>MET-GCES-0508a - Annual summaries of daily climatological observations from the National Weather Service weather station at the UGA Marine Institute on Sapelo Island, Georgia for 1958 to 2004</onlineDescription>
<url>http://gce-lter.marsci.uga.edu/public/app/dataset_details.asp?id=246</url>
</online>
</distribution>
</associatedMaterial>
<associatedMaterial category="data" id="knb-lter-gce.7" date="2001-07-31">
<distribution><online><onlineDescription>MET-GCEM-0109 - Daily climatological observations from Sapelo Island, Georgia, from May 1957 through July 2001</onlineDescription>
<url>http://gce-lter.marsci.uga.edu/public/app/dataset_details.asp?id=7</url>
</online>
</distribution>
</associatedMaterial>
<associatedMaterial category="data" id="knb-lter-gce.5" date="2001-06-28">
<distribution><online><onlineDescription>MET-GCEM-0108 - Daily climatological observations from Sapelo Island, Georgia, from June 1980 through June 2001</onlineDescription>
<url>http://gce-lter.marsci.uga.edu/public/app/dataset_details.asp?id=5</url>
</online>
</distribution>
</associatedMaterial>
<associatedMaterial category="image">
<distribution><online><onlineDescription>Marsh Landing weather station photograph (courtesy of Wade Sheldon)</onlineDescription>
<url>http://gce-lter.marsci.uga.edu/public/images/marshlanding_weatherstation.jpg</url>
</online>
</distribution>
</associatedMaterial>
<associatedMaterial category="image">
<distribution><online><onlineDescription>Hudson Creek hydrographic and weather station photograph (courtesy of Wade Sheldon)</onlineDescription>
<url>http://gce-lter.marsci.uga.edu/public/images/hudsoncreek_weatherstation.jpg</url>
</online>
</distribution>
</associatedMaterial>
<associatedMaterial category="image">
<distribution><online><onlineDescription>NWS weather station at the UGA Marine Institute on Sapelo Island (courtesy of Darell Casey)</onlineDescription>
<url>http://gce-lter.marsci.uga.edu/public/images/UGAMI_weather.jpg</url>
</online>
</distribution>
</associatedMaterial>
<associatedMaterial category="image">
<distribution><online><onlineDescription>NDBC Gray's Reef buoy photo (courtesy of NDBC)</onlineDescription>
<url>http://gce-lter.marsci.uga.edu/public/images/nbdc_41008.jpg</url>
</online>
</distribution>
</associatedMaterial>
</lter:researchProject>