<?xml version="1.0" encoding="UTF-8"?>
<lter:researchProject xmlns:lter="eml://ecoinformatics.org/lter-project-2.1.0" xmlns:xsi="http://www.w3.org/2001/XMLSchema-instance" xsi:schemaLocation="eml://ecoinformatics.org/lter-project-2.1.0 http://gce-lter.marsci.uga.edu/public/files/schemas/project-eml-210/lter-project.xsd" id="knb-lter-gce.p35" scope="system" system="knb">
<shortName>West coast proportionate nitrogen export</shortName>
<title>Watershed nitrogen input and export of N to coastal systems along the west coast of the U.S.</title>
<creator><individualName><salutation>Dr.</salutation>
<givenName>Merryl</givenName>
<surName>Alber</surName>
</individualName>
<organizationName>University of Georgia</organizationName>
<address><deliveryPoint>Dept. of Marine Sciences</deliveryPoint>
<deliveryPoint>University of Georgia</deliveryPoint>
<city>Athens</city>
<administrativeArea>Georgia</administrativeArea>
<postalCode>30602-3636</postalCode>
<country>USA</country>
</address>
<electronicMailAddress>malber@uga.edu</electronicMailAddress>
<onlineUrl>http://www.gcrc.uga.edu/Affiliates/alber_merryl.htm</onlineUrl>
<userId directory="http://gce-lter.marsci.uga.edu/public/app/personnel_bios.asp?id=malber">malber</userId>
</creator>
<metadataProvider><organizationName>Georgia Coastal Ecosystems LTER Project</organizationName>
<address><deliveryPoint>Dept. of Marine Sciences</deliveryPoint>
<deliveryPoint>University of Georgia</deliveryPoint>
<city>Athens</city>
<administrativeArea>Georgia</administrativeArea>
<postalCode>30602-3636</postalCode>
<country>USA</country>
</address>
<electronicMailAddress>gcelter@uga.edu</electronicMailAddress>
<onlineUrl>http://gce-lter.marsci.uga.edu/</onlineUrl>
</metadataProvider>
<associatedParty><individualName><salutation>Dr.</salutation>
<givenName>Merryl</givenName>
<surName>Alber</surName>
</individualName>
<organizationName>University of Georgia</organizationName>
<address><deliveryPoint>Dept. of Marine Sciences</deliveryPoint>
<deliveryPoint>University of Georgia</deliveryPoint>
<city>Athens</city>
<administrativeArea>Georgia</administrativeArea>
<postalCode>30602-3636</postalCode>
<country>USA</country>
</address>
<electronicMailAddress>malber@uga.edu</electronicMailAddress>
<onlineUrl>http://www.gcrc.uga.edu/Affiliates/alber_merryl.htm</onlineUrl>
<userId directory="http://gce-lter.marsci.uga.edu/public/app/personnel_bios.asp?id=malber">malber</userId>
<role>Principal investigator</role>
<temporalCoverage><rangeOfDates><beginDate><calendarDate>2007-01-01</calendarDate>
</beginDate>
<endDate><calendarDate>2009-12-31</calendarDate>
</endDate>
</rangeOfDates>
</temporalCoverage>
</associatedParty>
<associatedParty><individualName><salutation>Dr.</salutation>
<givenName>James</givenName>
<givenName>T.</givenName>
<surName>Hollibaugh</surName>
</individualName>
<organizationName>University of Georgia</organizationName>
<address><deliveryPoint>Dept. of Marine Sciences</deliveryPoint>
<deliveryPoint>University of Georgia</deliveryPoint>
<city>Athens</city>
<administrativeArea>Georgia</administrativeArea>
<postalCode>30602-3636</postalCode>
<country>USA</country>
</address>
<electronicMailAddress>aquadoc@uga.edu</electronicMailAddress>
<onlineUrl>http://www.marsci.uga.edu/directory/jthollibaugh.htm</onlineUrl>
<userId directory="http://gce-lter.marsci.uga.edu/public/app/personnel_bios.asp?id=thollibaugh">thollibaugh</userId>
<role>Affiliated investigator</role>
<temporalCoverage><rangeOfDates><beginDate><calendarDate>2007-01-01</calendarDate>
</beginDate>
<endDate><calendarDate>2009-12-31</calendarDate>
</endDate>
</rangeOfDates>
</temporalCoverage>
</associatedParty>
<associatedParty><individualName><givenName>Sylvia</givenName>
<givenName>C.</givenName>
<surName>Schaefer</surName>
</individualName>
<organizationName>University of Georgia</organizationName>
<address><deliveryPoint>Dept. of Marine Sciences</deliveryPoint>
<deliveryPoint>University of Georgia</deliveryPoint>
<city>Athens</city>
<administrativeArea>GA</administrativeArea>
<postalCode>30602-3636</postalCode>
<country>USA</country>
</address>
<electronicMailAddress>sylvia@uga.edu</electronicMailAddress>
<userId directory="http://gce-lter.marsci.uga.edu/public/app/personnel_bios.asp?id=sschaefer">sschaefer</userId>
<role>Graduate research assistant</role>
<temporalCoverage><rangeOfDates><beginDate><calendarDate>2007-01-01</calendarDate>
</beginDate>
<endDate><calendarDate>2009-12-31</calendarDate>
</endDate>
</rangeOfDates>
</temporalCoverage>
</associatedParty>
<pubDate>2010</pubDate>
<abstract><section><title>Overview</title>
<para>S. Schaefer (PhD student, UGA), M. Alber (UGA), and J.T. Hollibaugh (UGA) extended our previous work on east coast N export to the west coast of the U.S.  We calculated input of new N to 22 watersheds on the U.S. west coast for 1992 and 2002 and compared it to riverine N export, calculated based on measurements taken at the most downstream USGS water quality gauging station. Downstream riverine N export was correlated with variations in streamflow (export=1.06*streamflow-36.33, R2=0.64), with N inputs explaining an additional 15% of the variance (export=1.17*streamflow+0.07*input-257.18, R2=0.79). When Oregon Coast Range systems with high runoff were excluded this relationship improved further (export=0.74*streamflow+0.06*input-139.79, R2=0.86). The correlations with streamflow on the west coast are likely a result of its large dynamic range in these systems.</para>
</section>
<section><title>Associated GCE LTER research questions</title>
<para>Question 1: What are the long-term patterns of environmental forcing to the coastal zone? (<ulink url="http://gce-lter.marsci.uga.edu/public/research/gce2_q1.asp">more information</ulink>)</para>
</section>
</abstract>
<keywordSet name="organization">
<keyword>LTER</keyword>
<keyword>NSF</keyword>
</keywordSet>
<keywordSet name="place">
<keyword>U.S. west coast</keyword>
</keywordSet>
<keywordSet name="site">
<keyword>GCE</keyword>
</keywordSet>
<keywordSet name="theme">
<keyword>export</keyword>
<keyword>input</keyword>
<keyword>nitrogen</keyword>
<keyword>streamflow</keyword>
</keywordSet>
<coverage><geographicCoverage><geographicDescription>Overall geographic extent of the research project</geographicDescription>
<boundingCoordinates><westBoundingCoordinate>-84.438334</westBoundingCoordinate>
<eastBoundingCoordinate>-81.506075</eastBoundingCoordinate>
<northBoundingCoordinate>34.385550</northBoundingCoordinate>
<southBoundingCoordinate>31.315563</southBoundingCoordinate>
</boundingCoordinates>
</geographicCoverage>
<temporalCoverage><rangeOfDates><beginDate><calendarDate>2007-01-01</calendarDate>
</beginDate>
<endDate><calendarDate>2009-12-31</calendarDate>
</endDate>
</rangeOfDates>
</temporalCoverage>
</coverage>
<funding><section><para>National Science Foundation grant number OCE-0620959</para>
</section>
</funding>
<studyAreaDescription><descriptor name="hydrology" citableClassificationSystem="false">
<descriptorValue>estuary marsh complex</descriptorValue>
</descriptor>
<coverage><geographicCoverage><geographicDescription>Altamaha River basin - Upper Altamaha River watershed basin, encompassing the drainages of the Oconee, Ohoopee, Ocmulgee and Little Ocmulgee Rivers.</geographicDescription>
<boundingCoordinates><westBoundingCoordinate>-84.438334</westBoundingCoordinate>
<eastBoundingCoordinate>-81.506075</eastBoundingCoordinate>
<northBoundingCoordinate>34.385550</northBoundingCoordinate>
<southBoundingCoordinate>31.315563</southBoundingCoordinate>
</boundingCoordinates>
</geographicCoverage>
</coverage>
</studyAreaDescription>
<associatedMaterial category="publication" id="gce.456" date="2009">
<distribution><online><onlineDescription>Schaefer, S.C., Hollibaugh, J.T. and Alber, M. 2009. Watershed nitrogen input and riverine export on the west coast of the U.S. Biogeochemistry. 93(3):219-233. (DOI: 10.1007/s10533-009-9299-7)</onlineDescription>
<url>http://www.springerlink.com/content/n3813vng61jr4572/</url>
</online>
</distribution>
</associatedMaterial>
</lter:researchProject>