<?xml version="1.0" encoding="UTF-8"?>
<lter:researchProject xmlns:lter="eml://ecoinformatics.org/lter-project-2.1.0" xmlns:xsi="http://www.w3.org/2001/XMLSchema-instance" xsi:schemaLocation="eml://ecoinformatics.org/lter-project-2.1.0 http://gce-lter.marsci.uga.edu/public/files/schemas/project-eml-210/lter-project.xsd" id="knb-lter-gce.p64" scope="system" system="knb">
<shortName>Salinity variations across the GCE domain</shortName>
<title>Salinity variations across the GCE domain</title>
<creator><individualName><salutation>Dr.</salutation>
<givenName>Daniela</givenName>
<surName>Di Iorio</surName>
</individualName>
<organizationName>University of Georgia</organizationName>
<address><deliveryPoint>Dept. of Marine Sciences</deliveryPoint>
<deliveryPoint>University of Georgia</deliveryPoint>
<city>Athens</city>
<administrativeArea>Georgia</administrativeArea>
<postalCode>30602-3636</postalCode>
<country>USA</country>
</address>
<electronicMailAddress>daniela@uga.edu</electronicMailAddress>
<onlineUrl>http://www.marsci.uga.edu/FacultyPages/Daniela/daniela.html</onlineUrl>
<userId directory="http://gce-lter.marsci.uga.edu/public/app/personnel_bios.asp?id=ddiiorio">ddiiorio</userId>
</creator>
<metadataProvider><organizationName>Georgia Coastal Ecosystems LTER Project</organizationName>
<address><deliveryPoint>Dept. of Marine Sciences</deliveryPoint>
<deliveryPoint>University of Georgia</deliveryPoint>
<city>Athens</city>
<administrativeArea>Georgia</administrativeArea>
<postalCode>30602-3636</postalCode>
<country>USA</country>
</address>
<electronicMailAddress>gcelter@uga.edu</electronicMailAddress>
<onlineUrl>http://gce-lter.marsci.uga.edu/</onlineUrl>
</metadataProvider>
<associatedParty><individualName><salutation>Dr.</salutation>
<givenName>Daniela</givenName>
<surName>Di Iorio</surName>
</individualName>
<organizationName>University of Georgia</organizationName>
<address><deliveryPoint>Dept. of Marine Sciences</deliveryPoint>
<deliveryPoint>University of Georgia</deliveryPoint>
<city>Athens</city>
<administrativeArea>Georgia</administrativeArea>
<postalCode>30602-3636</postalCode>
<country>USA</country>
</address>
<electronicMailAddress>daniela@uga.edu</electronicMailAddress>
<onlineUrl>http://www.marsci.uga.edu/FacultyPages/Daniela/daniela.html</onlineUrl>
<userId directory="http://gce-lter.marsci.uga.edu/public/app/personnel_bios.asp?id=ddiiorio">ddiiorio</userId>
<role>Principal investigator</role>
</associatedParty>
<associatedParty><individualName><salutation>Dr.</salutation>
<givenName>Jackson</givenName>
<givenName>O.</givenName>
<surName>Blanton</surName>
</individualName>
<organizationName>Skidaway Institute of Oceanography</organizationName>
<address><deliveryPoint>10 Ocean Science Circle</deliveryPoint>
<city>Savannah</city>
<administrativeArea>Georgia</administrativeArea>
<postalCode>31411</postalCode>
<country>USA</country>
</address>
<electronicMailAddress>jack.blanton@skio.usg.edu</electronicMailAddress>
<onlineUrl>http://www.skio.peachnet.edu/faculty/blanton.html</onlineUrl>
<userId directory="http://gce-lter.marsci.uga.edu/public/app/personnel_bios.asp?id=jblanton">jblanton</userId>
<role>Co-investigator</role>
</associatedParty>
<pubDate>2010</pubDate>
<abstract><section><title>Overview</title>
<para>Salinity data collected over the GCE domain were averaged into daily mean quantities for each of the long term monitoring sites. GCE1 in head waters of Sapelo Sound has large changes in salinity that is predominately due to local rain and possibly some groundwater input.  GCE7 located approximately 20 km upstream from GCE9 is almost always fresh except for times of drought conditions.  The remaining stations are strongly influence by freshwater and oceanic input.</para>
<para>River discharge shows a change from a wet period (2003-2005) to drought conditions (2006-2008) with a recovery in spring 2009.  Coastal precipitation is not indicative of river discharge as coastal precipitation is more frequent in summer when river discharge is weaker.  Sea surface height is positively correlated with the along shore winds (Uas) and shows that a 0.4 m rise or fall of oceanic input can occur during the fall and summer season when Nor-easters and southwesterly winds dominate respectively.  Cross-shore winds are not correlated with SSH.</para>
<para>Empirical orthogonal function (EOF) analysis (Figure 1) is used to study the salinity variability using 6 spatially separated measurements (GCE1 and GCE7 are excluded from the analysis).  Two modes explain 94.3% of the salinity variability of which the first mode explains 85.6%.  The temporal variability for this 1st mode is negatively correlated with river discharge with time lags increasing from 1-3 d to 6-8 d as one moved from the Altamaha to the Doboy and Sapelo Sounds respectively.  The coherence shows that variability over yearly time scales dominate.  </para>
<para>For the 2nd mode there is a correlation with the SSH but there is a phase difference between the salinity variations observed in Doboy and Sapelo to those observed in the Altamaha River.  For the Altamaha River, the results indicate that when SSH increases the salinity increases, whereas for Doboy and Sapelo when the SSH increases the salinity decreases.  The coherence seems to show more seasonal time scales for the variability.</para>
<para>The spatial pattern of the station’s eigenvectors, illustrate the degree to which the two modes influence the 6 sites (see Table 1).  The first mode (Figure 2) is uniformly distributed over the whole domain implying that the seasonal discharge is the primary mode of the salinity variability throughout the domain.  For the second mode (Figure 3) Sapelo and Doboy are out of phase with the Altamaha River.  Over these seasonal time scales when SSH increases during Nor’easter storms, the Altamaha river water may be forced through the Intracoastal Waterway or other channels moving freshwater north or may recirculate back in through the Sounds from the ocean.  Further investigation is needed to test this hypothesis.</para>
</section>
<section><title>Associated GCE LTER research questions</title>
<para>Question 2: How do the spatial and temporal patterns of biogeochemical processes, primary production, community dynamics, decomposition, and disturbance vary across the estuarine landscape, and how do they relate to environmental gradients? (<ulink url="http://gce-lter.marsci.uga.edu/public/research/gce2_q2.asp">more information</ulink>)</para>
</section>
</abstract>
<keywordSet name="measurement">
<keyword>salinity</keyword>
</keywordSet>
<keywordSet name="organization">
<keyword>LTER</keyword>
<keyword>NSF</keyword>
</keywordSet>
<keywordSet name="place">
<keyword>Altamaha River</keyword>
<keyword>Doboy Sound</keyword>
<keyword>Georgia</keyword>
<keyword>Sapelo Sound</keyword>
</keywordSet>
<keywordSet name="site">
<keyword>GCE</keyword>
</keywordSet>
<keywordSet name="theme">
<keyword>discharge</keyword>
<keyword>precipitation</keyword>
</keywordSet>
<coverage><geographicCoverage><geographicDescription>Overall geographic extent of the research project</geographicDescription>
<boundingCoordinates><westBoundingCoordinate>-81.493498</westBoundingCoordinate>
<eastBoundingCoordinate>-81.195661</eastBoundingCoordinate>
<northBoundingCoordinate>31.552554</northBoundingCoordinate>
<southBoundingCoordinate>31.304063</southBoundingCoordinate>
</boundingCoordinates>
</geographicCoverage>
<temporalCoverage><ongoing><beginDate><calendarDate>2006-01-01</calendarDate>
</beginDate>
</ongoing>
</temporalCoverage>
</coverage>
<funding><section><para>National Science Foundation grant number OCE-0620959</para>
</section>
</funding>
<studyAreaDescription><descriptor name="hydrology" citableClassificationSystem="false">
<descriptorValue>estuary marsh complex</descriptorValue>
</descriptor>
<coverage><geographicCoverage><geographicDescription>Eulonia - Transitional salt marsh/upland forest site at the upper reach of the Sapelo River near Eulonia, Georgia. The main marsh area is to the north of the channel where the upland is controlled by DNR. Several small creeks lie within the study area.  Residential development is increasing on the upland areas south of the channel. A hydrographic sonde is deployed within this site attached to a private dock to the south of the main channel near the HW-17 bridge.</geographicDescription>
<boundingCoordinates><westBoundingCoordinate>-81.428481</westBoundingCoordinate>
<eastBoundingCoordinate>-81.410732</eastBoundingCoordinate>
<northBoundingCoordinate>31.546750</northBoundingCoordinate>
<southBoundingCoordinate>31.533963</southBoundingCoordinate>
</boundingCoordinates>
</geographicCoverage>
<geographicCoverage><geographicDescription>Four Mile Island - Low salt marsh/estuary site encompassing the southwestern end of Four Mile Island and the Sapelo River near Sapelo Sound. The large island is totally marsh, with no upland, and no development. Nearby areas, like "Sutherland Bluff", are developing with golf courses. A hydrographic sonde is deployed within this site attached to channel marker 4 (under U.S. Coast Guard permit). Salinity regime is similar to seawater.</geographicDescription>
<boundingCoordinates><westBoundingCoordinate>-81.318961</westBoundingCoordinate>
<eastBoundingCoordinate>-81.292844</eastBoundingCoordinate>
<northBoundingCoordinate>31.552554</northBoundingCoordinate>
<southBoundingCoordinate>31.533604</southBoundingCoordinate>
</boundingCoordinates>
</geographicCoverage>
<geographicCoverage><geographicDescription>North Sapelo - High salinity marsh/Sapelo Sound site.  Few or no small creeks, but one large creek is easily accessed. Further upstream upland drainage is affected by culvert at Reynolds' duck pond. Upland is heavily forested. Hydrographic sonde is deployed adjacent to this site attached to a channel marker (under U.S. Coast Guard permit). A huge mud flat is present at the northern tip of Sapelo Island.</geographicDescription>
<boundingCoordinates><westBoundingCoordinate>-81.233249</westBoundingCoordinate>
<eastBoundingCoordinate>-81.195661</eastBoundingCoordinate>
<northBoundingCoordinate>31.546868</northBoundingCoordinate>
<southBoundingCoordinate>31.515188</southBoundingCoordinate>
</boundingCoordinates>
</geographicCoverage>
<geographicCoverage><geographicDescription>Meridian - Inland marsh and tidal creek site near Meridian, Georgia. The primary marsh site is to the south of the dock in front of the Sapelo Island Visitor Center. Some small creeks and one large creek (Hudson Creek) are present. Upland is heavily forested. Marsh to the north of the dock can be used for additional studies if larger areas are required. Upland to the North is being developed for residential use, so future access is uncertain. The USGS super station site (weather station plus multiple-sensor sonde) is deployed off the ferry dock. Salinity is similar to seawater because there is little freshwater input from the upland.</geographicDescription>
<boundingCoordinates><westBoundingCoordinate>-81.370752</westBoundingCoordinate>
<eastBoundingCoordinate>-81.357256</eastBoundingCoordinate>
<northBoundingCoordinate>31.463533</northBoundingCoordinate>
<southBoundingCoordinate>31.448419</southBoundingCoordinate>
</boundingCoordinates>
</geographicCoverage>
<geographicCoverage><geographicDescription>Dean Creek - Doboy Sound/salt marsh site at the southern end of Sapelo Island near Dean Creek and the Sapelo lighthouse.  A few small creeks are present, but a large creek (Dean Creek) is easily accessed. Upland is composed of small hammocks and some constructed causeways, with sand dune complexes east of Dean Creek and extending to the beach. Upper end of the watershed is affected by a culvert at Beach Road and heavy student use of marsh immediately adjacent to culvert. A hydrographic sonde is deployed in Doboy Sound near Commodore Island approximately 1.5km from this site. GCE6 is also the focus of Sapelo Island Microbial Observatory research on microbial diversity  and  genomics (http://simo.marsci.uga.edu)</geographicDescription>
<boundingCoordinates><westBoundingCoordinate>-81.299522</westBoundingCoordinate>
<eastBoundingCoordinate>-81.264378</eastBoundingCoordinate>
<northBoundingCoordinate>31.394072</northBoundingCoordinate>
<southBoundingCoordinate>31.371003</southBoundingCoordinate>
</boundingCoordinates>
</geographicCoverage>
<geographicCoverage><geographicDescription>Carrs Island - Freshwater marsh site along the northern bank of Hammersmith Creek at the south end of Carrs Island. Upland area is heavily forested. Northern 3/4 of the island was diked for rice agriculture, but the southern 1/4 is undisturbed. A hydrographic sonde is deployed in the Altamaha River near Hammersmith Creek, adjacent to this site.</geographicDescription>
<boundingCoordinates><westBoundingCoordinate>-81.493498</westBoundingCoordinate>
<eastBoundingCoordinate>-81.475900</eastBoundingCoordinate>
<northBoundingCoordinate>31.348774</northBoundingCoordinate>
<southBoundingCoordinate>31.334364</southBoundingCoordinate>
</boundingCoordinates>
</geographicCoverage>
<geographicCoverage><geographicDescription>Alligator Creek - Mid-estuary/salt marsh site on the west side of Friday Cap Creek along the Altamaha River. This is a brackish marsh with salinities around 14 PSU during drought, less than 5 PSU normally. A hydrographic sonde is deployed adjacent to this site in the Altamaha River near Alligator Creek, attached to the US Coast Guard Daymarker 2 pilings.</geographicDescription>
<boundingCoordinates><westBoundingCoordinate>-81.426272</westBoundingCoordinate>
<eastBoundingCoordinate>-81.410634</eastBoundingCoordinate>
<northBoundingCoordinate>31.317808</northBoundingCoordinate>
<southBoundingCoordinate>31.304063</southBoundingCoordinate>
</boundingCoordinates>
</geographicCoverage>
<geographicCoverage><geographicDescription>Rockdedundy Island - Lower estuary tidal creek and marsh site at Rockdedundy Island west of Wolf Island. A hydrographic sonde is deployed approximately 2km from this site in the Altamaha River near Rockdedundy Island, attached to the US Coast Guard Daymarker 201 pilings.</geographicDescription>
<boundingCoordinates><westBoundingCoordinate>-81.346730</westBoundingCoordinate>
<eastBoundingCoordinate>-81.326495</eastBoundingCoordinate>
<northBoundingCoordinate>31.358142</northBoundingCoordinate>
<southBoundingCoordinate>31.339173</southBoundingCoordinate>
</boundingCoordinates>
</geographicCoverage>
</coverage>
<associatedMaterial category="image">
<distribution><online><onlineDescription>Locations used for sampling</onlineDescription>
<url>http://gce-lter.marsci.uga.edu/public/resources/projects/mapDiIorioBlantonQ2.png</url>
</online>
</distribution>
</associatedMaterial>
</studyAreaDescription>
<associatedMaterial category="data" id="knb-lter-gce.282" date="2005-12-31">
<distribution><online><onlineDescription>PHY-GCEM-0612a - Continuous salinity, temperature and depth measurements from moored hydrographic data loggers deployed at GCE1_Hydro (Sapelo River near Eulonia, Georgia) from 01-Jan-2005 through 31-Dec-2005</onlineDescription>
<url>http://gce-lter.marsci.uga.edu/public/app/dataset_details.asp?id=282</url>
</online>
</distribution>
</associatedMaterial>
<associatedMaterial category="data" id="knb-lter-gce.289" date="2005-12-31">
<distribution><online><onlineDescription>PHY-GCEM-0612h - Continuous salinity, temperature and depth measurements from moored hydrographic data loggers deployed at GCE10_Hydro (Duplin River west of Sapelo Island, Georgia) from 01-Jan-2005 through 31-Dec-2005</onlineDescription>
<url>http://gce-lter.marsci.uga.edu/public/app/dataset_details.asp?id=289</url>
</online>
</distribution>
</associatedMaterial>
<associatedMaterial category="data" id="knb-lter-gce.283" date="2005-12-31">
<distribution><online><onlineDescription>PHY-GCEM-0612b - Continuous salinity, temperature and depth measurements from moored hydrographic data loggers deployed at GCE2_Hydro (Four Mile Island, Georgia) from 01-Jan-2005 through 31-Dec-2005</onlineDescription>
<url>http://gce-lter.marsci.uga.edu/public/app/dataset_details.asp?id=283</url>
</online>
</distribution>
</associatedMaterial>
<associatedMaterial category="data" id="knb-lter-gce.284" date="2005-12-31">
<distribution><online><onlineDescription>PHY-GCEM-0612c - Continuous salinity, temperature and depth measurements from moored hydrographic data loggers deployed at GCE3_Hydro (Sapelo Sound north of Sapelo Island, Georgia) from 01-Jan-2005 through 31-Dec-2005</onlineDescription>
<url>http://gce-lter.marsci.uga.edu/public/app/dataset_details.asp?id=284</url>
</online>
</distribution>
</associatedMaterial>
<associatedMaterial category="data" id="knb-lter-gce.285" date="2005-12-31">
<distribution><online><onlineDescription>PHY-GCEM-0612d - Continuous salinity, temperature and depth measurements from moored hydrographic data loggers deployed at GCE6_Hydro (Doboy Sound south of Sapelo Island, Georgia) from 01-Jan-2005 through 31-Dec-2005</onlineDescription>
<url>http://gce-lter.marsci.uga.edu/public/app/dataset_details.asp?id=285</url>
</online>
</distribution>
</associatedMaterial>
<associatedMaterial category="data" id="knb-lter-gce.286" date="2005-12-31">
<distribution><online><onlineDescription>PHY-GCEM-0612e - Continuous salinity, temperature and depth measurements from moored hydrographic data loggers deployed at GCE7_Hydro (Altamaha River near Carrs Island, Georgia) from 01-Jan-2005 through 31-Dec-2005</onlineDescription>
<url>http://gce-lter.marsci.uga.edu/public/app/dataset_details.asp?id=286</url>
</online>
</distribution>
</associatedMaterial>
<associatedMaterial category="data" id="knb-lter-gce.288" date="2005-12-31">
<distribution><online><onlineDescription>PHY-GCEM-0612g - Continuous salinity, temperature and depth measurements from moored hydrographic data loggers deployed at GCE9_Hydro (Altamaha River near Rockdedundy Island, Georgia) from 01-Jan-2005 through 31-Dec-2005</onlineDescription>
<url>http://gce-lter.marsci.uga.edu/public/app/dataset_details.asp?id=288</url>
</online>
</distribution>
</associatedMaterial>
<associatedMaterial category="data" id="knb-lter-gce.287" date="2005-12-31">
<distribution><online><onlineDescription>PHY-GCEM-0612f - Continuous salinity, temperature and depth measurements from moored hydrographic data loggers deployed at GCE8_Hydro (Altamaha River near Aligator Creek, Georgia) from 01-Jan-2005 through 31-Dec-2005</onlineDescription>
<url>http://gce-lter.marsci.uga.edu/public/app/dataset_details.asp?id=287</url>
</online>
</distribution>
</associatedMaterial>
<associatedMaterial category="data" id="knb-lter-gce.244" date="2004-12-31">
<distribution><online><onlineDescription>PHY-GCEM-0505g - Continuous salinity, temperature and depth measurements from moored hydrographic data loggers deployed at GCE9_Hydro (Altamaha River near Rockdedundy Island, Georgia) from 01-Jan-2004 through 31-Dec-2004</onlineDescription>
<url>http://gce-lter.marsci.uga.edu/public/app/dataset_details.asp?id=244</url>
</online>
</distribution>
</associatedMaterial>
<associatedMaterial category="data" id="knb-lter-gce.243" date="2004-12-31">
<distribution><online><onlineDescription>PHY-GCEM-0505f - Continuous salinity, temperature and depth measurements from moored hydrographic data loggers deployed at GCE8_Hydro (Altamaha River near Aligator Creek, Georgia) from 01-Jan-2004 through 31-Dec-2004</onlineDescription>
<url>http://gce-lter.marsci.uga.edu/public/app/dataset_details.asp?id=243</url>
</online>
</distribution>
</associatedMaterial>
<associatedMaterial category="data" id="knb-lter-gce.242" date="2004-12-31">
<distribution><online><onlineDescription>PHY-GCEM-0505e - Continuous salinity, temperature and depth measurements from moored hydrographic data loggers deployed at GCE7_Hydro (Altamaha River near Carrs Island, Georgia) from 01-Jan-2004 through 31-Dec-2004</onlineDescription>
<url>http://gce-lter.marsci.uga.edu/public/app/dataset_details.asp?id=242</url>
</online>
</distribution>
</associatedMaterial>
<associatedMaterial category="data" id="knb-lter-gce.241" date="2004-12-31">
<distribution><online><onlineDescription>PHY-GCEM-0505d - Continuous salinity, temperature and depth measurements from moored hydrographic data loggers deployed at GCE6_Hydro (Doboy Sound south of Sapelo Island, Georgia) from 01-Jan-2004 through 31-Dec-2004</onlineDescription>
<url>http://gce-lter.marsci.uga.edu/public/app/dataset_details.asp?id=241</url>
</online>
</distribution>
</associatedMaterial>
<associatedMaterial category="data" id="knb-lter-gce.240" date="2004-12-31">
<distribution><online><onlineDescription>PHY-GCEM-0505c - Continuous salinity, temperature and depth measurements from moored hydrographic data loggers deployed at GCE3_Hydro (Sapelo Sound north of Sapelo Island, Georgia) from 05-May-2004 through 31-Dec-2004</onlineDescription>
<url>http://gce-lter.marsci.uga.edu/public/app/dataset_details.asp?id=240</url>
</online>
</distribution>
</associatedMaterial>
<associatedMaterial category="data" id="knb-lter-gce.239" date="2004-12-31">
<distribution><online><onlineDescription>PHY-GCEM-0505b - Continuous salinity, temperature and depth measurements from moored hydrographic data loggers deployed at GCE2_Hydro (Four Mile Island, Georgia) from 01-Jan-2004 through 31-Dec-2004</onlineDescription>
<url>http://gce-lter.marsci.uga.edu/public/app/dataset_details.asp?id=239</url>
</online>
</distribution>
</associatedMaterial>
<associatedMaterial category="data" id="knb-lter-gce.238" date="2004-12-31">
<distribution><online><onlineDescription>PHY-GCEM-0505a - Continuous salinity, temperature and depth measurements from moored hydrographic data loggers deployed at GCE1_Hydro (Sapelo River near Eulonia, Georgia) from 01-Jan-2004 through 31-Dec-2004</onlineDescription>
<url>http://gce-lter.marsci.uga.edu/public/app/dataset_details.asp?id=238</url>
</online>
</distribution>
</associatedMaterial>
<associatedMaterial category="data" id="knb-lter-gce.245" date="2004-12-31">
<distribution><online><onlineDescription>PHY-GCEM-0505h - Continuous salinity, temperature and depth measurements from moored hydrographic data loggers deployed at GCE10_Hydro (Duplin River west of Sapelo Island, Georgia) from 01-Jan-2004 through 31-Dec-2004</onlineDescription>
<url>http://gce-lter.marsci.uga.edu/public/app/dataset_details.asp?id=245</url>
</online>
</distribution>
</associatedMaterial>
<associatedMaterial category="data" id="knb-lter-gce.224" date="2004-05-30">
<distribution><online><onlineDescription>PHY-GCEM-0406f1 - May 2004 bin-averaged CTD profiles for the Georgia Coastal Ecosystems Doboy Sound transect</onlineDescription>
<url>http://gce-lter.marsci.uga.edu/public/app/dataset_details.asp?id=224</url>
</online>
</distribution>
</associatedMaterial>
<associatedMaterial category="data" id="knb-lter-gce.218" date="2004-05-30">
<distribution><online><onlineDescription>PHY-GCEM-0406c1 - May 2004 bin-averaged CTD profiles for the Georgia Coastal Ecosystems Duplin River transect</onlineDescription>
<url>http://gce-lter.marsci.uga.edu/public/app/dataset_details.asp?id=218</url>
</online>
</distribution>
</associatedMaterial>
<associatedMaterial category="data" id="knb-lter-gce.225" date="2004-05-30">
<distribution><online><onlineDescription>PHY-GCEM-0406f2 - May 2004 CTD, PAR, oxygen and chlorophyll profiles for the Georgia Coastal Ecosystems Doboy Sound transect</onlineDescription>
<url>http://gce-lter.marsci.uga.edu/public/app/dataset_details.asp?id=225</url>
</online>
</distribution>
</associatedMaterial>
<associatedMaterial category="data" id="knb-lter-gce.219" date="2004-05-30">
<distribution><online><onlineDescription>PHY-GCEM-0406c2 - May 2004 CTD, PAR, oxygen and chlorophyll profiles for the Georgia Coastal Ecosystems Duplin River transect</onlineDescription>
<url>http://gce-lter.marsci.uga.edu/public/app/dataset_details.asp?id=219</url>
</online>
</distribution>
</associatedMaterial>
<associatedMaterial category="data" id="knb-lter-gce.222" date="2004-05-29">
<distribution><online><onlineDescription>PHY-GCEM-0406e1 - May 2004 bin-averaged CTD profiles for the Georgia Coastal Ecosystems Sapelo River transect</onlineDescription>
<url>http://gce-lter.marsci.uga.edu/public/app/dataset_details.asp?id=222</url>
</online>
</distribution>
</associatedMaterial>
<associatedMaterial category="data" id="knb-lter-gce.223" date="2004-05-29">
<distribution><online><onlineDescription>PHY-GCEM-0406e2 - May 2004 CTD, PAR, oxygen and chlorophyll profiles for the Georgia Coastal Ecosystems Sapelo River transect</onlineDescription>
<url>http://gce-lter.marsci.uga.edu/public/app/dataset_details.asp?id=223</url>
</online>
</distribution>
</associatedMaterial>
<associatedMaterial category="data" id="knb-lter-gce.215" date="2004-05-28">
<distribution><online><onlineDescription>PHY-GCEM-0406a2 - May 2004 CTD, PAR, oxygen and chlorophyll profiles for the Georgia Coastal Ecosystems Altamaha River transect</onlineDescription>
<url>http://gce-lter.marsci.uga.edu/public/app/dataset_details.asp?id=215</url>
</online>
</distribution>
</associatedMaterial>
<associatedMaterial category="data" id="knb-lter-gce.221" date="2004-05-28">
<distribution><online><onlineDescription>PHY-GCEM-0406d2 - May 2004 CTD, PAR, oxygen and chlorophyll profiles for the Georgia Coastal Ecosystems Inner Marsh transect</onlineDescription>
<url>http://gce-lter.marsci.uga.edu/public/app/dataset_details.asp?id=221</url>
</online>
</distribution>
</associatedMaterial>
<associatedMaterial category="data" id="knb-lter-gce.217" date="2004-05-28">
<distribution><online><onlineDescription>PHY-GCEM-0406b2 - May 2004 CTD, PAR, oxygen and chlorophyll profiles for the Georgia Coastal Ecosystems Intracoastal Waterway transect</onlineDescription>
<url>http://gce-lter.marsci.uga.edu/public/app/dataset_details.asp?id=217</url>
</online>
</distribution>
</associatedMaterial>
<associatedMaterial category="data" id="knb-lter-gce.220" date="2004-05-28">
<distribution><online><onlineDescription>PHY-GCEM-0406d1 - May 2004 bin-averaged CTD profiles for the Georgia Coastal Ecosystems Inner Marsh transect</onlineDescription>
<url>http://gce-lter.marsci.uga.edu/public/app/dataset_details.asp?id=220</url>
</online>
</distribution>
</associatedMaterial>
<associatedMaterial category="data" id="knb-lter-gce.216" date="2004-05-28">
<distribution><online><onlineDescription>PHY-GCEM-0406b1 - May 2004 bin-averaged CTD profiles for the Georgia Coastal Ecosystems Intracoastal Waterway transect</onlineDescription>
<url>http://gce-lter.marsci.uga.edu/public/app/dataset_details.asp?id=216</url>
</online>
</distribution>
</associatedMaterial>
<associatedMaterial category="data" id="knb-lter-gce.214" date="2004-05-28">
<distribution><online><onlineDescription>PHY-GCEM-0406a1 - May 2004 bin-averaged CTD profiles for the Georgia Coastal Ecosystems Altamaha River transect</onlineDescription>
<url>http://gce-lter.marsci.uga.edu/public/app/dataset_details.asp?id=214</url>
</online>
</distribution>
</associatedMaterial>
<associatedMaterial category="data" id="knb-lter-gce.211" date="2004-03-15">
<distribution><online><onlineDescription>PHY-GCEM-0404d2 - March 2004 CTD, PAR, oxygen and chlorophyll profiles for the Georgia Coastal Ecosystems Sapelo River transect</onlineDescription>
<url>http://gce-lter.marsci.uga.edu/public/app/dataset_details.asp?id=211</url>
</online>
</distribution>
</associatedMaterial>
<associatedMaterial category="data" id="knb-lter-gce.210" date="2004-03-15">
<distribution><online><onlineDescription>PHY-GCEM-0404d1 - March 2004 bin-averaged CTD profiles for the Georgia Coastal Ecosystems Sapelo River transect</onlineDescription>
<url>http://gce-lter.marsci.uga.edu/public/app/dataset_details.asp?id=210</url>
</online>
</distribution>
</associatedMaterial>
<associatedMaterial category="data" id="knb-lter-gce.213" date="2004-03-14">
<distribution><online><onlineDescription>PHY-GCEM-0404e2 - March 2004 CTD, PAR, oxygen and chlorophyll profiles for the Georgia Coastal Ecosystems Doboy Sound transect</onlineDescription>
<url>http://gce-lter.marsci.uga.edu/public/app/dataset_details.asp?id=213</url>
</online>
</distribution>
</associatedMaterial>
<associatedMaterial category="data" id="knb-lter-gce.212" date="2004-03-14">
<distribution><online><onlineDescription>PHY-GCEM-0404e1 - March 2004 bin-averaged CTD profiles for the Georgia Coastal Ecosystems Doboy Sound transect</onlineDescription>
<url>http://gce-lter.marsci.uga.edu/public/app/dataset_details.asp?id=212</url>
</online>
</distribution>
</associatedMaterial>
<associatedMaterial category="data" id="knb-lter-gce.206" date="2004-03-14">
<distribution><online><onlineDescription>PHY-GCEM-0404b1 - March 2004 bin-averaged CTD profiles for the Georgia Coastal Ecosystems Intracoastal Waterway transect</onlineDescription>
<url>http://gce-lter.marsci.uga.edu/public/app/dataset_details.asp?id=206</url>
</online>
</distribution>
</associatedMaterial>
<associatedMaterial category="data" id="knb-lter-gce.207" date="2004-03-14">
<distribution><online><onlineDescription>PHY-GCEM-0404b2 - March 2004 CTD, PAR, oxygen and chlorophyll profiles for the Georgia Coastal Ecosystems Intracoastal Waterway transect</onlineDescription>
<url>http://gce-lter.marsci.uga.edu/public/app/dataset_details.asp?id=207</url>
</online>
</distribution>
</associatedMaterial>
<associatedMaterial category="data" id="knb-lter-gce.208" date="2004-03-13">
<distribution><online><onlineDescription>PHY-GCEM-0404c1 - March 2004 bin-averaged CTD profiles for the Georgia Coastal Ecosystems Inner Marsh transect</onlineDescription>
<url>http://gce-lter.marsci.uga.edu/public/app/dataset_details.asp?id=208</url>
</online>
</distribution>
</associatedMaterial>
<associatedMaterial category="data" id="knb-lter-gce.204" date="2004-03-13">
<distribution><online><onlineDescription>PHY-GCEM-0404a1 - March 2004 bin-averaged CTD profiles for the Georgia Coastal Ecosystems Altamaha River transect</onlineDescription>
<url>http://gce-lter.marsci.uga.edu/public/app/dataset_details.asp?id=204</url>
</online>
</distribution>
</associatedMaterial>
<associatedMaterial category="data" id="knb-lter-gce.209" date="2004-03-13">
<distribution><online><onlineDescription>PHY-GCEM-0404c2 - March 2004 CTD, PAR, oxygen and chlorophyll profiles for the Georgia Coastal Ecosystems Inner Marsh transect</onlineDescription>
<url>http://gce-lter.marsci.uga.edu/public/app/dataset_details.asp?id=209</url>
</online>
</distribution>
</associatedMaterial>
<associatedMaterial category="data" id="knb-lter-gce.205" date="2004-03-13">
<distribution><online><onlineDescription>PHY-GCEM-0404a2 - March 2004 CTD, PAR, oxygen and chlorophyll profiles for the Georgia Coastal Ecosystems Altamaha River transect</onlineDescription>
<url>http://gce-lter.marsci.uga.edu/public/app/dataset_details.asp?id=205</url>
</online>
</distribution>
</associatedMaterial>
<associatedMaterial category="data" id="knb-lter-gce.189" date="2003-12-31">
<distribution><online><onlineDescription>PHY-GCEM-0403h - Continuous salinity, temperature and depth measurements from moored hydrographic data loggers deployed at GCE10_Hydro (Duplin River west of Sapelo Island, Georgia) from 17-Jul-2003 through 31-Dec-2003</onlineDescription>
<url>http://gce-lter.marsci.uga.edu/public/app/dataset_details.asp?id=189</url>
</online>
</distribution>
</associatedMaterial>
<associatedMaterial category="data" id="knb-lter-gce.182" date="2003-12-31">
<distribution><online><onlineDescription>PHY-GCEM-0403a - Continuous salinity, temperature and depth measurements from moored hydrographic data loggers deployed at GCE1_Hydro (Sapelo River near Eulonia, Georgia) from 01-Jan-2003 through 31-Dec-2003</onlineDescription>
<url>http://gce-lter.marsci.uga.edu/public/app/dataset_details.asp?id=182</url>
</online>
</distribution>
</associatedMaterial>
<associatedMaterial category="data" id="knb-lter-gce.183" date="2003-12-31">
<distribution><online><onlineDescription>PHY-GCEM-0403b - Continuous salinity, temperature and depth measurements from moored hydrographic data loggers deployed at GCE2_Hydro (Four Mile Island, Georgia) from 01-Jan-2003 through 31-Dec-2003</onlineDescription>
<url>http://gce-lter.marsci.uga.edu/public/app/dataset_details.asp?id=183</url>
</online>
</distribution>
</associatedMaterial>
<associatedMaterial category="data" id="knb-lter-gce.185" date="2003-12-31">
<distribution><online><onlineDescription>PHY-GCEM-0403d - Continuous salinity, temperature and depth measurements from moored hydrographic data loggers deployed at GCE6_Hydro (Doboy Sound south of Sapelo Island, Georgia) from 01-Jan-2003 through 31-Dec-2003</onlineDescription>
<url>http://gce-lter.marsci.uga.edu/public/app/dataset_details.asp?id=185</url>
</online>
</distribution>
</associatedMaterial>
<associatedMaterial category="data" id="knb-lter-gce.186" date="2003-12-31">
<distribution><online><onlineDescription>PHY-GCEM-0403e - Continuous salinity, temperature and depth measurements from moored hydrographic data loggers deployed at GCE7_Hydro (Altamaha River near Carrs Island, Georgia) from 01-Jan-2003 through 31-Dec-2003</onlineDescription>
<url>http://gce-lter.marsci.uga.edu/public/app/dataset_details.asp?id=186</url>
</online>
</distribution>
</associatedMaterial>
<associatedMaterial category="data" id="knb-lter-gce.187" date="2003-12-31">
<distribution><online><onlineDescription>PHY-GCEM-0403f - Continuous salinity, temperature and depth measurements from moored hydrographic data loggers deployed at GCE8_Hydro (Altamaha River near Aligator Creek, Georgia) from 01-Jan-2003 through 31-Dec-2003</onlineDescription>
<url>http://gce-lter.marsci.uga.edu/public/app/dataset_details.asp?id=187</url>
</online>
</distribution>
</associatedMaterial>
<associatedMaterial category="data" id="knb-lter-gce.188" date="2003-12-31">
<distribution><online><onlineDescription>PHY-GCEM-0403g - Continuous salinity, temperature and depth measurements from moored hydrographic data loggers deployed at GCE9_Hydro (Altamaha River near Rockdedundy Island, Georgia) from 01-Jan-2003 through 31-Dec-2003</onlineDescription>
<url>http://gce-lter.marsci.uga.edu/public/app/dataset_details.asp?id=188</url>
</online>
</distribution>
</associatedMaterial>
<associatedMaterial category="data" id="knb-lter-gce.202" date="2003-12-05">
<distribution><online><onlineDescription>PHY-GCEM-0401f1 - December 2003 bin-averaged CTD profiles for the Georgia Coastal Ecosystems Doboy Sound transect</onlineDescription>
<url>http://gce-lter.marsci.uga.edu/public/app/dataset_details.asp?id=202</url>
</online>
</distribution>
</associatedMaterial>
<associatedMaterial category="data" id="knb-lter-gce.203" date="2003-12-05">
<distribution><online><onlineDescription>PHY-GCEM-0401f2 - December 2003 CTD, PAR, oxygen and chlorophyll profiles for the Georgia Coastal Ecosystems Doboy Sound transect</onlineDescription>
<url>http://gce-lter.marsci.uga.edu/public/app/dataset_details.asp?id=203</url>
</online>
</distribution>
</associatedMaterial>
<associatedMaterial category="data" id="knb-lter-gce.194" date="2003-12-03">
<distribution><online><onlineDescription>PHY-GCEM-0401b1 - December 2003 bin-averaged CTD profiles for the Georgia Coastal Ecosystems Intracoastal Waterway transect</onlineDescription>
<url>http://gce-lter.marsci.uga.edu/public/app/dataset_details.asp?id=194</url>
</online>
</distribution>
</associatedMaterial>
<associatedMaterial category="data" id="knb-lter-gce.200" date="2003-12-03">
<distribution><online><onlineDescription>PHY-GCEM-0401e1 - December 2003 bin-averaged CTD profiles for the Georgia Coastal Ecosystems Sapelo River transect</onlineDescription>
<url>http://gce-lter.marsci.uga.edu/public/app/dataset_details.asp?id=200</url>
</online>
</distribution>
</associatedMaterial>
<associatedMaterial category="data" id="knb-lter-gce.195" date="2003-12-03">
<distribution><online><onlineDescription>PHY-GCEM-0401b2 - December 2003 CTD, PAR, oxygen and chlorophyll profiles for the Georgia Coastal Ecosystems Intracoastal Waterway transect</onlineDescription>
<url>http://gce-lter.marsci.uga.edu/public/app/dataset_details.asp?id=195</url>
</online>
</distribution>
</associatedMaterial>
<associatedMaterial category="data" id="knb-lter-gce.201" date="2003-12-03">
<distribution><online><onlineDescription>PHY-GCEM-0401e2 - December 2003 CTD, PAR, oxygen and chlorophyll profiles for the Georgia Coastal Ecosystems Sapelo River transect</onlineDescription>
<url>http://gce-lter.marsci.uga.edu/public/app/dataset_details.asp?id=201</url>
</online>
</distribution>
</associatedMaterial>
<associatedMaterial category="data" id="knb-lter-gce.192" date="2003-12-02">
<distribution><online><onlineDescription>PHY-GCEM-0401a1 - December 2003 bin-averaged CTD profiles for the Georgia Coastal Ecosystems Altamaha River transect</onlineDescription>
<url>http://gce-lter.marsci.uga.edu/public/app/dataset_details.asp?id=192</url>
</online>
</distribution>
</associatedMaterial>
<associatedMaterial category="data" id="knb-lter-gce.193" date="2003-12-02">
<distribution><online><onlineDescription>PHY-GCEM-0401a2 - December 2003 CTD, PAR, oxygen and chlorophyll profiles for the Georgia Coastal Ecosystems Altamaha River transect</onlineDescription>
<url>http://gce-lter.marsci.uga.edu/public/app/dataset_details.asp?id=193</url>
</online>
</distribution>
</associatedMaterial>
<associatedMaterial category="data" id="knb-lter-gce.197" date="2003-12-02">
<distribution><online><onlineDescription>PHY-GCEM-0401c2 - December 2003 CTD, PAR, oxygen and chlorophyll profiles for the Georgia Coastal Ecosystems Duplin River transect</onlineDescription>
<url>http://gce-lter.marsci.uga.edu/public/app/dataset_details.asp?id=197</url>
</online>
</distribution>
</associatedMaterial>
<associatedMaterial category="data" id="knb-lter-gce.199" date="2003-12-02">
<distribution><online><onlineDescription>PHY-GCEM-0401d2 - December 2003 CTD, PAR, oxygen and chlorophyll profiles for the Georgia Coastal Ecosystems Inner Marsh transect</onlineDescription>
<url>http://gce-lter.marsci.uga.edu/public/app/dataset_details.asp?id=199</url>
</online>
</distribution>
</associatedMaterial>
<associatedMaterial category="data" id="knb-lter-gce.196" date="2003-12-02">
<distribution><online><onlineDescription>PHY-GCEM-0401c1 - December 2003 bin-averaged CTD profiles for the Georgia Coastal Ecosystems Duplin River transect</onlineDescription>
<url>http://gce-lter.marsci.uga.edu/public/app/dataset_details.asp?id=196</url>
</online>
</distribution>
</associatedMaterial>
<associatedMaterial category="data" id="knb-lter-gce.198" date="2003-12-02">
<distribution><online><onlineDescription>PHY-GCEM-0401d1 - December 2003 bin-averaged CTD profiles for the Georgia Coastal Ecosystems Inner Marsh transect</onlineDescription>
<url>http://gce-lter.marsci.uga.edu/public/app/dataset_details.asp?id=198</url>
</online>
</distribution>
</associatedMaterial>
<associatedMaterial category="data" id="knb-lter-gce.184" date="2003-11-06">
<distribution><online><onlineDescription>PHY-GCEM-0403c - Continuous salinity, temperature and depth measurements from moored hydrographic data loggers deployed at GCE3_Hydro (Sapelo Sound north of Sapelo Island, Georgia) from 01-Jan-2003 through 06-Nov-2003</onlineDescription>
<url>http://gce-lter.marsci.uga.edu/public/app/dataset_details.asp?id=184</url>
</online>
</distribution>
</associatedMaterial>
<associatedMaterial category="data" id="knb-lter-gce.168" date="2003-09-27">
<distribution><online><onlineDescription>PHY-GCEM-0310b1 - September 2003 bin-averaged CTD profiles for the Georgia Coastal Ecosystems Intracoastal Waterway transect</onlineDescription>
<url>http://gce-lter.marsci.uga.edu/public/app/dataset_details.asp?id=168</url>
</online>
</distribution>
</associatedMaterial>
<associatedMaterial category="data" id="knb-lter-gce.176" date="2003-09-27">
<distribution><online><onlineDescription>PHY-GCEM-0310f1 - September 2003 bin-averaged CTD profiles for the Georgia Coastal Ecosystems Sapelo River transect</onlineDescription>
<url>http://gce-lter.marsci.uga.edu/public/app/dataset_details.asp?id=176</url>
</online>
</distribution>
</associatedMaterial>
<associatedMaterial category="data" id="knb-lter-gce.169" date="2003-09-27">
<distribution><online><onlineDescription>PHY-GCEM-0310b2 - September 2003 CTD, PAR, oxygen and chlorophyll profiles for the Georgia Coastal Ecosystems Intracoastal Waterway transect</onlineDescription>
<url>http://gce-lter.marsci.uga.edu/public/app/dataset_details.asp?id=169</url>
</online>
</distribution>
</associatedMaterial>
<associatedMaterial category="data" id="knb-lter-gce.177" date="2003-09-27">
<distribution><online><onlineDescription>PHY-GCEM-0310f2 - September 2003 CTD, PAR, oxygen and chlorophyll profiles for the Georgia Coastal Ecosystems Sapelo River transect</onlineDescription>
<url>http://gce-lter.marsci.uga.edu/public/app/dataset_details.asp?id=177</url>
</online>
</distribution>
</associatedMaterial>
<associatedMaterial category="data" id="knb-lter-gce.171" date="2003-09-26">
<distribution><online><onlineDescription>PHY-GCEM-0310c2 - September 2003 CTD, PAR, oxygen and chlorophyll profiles for the Georgia Coastal Ecosystems Altamaha River transect</onlineDescription>
<url>http://gce-lter.marsci.uga.edu/public/app/dataset_details.asp?id=171</url>
</online>
</distribution>
</associatedMaterial>
<associatedMaterial category="data" id="knb-lter-gce.170" date="2003-09-26">
<distribution><online><onlineDescription>PHY-GCEM-0310c1 - September 2003 bin-averaged CTD profiles for the Georgia Coastal Ecosystems Altamaha River transect</onlineDescription>
<url>http://gce-lter.marsci.uga.edu/public/app/dataset_details.asp?id=170</url>
</online>
</distribution>
</associatedMaterial>
<associatedMaterial category="data" id="knb-lter-gce.174" date="2003-09-26">
<distribution><online><onlineDescription>PHY-GCEM-0310e1 - September 2003 bin-averaged CTD profiles for the Georgia Coastal Ecosystems Inner Marsh transect</onlineDescription>
<url>http://gce-lter.marsci.uga.edu/public/app/dataset_details.asp?id=174</url>
</online>
</distribution>
</associatedMaterial>
<associatedMaterial category="data" id="knb-lter-gce.175" date="2003-09-26">
<distribution><online><onlineDescription>PHY-GCEM-0310e2 - September 2003 CTD, PAR, oxygen and chlorophyll profiles for the Georgia Coastal Ecosystems Inner Marsh transect</onlineDescription>
<url>http://gce-lter.marsci.uga.edu/public/app/dataset_details.asp?id=175</url>
</online>
</distribution>
</associatedMaterial>
<associatedMaterial category="data" id="knb-lter-gce.166" date="2003-09-25">
<distribution><online><onlineDescription>PHY-GCEM-0310a1 - September 2003 bin-averaged CTD profiles for the Georgia Coastal Ecosystems Doboy Sound transect</onlineDescription>
<url>http://gce-lter.marsci.uga.edu/public/app/dataset_details.asp?id=166</url>
</online>
</distribution>
</associatedMaterial>
<associatedMaterial category="data" id="knb-lter-gce.172" date="2003-09-25">
<distribution><online><onlineDescription>PHY-GCEM-0310d1 - September 2003 bin-averaged CTD profiles for the Georgia Coastal Ecosystems Duplin River transect</onlineDescription>
<url>http://gce-lter.marsci.uga.edu/public/app/dataset_details.asp?id=172</url>
</online>
</distribution>
</associatedMaterial>
<associatedMaterial category="data" id="knb-lter-gce.167" date="2003-09-25">
<distribution><online><onlineDescription>PHY-GCEM-0310a2 - September 2003 CTD, PAR, oxygen and chlorophyll profiles for the Georgia Coastal Ecosystems Doboy Sound transect</onlineDescription>
<url>http://gce-lter.marsci.uga.edu/public/app/dataset_details.asp?id=167</url>
</online>
</distribution>
</associatedMaterial>
<associatedMaterial category="data" id="knb-lter-gce.173" date="2003-09-25">
<distribution><online><onlineDescription>PHY-GCEM-0310d2 - September 2003 CTD, PAR, oxygen and chlorophyll profiles for the Georgia Coastal Ecosystems Duplin River transect</onlineDescription>
<url>http://gce-lter.marsci.uga.edu/public/app/dataset_details.asp?id=173</url>
</online>
</distribution>
</associatedMaterial>
<associatedMaterial category="data" id="knb-lter-gce.164" date="2003-06-20">
<distribution><online><onlineDescription>PHY-GCEM-0308f1 - June 2003 bin-averaged CTD profiles for the Georgia Coastal Ecosystems Sapelo River transect</onlineDescription>
<url>http://gce-lter.marsci.uga.edu/public/app/dataset_details.asp?id=164</url>
</online>
</distribution>
</associatedMaterial>
<associatedMaterial category="data" id="knb-lter-gce.165" date="2003-06-20">
<distribution><online><onlineDescription>PHY-GCEM-0308f2 - June 2003 CTD, PAR, oxygen and chlorophyll profiles for the Georgia Coastal Ecosystems Sapelo River transect</onlineDescription>
<url>http://gce-lter.marsci.uga.edu/public/app/dataset_details.asp?id=165</url>
</online>
</distribution>
</associatedMaterial>
<associatedMaterial category="data" id="knb-lter-gce.163" date="2003-06-19">
<distribution><online><onlineDescription>PHY-GCEM-0308e2 - June 2003 CTD, PAR, oxygen and chlorophyll profiles for the Georgia Coastal Ecosystems Inner Marsh transect</onlineDescription>
<url>http://gce-lter.marsci.uga.edu/public/app/dataset_details.asp?id=163</url>
</online>
</distribution>
</associatedMaterial>
<associatedMaterial category="data" id="knb-lter-gce.157" date="2003-06-19">
<distribution><online><onlineDescription>PHY-GCEM-0308b2 - June 2003 CTD, PAR, oxygen and chlorophyll profiles for the Georgia Coastal Ecosystems Intracoastal Waterway transect</onlineDescription>
<url>http://gce-lter.marsci.uga.edu/public/app/dataset_details.asp?id=157</url>
</online>
</distribution>
</associatedMaterial>
<associatedMaterial category="data" id="knb-lter-gce.159" date="2003-06-19">
<distribution><online><onlineDescription>PHY-GCEM-0308c2 - June 2003 CTD, PAR, oxygen and chlorophyll profiles for the Georgia Coastal Ecosystems Altamaha River transect</onlineDescription>
<url>http://gce-lter.marsci.uga.edu/public/app/dataset_details.asp?id=159</url>
</online>
</distribution>
</associatedMaterial>
<associatedMaterial category="data" id="knb-lter-gce.158" date="2003-06-19">
<distribution><online><onlineDescription>PHY-GCEM-0308c1 - June 2003 bin-averaged CTD profiles for the Georgia Coastal Ecosystems Altamaha River transect</onlineDescription>
<url>http://gce-lter.marsci.uga.edu/public/app/dataset_details.asp?id=158</url>
</online>
</distribution>
</associatedMaterial>
<associatedMaterial category="data" id="knb-lter-gce.162" date="2003-06-19">
<distribution><online><onlineDescription>PHY-GCEM-0308e1 - June 2003 bin-averaged CTD profiles for the Georgia Coastal Ecosystems Inner Marsh transect</onlineDescription>
<url>http://gce-lter.marsci.uga.edu/public/app/dataset_details.asp?id=162</url>
</online>
</distribution>
</associatedMaterial>
<associatedMaterial category="data" id="knb-lter-gce.156" date="2003-06-19">
<distribution><online><onlineDescription>PHY-GCEM-0308b1 - June 2003 bin-averaged CTD profiles for the Georgia Coastal Ecosystems Intracoastal Waterway transect</onlineDescription>
<url>http://gce-lter.marsci.uga.edu/public/app/dataset_details.asp?id=156</url>
</online>
</distribution>
</associatedMaterial>
<associatedMaterial category="data" id="knb-lter-gce.154" date="2003-06-18">
<distribution><online><onlineDescription>PHY-GCEM-0308a1 - June 2003 bin-averaged CTD profiles for the Georgia Coastal Ecosystems Doboy Sound transect</onlineDescription>
<url>http://gce-lter.marsci.uga.edu/public/app/dataset_details.asp?id=154</url>
</online>
</distribution>
</associatedMaterial>
<associatedMaterial category="data" id="knb-lter-gce.160" date="2003-06-18">
<distribution><online><onlineDescription>PHY-GCEM-0308d1 - June 2003 bin-averaged CTD profiles for the Georgia Coastal Ecosystems Duplin River transect</onlineDescription>
<url>http://gce-lter.marsci.uga.edu/public/app/dataset_details.asp?id=160</url>
</online>
</distribution>
</associatedMaterial>
<associatedMaterial category="data" id="knb-lter-gce.155" date="2003-06-18">
<distribution><online><onlineDescription>PHY-GCEM-0308a2 - June 2003 CTD, PAR, oxygen and chlorophyll profiles for the Georgia Coastal Ecosystems Doboy Sound transect</onlineDescription>
<url>http://gce-lter.marsci.uga.edu/public/app/dataset_details.asp?id=155</url>
</online>
</distribution>
</associatedMaterial>
<associatedMaterial category="data" id="knb-lter-gce.161" date="2003-06-18">
<distribution><online><onlineDescription>PHY-GCEM-0308d2 - June 2003 CTD, PAR, oxygen and chlorophyll profiles for the Georgia Coastal Ecosystems Duplin River transect</onlineDescription>
<url>http://gce-lter.marsci.uga.edu/public/app/dataset_details.asp?id=161</url>
</online>
</distribution>
</associatedMaterial>
<associatedMaterial category="data" id="knb-lter-gce.141" date="2003-03-31">
<distribution><online><onlineDescription>PHY-GCEM-0305a1 - March 2003 bin-averaged CTD profiles for the Georgia Coastal Ecosystems Altamaha River transect</onlineDescription>
<url>http://gce-lter.marsci.uga.edu/public/app/dataset_details.asp?id=141</url>
</online>
</distribution>
</associatedMaterial>
<associatedMaterial category="data" id="knb-lter-gce.142" date="2003-03-31">
<distribution><online><onlineDescription>PHY-GCEM-0305a2 - March 2003 CTD, PAR, oxygen and chlorophyll profiles for the Georgia Coastal Ecosystems Altamaha River transect</onlineDescription>
<url>http://gce-lter.marsci.uga.edu/public/app/dataset_details.asp?id=142</url>
</online>
</distribution>
</associatedMaterial>
<associatedMaterial category="data" id="knb-lter-gce.143" date="2003-03-30">
<distribution><online><onlineDescription>PHY-GCEM-0305b1 - March 2003 bin-averaged CTD profiles for the Georgia Coastal Ecosystems Intracoastal Waterway transect</onlineDescription>
<url>http://gce-lter.marsci.uga.edu/public/app/dataset_details.asp?id=143</url>
</online>
</distribution>
</associatedMaterial>
<associatedMaterial category="data" id="knb-lter-gce.144" date="2003-03-30">
<distribution><online><onlineDescription>PHY-GCEM-0305b2 - March 2003 CTD, PAR, oxygen and chlorophyll profiles for the Georgia Coastal Ecosystems Intracoastal Waterway transect</onlineDescription>
<url>http://gce-lter.marsci.uga.edu/public/app/dataset_details.asp?id=144</url>
</online>
</distribution>
</associatedMaterial>
<associatedMaterial category="data" id="knb-lter-gce.152" date="2003-03-29">
<distribution><online><onlineDescription>PHY-GCEM-0305f2 - March 2003 CTD, PAR, oxygen and chlorophyll profiles for the Georgia Coastal Ecosystems Doboy Sound transect</onlineDescription>
<url>http://gce-lter.marsci.uga.edu/public/app/dataset_details.asp?id=152</url>
</online>
</distribution>
</associatedMaterial>
<associatedMaterial category="data" id="knb-lter-gce.151" date="2003-03-29">
<distribution><online><onlineDescription>PHY-GCEM-0305f1 - March 2003 bin-averaged CTD profiles for the Georgia Coastal Ecosystems Doboy Sound transect</onlineDescription>
<url>http://gce-lter.marsci.uga.edu/public/app/dataset_details.asp?id=151</url>
</online>
</distribution>
</associatedMaterial>
<associatedMaterial category="data" id="knb-lter-gce.145" date="2003-03-28">
<distribution><online><onlineDescription>PHY-GCEM-0305c1 - March 2003 bin-averaged CTD profiles for the Georgia Coastal Ecosystems Duplin River transect</onlineDescription>
<url>http://gce-lter.marsci.uga.edu/public/app/dataset_details.asp?id=145</url>
</online>
</distribution>
</associatedMaterial>
<associatedMaterial category="data" id="knb-lter-gce.146" date="2003-03-28">
<distribution><online><onlineDescription>PHY-GCEM-0305c2 - March 2003 CTD, PAR, oxygen and chlorophyll profiles for the Georgia Coastal Ecosystems Duplin River transect</onlineDescription>
<url>http://gce-lter.marsci.uga.edu/public/app/dataset_details.asp?id=146</url>
</online>
</distribution>
</associatedMaterial>
<associatedMaterial category="data" id="knb-lter-gce.150" date="2003-03-28">
<distribution><online><onlineDescription>PHY-GCEM-0305e2 - March 2003 CTD, PAR, oxygen and chlorophyll profiles for the Georgia Coastal Ecosystems Sapelo River transect</onlineDescription>
<url>http://gce-lter.marsci.uga.edu/public/app/dataset_details.asp?id=150</url>
</online>
</distribution>
</associatedMaterial>
<associatedMaterial category="data" id="knb-lter-gce.149" date="2003-03-28">
<distribution><online><onlineDescription>PHY-GCEM-0305e1 - March 2003 bin-averaged CTD profiles for the Georgia Coastal Ecosystems Sapelo River transect</onlineDescription>
<url>http://gce-lter.marsci.uga.edu/public/app/dataset_details.asp?id=149</url>
</online>
</distribution>
</associatedMaterial>
<associatedMaterial category="data" id="knb-lter-gce.148" date="2003-03-27">
<distribution><online><onlineDescription>PHY-GCEM-0305d2 - March 2003 CTD, PAR, oxygen and chlorophyll profiles for the Georgia Coastal Ecosystems Inner Marsh transect</onlineDescription>
<url>http://gce-lter.marsci.uga.edu/public/app/dataset_details.asp?id=148</url>
</online>
</distribution>
</associatedMaterial>
<associatedMaterial category="data" id="knb-lter-gce.147" date="2003-03-27">
<distribution><online><onlineDescription>PHY-GCEM-0305d1 - March 2003 bin-averaged CTD profiles for the Georgia Coastal Ecosystems Inner Marsh transect</onlineDescription>
<url>http://gce-lter.marsci.uga.edu/public/app/dataset_details.asp?id=147</url>
</online>
</distribution>
</associatedMaterial>
<associatedMaterial category="data" id="knb-lter-gce.81" date="2002-12-31">
<distribution><online><onlineDescription>PHY-GCEM-0303c2 - Continuous salinity, temperature and depth measurements from moored hydrographic data loggers deployed at GCE3_Hydro (Sapelo Sound north of Sapelo Island, Georgia) from 01-Jan-2002 through 31-Dec-2002</onlineDescription>
<url>http://gce-lter.marsci.uga.edu/public/app/dataset_details.asp?id=81</url>
</online>
</distribution>
</associatedMaterial>
<associatedMaterial category="data" id="knb-lter-gce.77" date="2002-12-31">
<distribution><online><onlineDescription>PHY-GCEM-0303a2 - Continuous salinity, temperature and depth measurements from moored hydrographic data loggers deployed at GCE1_Hydro (Sapelo River near Eulonia, Georgia) from 01-Jan-2002 through 31-Dec-2002</onlineDescription>
<url>http://gce-lter.marsci.uga.edu/public/app/dataset_details.asp?id=77</url>
</online>
</distribution>
</associatedMaterial>
<associatedMaterial category="data" id="knb-lter-gce.79" date="2002-12-31">
<distribution><online><onlineDescription>PHY-GCEM-0303b2 - Continuous salinity, temperature and depth measurements from moored hydrographic data loggers deployed at GCE2_Hydro (Four Mile Island, Georgia) from 01-Jan-2002 through 31-Dec-2002</onlineDescription>
<url>http://gce-lter.marsci.uga.edu/public/app/dataset_details.asp?id=79</url>
</online>
</distribution>
</associatedMaterial>
<associatedMaterial category="data" id="knb-lter-gce.86" date="2002-12-31">
<distribution><online><onlineDescription>PHY-GCEM-0303f2 - Continuous salinity, temperature and depth measurements from moored hydrographic data loggers deployed at GCE8_Hydro (Altamaha River near Aligator Creek) from 01-Jan-2002 through 31-Dec-2002</onlineDescription>
<url>http://gce-lter.marsci.uga.edu/public/app/dataset_details.asp?id=86</url>
</online>
</distribution>
</associatedMaterial>
<associatedMaterial category="data" id="knb-lter-gce.87" date="2002-12-31">
<distribution><online><onlineDescription>PHY-GCEM-0303g1 - Continuous salinity, temperature and depth measurements from moored hydrographic data loggers deployed at GCE9_Hydro (Altamaha River near Rockdedundy Island, Georgia) from 25-Feb-2002 through 31-Dec-2002</onlineDescription>
<url>http://gce-lter.marsci.uga.edu/public/app/dataset_details.asp?id=87</url>
</online>
</distribution>
</associatedMaterial>
<associatedMaterial category="data" id="knb-lter-gce.82" date="2002-12-31">
<distribution><online><onlineDescription>PHY-GCEM-0303d1 - Continuous salinity, temperature and depth measurements from moored hydrographic data loggers deployed at GCE6_Hydro (Doboy Sound south of Sapelo Island, Georgia) from 25-Feb-2002 through 31-Dec-2002</onlineDescription>
<url>http://gce-lter.marsci.uga.edu/public/app/dataset_details.asp?id=82</url>
</online>
</distribution>
</associatedMaterial>
<associatedMaterial category="data" id="knb-lter-gce.84" date="2002-12-31">
<distribution><online><onlineDescription>PHY-GCEM-0303e2 - Continuous salinity, temperature and depth measurements from moored hydrographic data loggers deployed at GCE7_Hydro (Altamaha River near Carrs Island, Georgia) from 01-Jan-2002 through 31-Dec-2002</onlineDescription>
<url>http://gce-lter.marsci.uga.edu/public/app/dataset_details.asp?id=84</url>
</online>
</distribution>
</associatedMaterial>
<associatedMaterial category="data" id="knb-lter-gce.140" date="2002-12-12">
<distribution><online><onlineDescription>PHY-GCEM-0304e2 - December 2002 CTD, PAR, oxygen and chlorophyll profiles for the Georgia Coastal Ecosystems Sapelo River transect</onlineDescription>
<url>http://gce-lter.marsci.uga.edu/public/app/dataset_details.asp?id=140</url>
</online>
</distribution>
</associatedMaterial>
<associatedMaterial category="data" id="knb-lter-gce.139" date="2002-12-12">
<distribution><online><onlineDescription>PHY-GCEM-0304e1 - December 2002 bin-averaged CTD profiles for the Georgia Coastal Ecosystems Sapelo River transect</onlineDescription>
<url>http://gce-lter.marsci.uga.edu/public/app/dataset_details.asp?id=139</url>
</online>
</distribution>
</associatedMaterial>
<associatedMaterial category="data" id="knb-lter-gce.136" date="2002-12-11">
<distribution><online><onlineDescription>PHY-GCEM-0304c2 - December 2002 CTD, PAR, oxygen and chlorophyll profiles for the Georgia Coastal Ecosystems Altamaha River transect</onlineDescription>
<url>http://gce-lter.marsci.uga.edu/public/app/dataset_details.asp?id=136</url>
</online>
</distribution>
</associatedMaterial>
<associatedMaterial category="data" id="knb-lter-gce.138" date="2002-12-11">
<distribution><online><onlineDescription>PHY-GCEM-0304d2 - December 2002 CTD, PAR, oxygen and chlorophyll profiles for the Georgia Coastal Ecosystems Inner Marsh transect</onlineDescription>
<url>http://gce-lter.marsci.uga.edu/public/app/dataset_details.asp?id=138</url>
</online>
</distribution>
</associatedMaterial>
<associatedMaterial category="data" id="knb-lter-gce.134" date="2002-12-11">
<distribution><online><onlineDescription>PHY-GCEM-0304b2 - December 2002 CTD, PAR, oxygen and chlorophyll profiles for the Georgia Coastal Ecosystems Intracoastal Waterway transect</onlineDescription>
<url>http://gce-lter.marsci.uga.edu/public/app/dataset_details.asp?id=134</url>
</online>
</distribution>
</associatedMaterial>
<associatedMaterial category="data" id="knb-lter-gce.137" date="2002-12-11">
<distribution><online><onlineDescription>PHY-GCEM-0304d1 - December 2002 bin-averaged CTD profiles for the Georgia Coastal Ecosystems Inner Marsh transect</onlineDescription>
<url>http://gce-lter.marsci.uga.edu/public/app/dataset_details.asp?id=137</url>
</online>
</distribution>
</associatedMaterial>
<associatedMaterial category="data" id="knb-lter-gce.133" date="2002-12-11">
<distribution><online><onlineDescription>PHY-GCEM-0304b1 - December 2002 bin-averaged CTD profiles for the Georgia Coastal Ecosystems Intracoastal Waterway transect</onlineDescription>
<url>http://gce-lter.marsci.uga.edu/public/app/dataset_details.asp?id=133</url>
</online>
</distribution>
</associatedMaterial>
<associatedMaterial category="data" id="knb-lter-gce.135" date="2002-12-11">
<distribution><online><onlineDescription>PHY-GCEM-0304c1 - December 2002 bin-averaged CTD profiles for the Georgia Coastal Ecosystems Altamaha River transect</onlineDescription>
<url>http://gce-lter.marsci.uga.edu/public/app/dataset_details.asp?id=135</url>
</online>
</distribution>
</associatedMaterial>
<associatedMaterial category="data" id="knb-lter-gce.131" date="2002-12-10">
<distribution><online><onlineDescription>PHY-GCEM-0304a1 - December 2002 bin-averaged CTD profiles for the Georgia Coastal Ecosystems Doboy Sound transect</onlineDescription>
<url>http://gce-lter.marsci.uga.edu/public/app/dataset_details.asp?id=131</url>
</online>
</distribution>
</associatedMaterial>
<associatedMaterial category="data" id="knb-lter-gce.132" date="2002-12-10">
<distribution><online><onlineDescription>PHY-GCEM-0304a2 - December 2002 CTD, PAR, oxygen and chlorophyll profiles for the Georgia Coastal Ecosystems Doboy Sound transect</onlineDescription>
<url>http://gce-lter.marsci.uga.edu/public/app/dataset_details.asp?id=132</url>
</online>
</distribution>
</associatedMaterial>
<associatedMaterial category="data" id="knb-lter-gce.69" date="2002-09-18">
<distribution><online><onlineDescription>PHY-GCEM-0302e1 - September 2002 bin-averaged CTD profiles for the Georgia Coastal Ecosystems Altamaha River transect</onlineDescription>
<url>http://gce-lter.marsci.uga.edu/public/app/dataset_details.asp?id=69</url>
</online>
</distribution>
</associatedMaterial>
<associatedMaterial category="data" id="knb-lter-gce.71" date="2002-09-18">
<distribution><online><onlineDescription>PHY-GCEM-0302b2 - September 2002 CTD, PAR, oxygen and chlorophyll profiles for the Georgia Coastal Ecosystems Inner Marsh transect</onlineDescription>
<url>http://gce-lter.marsci.uga.edu/public/app/dataset_details.asp?id=71</url>
</online>
</distribution>
</associatedMaterial>
<associatedMaterial category="data" id="knb-lter-gce.72" date="2002-09-18">
<distribution><online><onlineDescription>PHY-GCEM-0302c2 - September 2002 CTD, PAR, oxygen and chlorophyll profiles for the Georgia Coastal Ecosystems Intracoastal Waterway transect</onlineDescription>
<url>http://gce-lter.marsci.uga.edu/public/app/dataset_details.asp?id=72</url>
</online>
</distribution>
</associatedMaterial>
<associatedMaterial category="data" id="knb-lter-gce.66" date="2002-09-18">
<distribution><online><onlineDescription>PHY-GCEM-0302b1 - September 2002 bin-averaged CTD profiles for the Georgia Coastal Ecosystems Inner Marsh transect</onlineDescription>
<url>http://gce-lter.marsci.uga.edu/public/app/dataset_details.asp?id=66</url>
</online>
</distribution>
</associatedMaterial>
<associatedMaterial category="data" id="knb-lter-gce.67" date="2002-09-18">
<distribution><online><onlineDescription>PHY-GCEM-0302c1 - September 2002 bin-averaged CTD profiles for the Georgia Coastal Ecosystems Intracoastal Waterway transect</onlineDescription>
<url>http://gce-lter.marsci.uga.edu/public/app/dataset_details.asp?id=67</url>
</online>
</distribution>
</associatedMaterial>
<associatedMaterial category="data" id="knb-lter-gce.74" date="2002-09-18">
<distribution><online><onlineDescription>PHY-GCEM-0302e2 - September 2002 CTD, PAR, oxygen and chlorophyll profiles for the Georgia Coastal Ecosystems Altamaha River transect</onlineDescription>
<url>http://gce-lter.marsci.uga.edu/public/app/dataset_details.asp?id=74</url>
</online>
</distribution>
</associatedMaterial>
<associatedMaterial category="data" id="knb-lter-gce.68" date="2002-09-17">
<distribution><online><onlineDescription>PHY-GCEM-0302d1 - September 2002 bin-averaged CTD profiles for the Georgia Coastal Ecosystems Sapelo River transect</onlineDescription>
<url>http://gce-lter.marsci.uga.edu/public/app/dataset_details.asp?id=68</url>
</online>
</distribution>
</associatedMaterial>
<associatedMaterial category="data" id="knb-lter-gce.73" date="2002-09-17">
<distribution><online><onlineDescription>PHY-GCEM-0302d2 - September 2002 CTD, PAR, oxygen and chlorophyll profiles for the Georgia Coastal Ecosystems Sapelo River transect</onlineDescription>
<url>http://gce-lter.marsci.uga.edu/public/app/dataset_details.asp?id=73</url>
</online>
</distribution>
</associatedMaterial>
<associatedMaterial category="data" id="knb-lter-gce.70" date="2002-09-16">
<distribution><online><onlineDescription>PHY-GCEM-0302a2 - September 2002 CTD, PAR, oxygen and chlorophyll profiles for the Georgia Coastal Ecosystems Doboy Sound transect</onlineDescription>
<url>http://gce-lter.marsci.uga.edu/public/app/dataset_details.asp?id=70</url>
</online>
</distribution>
</associatedMaterial>
<associatedMaterial category="data" id="knb-lter-gce.65" date="2002-09-16">
<distribution><online><onlineDescription>PHY-GCEM-0302a1 - September 2002 bin-averaged CTD profiles for the Georgia Coastal Ecosystems Doboy Sound transect</onlineDescription>
<url>http://gce-lter.marsci.uga.edu/public/app/dataset_details.asp?id=65</url>
</online>
</distribution>
</associatedMaterial>
<associatedMaterial category="data" id="knb-lter-gce.64" date="2002-06-21">
<distribution><online><onlineDescription>PHY-GCEM-0301c2 - June 2002 CTD, PAR, oxygen and chlorophyll profiles for the Georgia Coastal Ecosystems Sapelo River transect</onlineDescription>
<url>http://gce-lter.marsci.uga.edu/public/app/dataset_details.asp?id=64</url>
</online>
</distribution>
</associatedMaterial>
<associatedMaterial category="data" id="knb-lter-gce.61" date="2002-06-21">
<distribution><online><onlineDescription>PHY-GCEM-0301c1 - June 2002 bin-averaged CTD profiles for the Georgia Coastal Ecosystems Sapelo River transect</onlineDescription>
<url>http://gce-lter.marsci.uga.edu/public/app/dataset_details.asp?id=61</url>
</online>
</distribution>
</associatedMaterial>
<associatedMaterial category="data" id="knb-lter-gce.63" date="2002-06-20">
<distribution><online><onlineDescription>PHY-GCEM-0301b2 - June 2002 CTD, PAR, oxygen and chlorophyll profiles for the Georgia Coastal Ecosystems Altamaha River transect</onlineDescription>
<url>http://gce-lter.marsci.uga.edu/public/app/dataset_details.asp?id=63</url>
</online>
</distribution>
</associatedMaterial>
<associatedMaterial category="data" id="knb-lter-gce.60" date="2002-06-20">
<distribution><online><onlineDescription>PHY-GCEM-0301b1 - June 2002 bin-averaged CTD profiles for the Georgia Coastal Ecosystems Altamaha River transect</onlineDescription>
<url>http://gce-lter.marsci.uga.edu/public/app/dataset_details.asp?id=60</url>
</online>
</distribution>
</associatedMaterial>
<associatedMaterial category="data" id="knb-lter-gce.59" date="2002-06-19">
<distribution><online><onlineDescription>PHY-GCEM-0301a1 - June 2002 bin-averaged CTD profiles for the Georgia Coastal Ecosystems Doboy Sound transect</onlineDescription>
<url>http://gce-lter.marsci.uga.edu/public/app/dataset_details.asp?id=59</url>
</online>
</distribution>
</associatedMaterial>
<associatedMaterial category="data" id="knb-lter-gce.62" date="2002-06-19">
<distribution><online><onlineDescription>PHY-GCEM-0301a2 - June 2002 CTD, PAR, oxygen and chlorophyll profiles for the Georgia Coastal Ecosystems Doboy Sound transect</onlineDescription>
<url>http://gce-lter.marsci.uga.edu/public/app/dataset_details.asp?id=62</url>
</online>
</distribution>
</associatedMaterial>
<associatedMaterial category="data" id="knb-lter-gce.54" date="2002-03-24">
<distribution><online><onlineDescription>PHY-GCEM-0212a2 - March 2002 CTD, PAR, oxygen and chlorophyll profiles for the Georgia Coastal Ecosystems Doboy River transect</onlineDescription>
<url>http://gce-lter.marsci.uga.edu/public/app/dataset_details.asp?id=54</url>
</online>
</distribution>
</associatedMaterial>
<associatedMaterial category="data" id="knb-lter-gce.55" date="2002-03-24">
<distribution><online><onlineDescription>PHY-GCEM-0212b2 - March 2002 CTD, PAR, oxygen and chlorophyll profiles for the Georgia Coastal Ecosystems Intracoastal Waterway transect</onlineDescription>
<url>http://gce-lter.marsci.uga.edu/public/app/dataset_details.asp?id=55</url>
</online>
</distribution>
</associatedMaterial>
<associatedMaterial category="data" id="knb-lter-gce.49" date="2002-03-24">
<distribution><online><onlineDescription>PHY-GCEM-0212a1 - March 2002 bin-averaged CTD profiles for the Georgia Coastal Ecosystems Doboy River transect</onlineDescription>
<url>http://gce-lter.marsci.uga.edu/public/app/dataset_details.asp?id=49</url>
</online>
</distribution>
</associatedMaterial>
<associatedMaterial category="data" id="knb-lter-gce.50" date="2002-03-24">
<distribution><online><onlineDescription>PHY-GCEM-0212b1 - March 2002 bin-averaged CTD profiles for the Georgia Coastal Ecosystems Intracoastal Waterway transect</onlineDescription>
<url>http://gce-lter.marsci.uga.edu/public/app/dataset_details.asp?id=50</url>
</online>
</distribution>
</associatedMaterial>
<associatedMaterial category="data" id="knb-lter-gce.51" date="2002-03-23">
<distribution><online><onlineDescription>PHY-GCEM-0212c1 - March 2002 bin-averaged CTD profiles for the Georgia Coastal Ecosystems Inner Marsh transect</onlineDescription>
<url>http://gce-lter.marsci.uga.edu/public/app/dataset_details.asp?id=51</url>
</online>
</distribution>
</associatedMaterial>
<associatedMaterial category="data" id="knb-lter-gce.53" date="2002-03-23">
<distribution><online><onlineDescription>PHY-GCEM-0212e1 - March 2002 bin-averaged CTD profiles for the Georgia Coastal Ecosystems Altamaha River transect</onlineDescription>
<url>http://gce-lter.marsci.uga.edu/public/app/dataset_details.asp?id=53</url>
</online>
</distribution>
</associatedMaterial>
<associatedMaterial category="data" id="knb-lter-gce.56" date="2002-03-23">
<distribution><online><onlineDescription>PHY-GCEM-0212c2 - March 2002 CTD, PAR, oxygen and chlorophyll profiles for the Georgia Coastal Ecosystems Inner Marsh transect</onlineDescription>
<url>http://gce-lter.marsci.uga.edu/public/app/dataset_details.asp?id=56</url>
</online>
</distribution>
</associatedMaterial>
<associatedMaterial category="data" id="knb-lter-gce.58" date="2002-03-23">
<distribution><online><onlineDescription>PHY-GCEM-0212e2 - March 2002 CTD, PAR, oxygen and chlorophyll profiles for the Georgia Coastal Ecosystems Altamaha River transect</onlineDescription>
<url>http://gce-lter.marsci.uga.edu/public/app/dataset_details.asp?id=58</url>
</online>
</distribution>
</associatedMaterial>
<associatedMaterial category="data" id="knb-lter-gce.57" date="2002-03-22">
<distribution><online><onlineDescription>PHY-GCEM-0212d2 - March 2002 CTD, PAR, oxygen and chlorophyll profiles for the Georgia Coastal Ecosystems Sapelo River transect</onlineDescription>
<url>http://gce-lter.marsci.uga.edu/public/app/dataset_details.asp?id=57</url>
</online>
</distribution>
</associatedMaterial>
<associatedMaterial category="data" id="knb-lter-gce.52" date="2002-03-22">
<distribution><online><onlineDescription>PHY-GCEM-0212d1 - March 2002 bin-averaged CTD profiles for the Georgia Coastal Ecosystems Sapelo River transect</onlineDescription>
<url>http://gce-lter.marsci.uga.edu/public/app/dataset_details.asp?id=52</url>
</online>
</distribution>
</associatedMaterial>
<associatedMaterial category="data" id="knb-lter-gce.85" date="2001-12-31">
<distribution><online><onlineDescription>PHY-GCEM-0303f1 - Continuous salinity, temperature and depth measurements from moored hydrographic data loggers deployed at GCE8_Hydro (Altamaha River near Aligator Creek) from 26-Oct-2001 through 31-Dec-2001</onlineDescription>
<url>http://gce-lter.marsci.uga.edu/public/app/dataset_details.asp?id=85</url>
</online>
</distribution>
</associatedMaterial>
<associatedMaterial category="data" id="knb-lter-gce.83" date="2001-12-31">
<distribution><online><onlineDescription>PHY-GCEM-0303e1 - Continuous salinity, temperature and depth measurements from moored hydrographic data loggers deployed at GCE7_Hydro (Altamaha River near Carrs Island, Georgia) from 10-Aug-2001 through 31-Dec-2001</onlineDescription>
<url>http://gce-lter.marsci.uga.edu/public/app/dataset_details.asp?id=83</url>
</online>
</distribution>
</associatedMaterial>
<associatedMaterial category="data" id="knb-lter-gce.76" date="2001-12-31">
<distribution><online><onlineDescription>PHY-GCEM-0303a1 - Continuous salinity, temperature and depth measurements from moored hydrographic data loggers deployed at GCE1_Hydro (Sapelo River near Eulonia, Georgia) from 13-Sep-2001 through 31-Dec-2001</onlineDescription>
<url>http://gce-lter.marsci.uga.edu/public/app/dataset_details.asp?id=76</url>
</online>
</distribution>
</associatedMaterial>
<associatedMaterial category="data" id="knb-lter-gce.80" date="2001-12-31">
<distribution><online><onlineDescription>PHY-GCEM-0303c1 - Continuous salinity, temperature and depth measurements from moored hydrographic data loggers deployed at GCE3_Hydro (Sapelo Sound north of Sapelo Island, Georgia) from 08-Aug-2001 through 31-Dec-2001</onlineDescription>
<url>http://gce-lter.marsci.uga.edu/public/app/dataset_details.asp?id=80</url>
</online>
</distribution>
</associatedMaterial>
<associatedMaterial category="data" id="knb-lter-gce.78" date="2001-12-31">
<distribution><online><onlineDescription>PHY-GCEM-0303b1 - Continuous salinity, temperature and depth measurements from moored hydrographic data loggers deployed at GCE2_Hydro (Four Mile Island, Georgia) from 26-Oct-2001 through 31-Dec-2001</onlineDescription>
<url>http://gce-lter.marsci.uga.edu/public/app/dataset_details.asp?id=78</url>
</online>
</distribution>
</associatedMaterial>
<associatedMaterial category="data" id="knb-lter-gce.48" date="2001-11-29">
<distribution><online><onlineDescription>PHY-GCEM-0211d2 - November 2001 CTD, PAR, oxygen and chlorophyll profiles for the Georgia Coastal Ecosystems Altamaha River transect</onlineDescription>
<url>http://gce-lter.marsci.uga.edu/public/app/dataset_details.asp?id=48</url>
</online>
</distribution>
</associatedMaterial>
<associatedMaterial category="data" id="knb-lter-gce.44" date="2001-11-29">
<distribution><online><onlineDescription>PHY-GCEM-0211d1 - November 2001 bin-averaged CTD profiles for the Georgia Coastal Ecosystems Altamaha River transect</onlineDescription>
<url>http://gce-lter.marsci.uga.edu/public/app/dataset_details.asp?id=44</url>
</online>
</distribution>
</associatedMaterial>
<associatedMaterial category="data" id="knb-lter-gce.42" date="2001-11-28">
<distribution><online><onlineDescription>PHY-GCEM-0211b1 - November 2001 bin-averaged CTD profiles for the Georgia Coastal Ecosystems Duplin River transect</onlineDescription>
<url>http://gce-lter.marsci.uga.edu/public/app/dataset_details.asp?id=42</url>
</online>
</distribution>
</associatedMaterial>
<associatedMaterial category="data" id="knb-lter-gce.46" date="2001-11-28">
<distribution><online><onlineDescription>PHY-GCEM-0211b2 - November 2001 CTD, PAR, oxygen and chlorophyll profiles for the Georgia Coastal Ecosystems Duplin River transect</onlineDescription>
<url>http://gce-lter.marsci.uga.edu/public/app/dataset_details.asp?id=46</url>
</online>
</distribution>
</associatedMaterial>
<associatedMaterial category="data" id="knb-lter-gce.45" date="2001-11-27">
<distribution><online><onlineDescription>PHY-GCEM-0211a2 - November 2001 CTD, PAR, oxygen and chlorophyll profiles for the Georgia Coastal Ecosystems Doboy Sound transect</onlineDescription>
<url>http://gce-lter.marsci.uga.edu/public/app/dataset_details.asp?id=45</url>
</online>
</distribution>
</associatedMaterial>
<associatedMaterial category="data" id="knb-lter-gce.41" date="2001-11-27">
<distribution><online><onlineDescription>PHY-GCEM-0211a1 - November 2001 bin-averaged CTD profiles for the Georgia Coastal Ecosystems Doboy Sound transect</onlineDescription>
<url>http://gce-lter.marsci.uga.edu/public/app/dataset_details.asp?id=41</url>
</online>
</distribution>
</associatedMaterial>
<associatedMaterial category="data" id="knb-lter-gce.43" date="2001-11-26">
<distribution><online><onlineDescription>PHY-GCEM-0211c1 - November 2001 bin-averaged CTD profiles for the Georgia Coastal Ecosystems Sapelo River transect</onlineDescription>
<url>http://gce-lter.marsci.uga.edu/public/app/dataset_details.asp?id=43</url>
</online>
</distribution>
</associatedMaterial>
<associatedMaterial category="data" id="knb-lter-gce.47" date="2001-11-26">
<distribution><online><onlineDescription>PHY-GCEM-0211c2 - November 2001 CTD, PAR, oxygen and chlorophyll profiles for the Georgia Coastal Ecosystems Sapelo River transect</onlineDescription>
<url>http://gce-lter.marsci.uga.edu/public/app/dataset_details.asp?id=47</url>
</online>
</distribution>
</associatedMaterial>
<associatedMaterial category="data" id="knb-lter-gce.35" date="2001-10-16">
<distribution><online><onlineDescription>PHY-GCEM-0210e1 - October 2001 bin-averaged CTD profiles for the Georgia Coastal Ecosystems Altamaha River transect</onlineDescription>
<url>http://gce-lter.marsci.uga.edu/public/app/dataset_details.asp?id=35</url>
</online>
</distribution>
</associatedMaterial>
<associatedMaterial category="data" id="knb-lter-gce.38" date="2001-10-16">
<distribution><online><onlineDescription>PHY-GCEM-0210c2 - October 2001 CTD, PAR, oxygen and chlorophyll profiles for the Georgia Coastal Ecosystems Inner Marsh transect</onlineDescription>
<url>http://gce-lter.marsci.uga.edu/public/app/dataset_details.asp?id=38</url>
</online>
</distribution>
</associatedMaterial>
<associatedMaterial category="data" id="knb-lter-gce.37" date="2001-10-16">
<distribution><online><onlineDescription>PHY-GCEM-0210b2 - October 2001 CTD, PAR, oxygen and chlorophyll profiles for the Georgia Coastal Ecosystems Intracoastal Waterway transect</onlineDescription>
<url>http://gce-lter.marsci.uga.edu/public/app/dataset_details.asp?id=37</url>
</online>
</distribution>
</associatedMaterial>
<associatedMaterial category="data" id="knb-lter-gce.33" date="2001-10-16">
<distribution><online><onlineDescription>PHY-GCEM-0210c1 - October 2001 bin-averaged CTD profiles for the Georgia Coastal Ecosystems Inner Marsh transect</onlineDescription>
<url>http://gce-lter.marsci.uga.edu/public/app/dataset_details.asp?id=33</url>
</online>
</distribution>
</associatedMaterial>
<associatedMaterial category="data" id="knb-lter-gce.32" date="2001-10-16">
<distribution><online><onlineDescription>PHY-GCEM-0210b1 - October 2001 bin-averaged CTD profiles for the Georgia Coastal Ecosystems Intracoastal Waterway transect</onlineDescription>
<url>http://gce-lter.marsci.uga.edu/public/app/dataset_details.asp?id=32</url>
</online>
</distribution>
</associatedMaterial>
<associatedMaterial category="data" id="knb-lter-gce.40" date="2001-10-16">
<distribution><online><onlineDescription>PHY-GCEM-0210e2 - October 2001 CTD, PAR, oxygen and chlorophyll profiles for the Georgia Coastal Ecosystems Altamaha River transect</onlineDescription>
<url>http://gce-lter.marsci.uga.edu/public/app/dataset_details.asp?id=40</url>
</online>
</distribution>
</associatedMaterial>
<associatedMaterial category="data" id="knb-lter-gce.36" date="2001-10-14">
<distribution><online><onlineDescription>PHY-GCEM-0210a2 - October 2001 CTD, PAR, oxygen and chlorophyll profiles for the Georgia Coastal Ecosystems Doboy Sound transect</onlineDescription>
<url>http://gce-lter.marsci.uga.edu/public/app/dataset_details.asp?id=36</url>
</online>
</distribution>
</associatedMaterial>
<associatedMaterial category="data" id="knb-lter-gce.34" date="2001-10-14">
<distribution><online><onlineDescription>PHY-GCEM-0210d1 - October 2001 bin-averaged CTD profiles for the Georgia Coastal Ecosystems Sapelo River transect</onlineDescription>
<url>http://gce-lter.marsci.uga.edu/public/app/dataset_details.asp?id=34</url>
</online>
</distribution>
</associatedMaterial>
<associatedMaterial category="data" id="knb-lter-gce.39" date="2001-10-14">
<distribution><online><onlineDescription>PHY-GCEM-0210d2 - October 2001 CTD, PAR, oxygen and chlorophyll profiles for the Georgia Coastal Ecosystems Sapelo River transect</onlineDescription>
<url>http://gce-lter.marsci.uga.edu/public/app/dataset_details.asp?id=39</url>
</online>
</distribution>
</associatedMaterial>
<associatedMaterial category="data" id="knb-lter-gce.31" date="2001-10-14">
<distribution><online><onlineDescription>PHY-GCEM-0210a1 - October 2001 bin-averaged CTD profiles for the Georgia Coastal Ecosystems Doboy Sound transect</onlineDescription>
<url>http://gce-lter.marsci.uga.edu/public/app/dataset_details.asp?id=31</url>
</online>
</distribution>
</associatedMaterial>
<associatedMaterial category="data" id="knb-lter-gce.11" date="2001-06-05">
<distribution><online><onlineDescription>PHY-GCEM-0111b - Spring 2001 CTD profiles for the Georgia Coastal Ecosystems Intracoastal Waterway transect</onlineDescription>
<url>http://gce-lter.marsci.uga.edu/public/app/dataset_details.asp?id=11</url>
</online>
</distribution>
</associatedMaterial>
<associatedMaterial category="data" id="knb-lter-gce.10" date="2001-06-05">
<distribution><online><onlineDescription>PHY-GCEM-0111a - Spring 2001 CTD profiles for the Georgia Coastal Ecosystems Sapelo River transect</onlineDescription>
<url>http://gce-lter.marsci.uga.edu/public/app/dataset_details.asp?id=10</url>
</online>
</distribution>
</associatedMaterial>
<associatedMaterial category="data" id="knb-lter-gce.16" date="2001-06-05">
<distribution><online><onlineDescription>PHY-GCEM-0205b - Spring 2001 CTD, PAR, oxygen and chlorophyll profiles for the Georgia Coastal Ecosystems Intracoastal Waterway transect</onlineDescription>
<url>http://gce-lter.marsci.uga.edu/public/app/dataset_details.asp?id=16</url>
</online>
</distribution>
</associatedMaterial>
<associatedMaterial category="data" id="knb-lter-gce.15" date="2001-06-05">
<distribution><online><onlineDescription>PHY-GCEM-0205a - Spring 2001 CTD, PAR, oxygen and chlorophyll profiles for the Georgia Coastal Ecosystems Sapelo River transect</onlineDescription>
<url>http://gce-lter.marsci.uga.edu/public/app/dataset_details.asp?id=15</url>
</online>
</distribution>
</associatedMaterial>
<associatedMaterial category="data" id="knb-lter-gce.18" date="2001-06-04">
<distribution><online><onlineDescription>PHY-GCEM-0205d - Spring 2001 CTD, PAR, oxygen and chlorophyll profiles for the Georgia Coastal Ecosystems Altamaha River transect</onlineDescription>
<url>http://gce-lter.marsci.uga.edu/public/app/dataset_details.asp?id=18</url>
</online>
</distribution>
</associatedMaterial>
<associatedMaterial category="data" id="knb-lter-gce.13" date="2001-06-04">
<distribution><online><onlineDescription>PHY-GCEM-0111d - Spring 2001 CTD profiles for the Georgia Coastal Ecosystems Altamaha River transect</onlineDescription>
<url>http://gce-lter.marsci.uga.edu/public/app/dataset_details.asp?id=13</url>
</online>
</distribution>
</associatedMaterial>
<associatedMaterial category="data" id="knb-lter-gce.12" date="2001-06-01">
<distribution><online><onlineDescription>PHY-GCEM-0111c - Spring 2001 CTD profiles for the Georgia Coastal Ecosystems Doboy Sound transect</onlineDescription>
<url>http://gce-lter.marsci.uga.edu/public/app/dataset_details.asp?id=12</url>
</online>
</distribution>
</associatedMaterial>
<associatedMaterial category="data" id="knb-lter-gce.17" date="2001-06-01">
<distribution><online><onlineDescription>PHY-GCEM-0205c - Spring 2001 CTD, PAR, oxygen and chlorophyll profiles for the Georgia Coastal Ecosystems Doboy Sound transect</onlineDescription>
<url>http://gce-lter.marsci.uga.edu/public/app/dataset_details.asp?id=17</url>
</online>
</distribution>
</associatedMaterial>
<associatedMaterial category="image">
<distribution><online><onlineDescription>Figure 1. Empirical orthogonal function (EOF) analysis of salinity variability using 6 spatially separated measurements.</onlineDescription>
<url>http://gce-lter.marsci.uga.edu/public/resources/projects/DiIorioBlantonQ2.png</url>
</online>
</distribution>
</associatedMaterial>
<associatedMaterial category="image">
<distribution><online><onlineDescription>Figure 2. Spatial pattern of the station’s eigenvectors for the 1st mode.</onlineDescription>
<url>http://gce-lter.marsci.uga.edu/public/resources/projects/mode1DiBlantonQ2.png</url>
</online>
</distribution>
</associatedMaterial>
<associatedMaterial category="image">
<distribution><online><onlineDescription>Figure 3. Spatial pattern of the station’s eigenvectors for the 2nd mode.</onlineDescription>
<url>http://gce-lter.marsci.uga.edu/public/resources/projects/mode2DiBlantonQ2.png</url>
</online>
</distribution>
</associatedMaterial>
<associatedMaterial category="image">
<distribution><online><onlineDescription>Table 1. Station eigenvectors</onlineDescription>
<url>http://gce-lter.marsci.uga.edu/public/resources/projects/tableDiBlantonQ2.png</url>
</online>
</distribution>
</associatedMaterial>
</lter:researchProject>