<?xml version="1.0" encoding="UTF-8"?>
<lter:researchProject xmlns:lter="eml://ecoinformatics.org/lter-project-2.1.0" xmlns:xsi="http://www.w3.org/2001/XMLSchema-instance" xsi:schemaLocation="eml://ecoinformatics.org/lter-project-2.1.0 http://gce-lter.marsci.uga.edu/public/files/schemas/project-eml-210/lter-project.xsd" id="knb-lter-gce.p13" scope="system" system="knb">
<shortName>Invasive species</shortName>
<title>Invasive invertebrate species within the GCE</title>
<creator><individualName><salutation>Dr.</salutation>
<givenName>Thomas</givenName>
<givenName>Dale</givenName>
<surName>Bishop</surName>
</individualName>
<organizationName>University of Georgia</organizationName>
<address><deliveryPoint>Dept. of Marine Sciences</deliveryPoint>
<deliveryPoint>University of Georgia</deliveryPoint>
<city>Athens</city>
<administrativeArea>Georgia</administrativeArea>
<postalCode>30602-3636</postalCode>
<country>USA</country>
</address>
<electronicMailAddress>tdbish@sc.rr.com</electronicMailAddress>
<onlineUrl>http://lmer.marsci.uga.edu/bios/bishop.html</onlineUrl>
<userId directory="http://gce-lter.marsci.uga.edu/public/app/personnel_bios.asp?id=dbishop">dbishop</userId>
</creator>
<metadataProvider><organizationName>Georgia Coastal Ecosystems LTER Project</organizationName>
<address><deliveryPoint>Dept. of Marine Sciences</deliveryPoint>
<deliveryPoint>University of Georgia</deliveryPoint>
<city>Athens</city>
<administrativeArea>Georgia</administrativeArea>
<postalCode>30602-3636</postalCode>
<country>USA</country>
</address>
<electronicMailAddress>gcelter@uga.edu</electronicMailAddress>
<onlineUrl>http://gce-lter.marsci.uga.edu/</onlineUrl>
</metadataProvider>
<associatedParty><individualName><salutation>Dr.</salutation>
<givenName>Thomas</givenName>
<givenName>Dale</givenName>
<surName>Bishop</surName>
</individualName>
<organizationName>University of Georgia</organizationName>
<address><deliveryPoint>Dept. of Marine Sciences</deliveryPoint>
<deliveryPoint>University of Georgia</deliveryPoint>
<city>Athens</city>
<administrativeArea>Georgia</administrativeArea>
<postalCode>30602-3636</postalCode>
<country>USA</country>
</address>
<electronicMailAddress>tdbish@sc.rr.com</electronicMailAddress>
<onlineUrl>http://lmer.marsci.uga.edu/bios/bishop.html</onlineUrl>
<userId directory="http://gce-lter.marsci.uga.edu/public/app/personnel_bios.asp?id=dbishop">dbishop</userId>
<role>Principal investigator</role>
</associatedParty>
<associatedParty><individualName><salutation>Dr.</salutation>
<givenName>Clay</givenName>
<givenName>L.</givenName>
<surName>Montague</surName>
</individualName>
<organizationName>University of Florida</organizationName>
<address><deliveryPoint>University of Florida</deliveryPoint>
</address>
<electronicMailAddress>montague@ufl.edu</electronicMailAddress>
<userId directory="http://gce-lter.marsci.uga.edu/public/app/personnel_bios.asp?id=cmontague">cmontague</userId>
<role>Affiliated investigator</role>
</associatedParty>
<associatedParty><individualName><salutation>Dr.</salutation>
<givenName>Ronald</givenName>
<givenName>T.</givenName>
<surName>Kneib</surName>
</individualName>
<organizationName>University of Georgia Marine Institute</organizationName>
<address><deliveryPoint>University of Georgia Marine Institute</deliveryPoint>
<city>Sapelo Island</city>
<administrativeArea>Georgia</administrativeArea>
<postalCode>31327</postalCode>
<country>USA</country>
</address>
<userId directory="http://gce-lter.marsci.uga.edu/public/app/personnel_bios.asp?id=rkneib">rkneib</userId>
<role>Affiliated investigator</role>
</associatedParty>
<associatedParty><individualName><givenName>Jacob</givenName>
<surName>Shalack</surName>
</individualName>
<organizationName>University of Georgia Marine Institute</organizationName>
<address><deliveryPoint>University of Georgia Marine Institute</deliveryPoint>
<city>Sapelo Island</city>
<administrativeArea>Georgia</administrativeArea>
<postalCode>31327</postalCode>
<country>USA</country>
</address>
<electronicMailAddress>shalack@uga.edu</electronicMailAddress>
<userId directory="http://gce-lter.marsci.uga.edu/public/app/personnel_bios.asp?id=jshalack">jshalack</userId>
<role>Research technician</role>
</associatedParty>
<pubDate>2010</pubDate>
<abstract><section><title>Overview</title>
<para>D. Bishop has been monitoring oyster reef crab populations in the Duplin River annually since 2002.  One decapod crustacean found in this survey, Petrolisthes armatus (the green porcelain crab), is an invasive species that has expanded its range from Indian River, FL to as far north as South Carolina since 1999. From 2003 to 2004, the number of P. armatus as a proportion of the three most common reef crabs increased from 6% to 60%. Over the same period, the percentage of flat-backed mud crabs (Eurypanopeus depressus) decreased from 77% to 18%. This shift may have resulted from competition for space as both are crabs are found in the upper interstices of oyster reefs. Moreover, P. armatus is a filter feeder and may compete with oysters for food resources.</para>
<para>Several other crab species have been added to the growing list of non-native species within the Georgia domain: both the spotted mangrove crab (Goniopsis cruentata) and the Caribbean mud fiddler (Uca thayeri thayeri) were collected from the Duplin River in 2008.  These new collections were made in collaboration with C. Montague (UF), R. Kneib (UGA) and J. Shalack.  </para>
<para>An additional project, conducted in conjunction with SINERR and UGA Marine Extension, was design to assess the occurrence of the invasive green mussel, Perna viridis, in Georgia estuaries (in conjunction with SINERR and UGA Marine Extension) was concluded in 2005. No significant populations were found at the sample sites monitored in the Savannah, Altamaha or Satilla Rivers. Although established populations continue to be found in the near shore region, significant invasion of the estuaries has not occurred.</para>
</section>
<section><title>Associated GCE LTER research questions</title>
<para>Question 2: How do the spatial and temporal patterns of biogeochemical processes, primary production, community dynamics, decomposition, and disturbance vary across the estuarine landscape, and how do they relate to environmental gradients? (<ulink url="http://gce-lter.marsci.uga.edu/public/research/gce2_q2.asp">more information</ulink>)</para>
</section>
</abstract>
<keywordSet name="organization">
<keyword>LTER</keyword>
<keyword>NSF</keyword>
</keywordSet>
<keywordSet name="place">
<keyword>Altamaha River</keyword>
<keyword>Georgia</keyword>
<keyword>Satilla River</keyword>
<keyword>Savannah River</keyword>
</keywordSet>
<keywordSet name="site">
<keyword>GCE</keyword>
</keywordSet>
<keywordSet name="taxonomic">
<keyword>Eurypanopeus depressus</keyword>
<keyword>Goniopsis cruentata</keyword>
<keyword>oyster reef crab</keyword>
<keyword>Perna viridis</keyword>
<keyword>Petrolisthes armatus</keyword>
<keyword>Uca thayeri thayeri</keyword>
</keywordSet>
<keywordSet name="theme">
<keyword>invasive species</keyword>
<keyword>population</keyword>
</keywordSet>
<coverage><geographicCoverage><geographicDescription>Overall geographic extent of the research project</geographicDescription>
<boundingCoordinates><westBoundingCoordinate>-81.493498</westBoundingCoordinate>
<eastBoundingCoordinate>-81.195661</eastBoundingCoordinate>
<northBoundingCoordinate>31.552554</northBoundingCoordinate>
<southBoundingCoordinate>31.304063</southBoundingCoordinate>
</boundingCoordinates>
</geographicCoverage>
<temporalCoverage><ongoing><beginDate><calendarDate>2002-01-01</calendarDate>
</beginDate>
</ongoing>
</temporalCoverage>
</coverage>
<funding><section><para>National Science Foundation grant numbers OCE-9982133 and OCE-0620959</para>
</section>
</funding>
<studyAreaDescription><descriptor name="hydrology" citableClassificationSystem="false">
<descriptorValue>estuary marsh complex</descriptorValue>
</descriptor>
<coverage><geographicCoverage><geographicDescription>Eulonia - Transitional salt marsh/upland forest site at the upper reach of the Sapelo River near Eulonia, Georgia. The main marsh area is to the north of the channel where the upland is controlled by DNR. Several small creeks lie within the study area.  Residential development is increasing on the upland areas south of the channel. A hydrographic sonde is deployed within this site attached to a private dock to the south of the main channel near the HW-17 bridge.</geographicDescription>
<boundingCoordinates><westBoundingCoordinate>-81.428481</westBoundingCoordinate>
<eastBoundingCoordinate>-81.410732</eastBoundingCoordinate>
<northBoundingCoordinate>31.546750</northBoundingCoordinate>
<southBoundingCoordinate>31.533963</southBoundingCoordinate>
</boundingCoordinates>
</geographicCoverage>
<geographicCoverage><geographicDescription>Hunt Camp - Barrier island/marsh site on western Sapelo Island.  This site is located at the upper reaches of the Duplin River, and is within the Sapelo Island National Estuarine Research Reserve. Existing well fields border small marsh area to northwest, some wells have been installed to south end of hammock where marsh is more extensive and permanent plots are located. Two existing hydrographic sondes and weather stations within this site are operated by SINERR (Hunt Camp dock) and UGAMI (flume dock).</geographicDescription>
<boundingCoordinates><westBoundingCoordinate>-81.295506</westBoundingCoordinate>
<eastBoundingCoordinate>-81.258908</eastBoundingCoordinate>
<northBoundingCoordinate>31.497026</northBoundingCoordinate>
<southBoundingCoordinate>31.462320</southBoundingCoordinate>
</boundingCoordinates>
</geographicCoverage>
<geographicCoverage><geographicDescription>Four Mile Island - Low salt marsh/estuary site encompassing the southwestern end of Four Mile Island and the Sapelo River near Sapelo Sound. The large island is totally marsh, with no upland, and no development. Nearby areas, like "Sutherland Bluff", are developing with golf courses. A hydrographic sonde is deployed within this site attached to channel marker 4 (under U.S. Coast Guard permit). Salinity regime is similar to seawater.</geographicDescription>
<boundingCoordinates><westBoundingCoordinate>-81.318961</westBoundingCoordinate>
<eastBoundingCoordinate>-81.292844</eastBoundingCoordinate>
<northBoundingCoordinate>31.552554</northBoundingCoordinate>
<southBoundingCoordinate>31.533604</southBoundingCoordinate>
</boundingCoordinates>
</geographicCoverage>
<geographicCoverage><geographicDescription>North Sapelo - High salinity marsh/Sapelo Sound site.  Few or no small creeks, but one large creek is easily accessed. Further upstream upland drainage is affected by culvert at Reynolds' duck pond. Upland is heavily forested. Hydrographic sonde is deployed adjacent to this site attached to a channel marker (under U.S. Coast Guard permit). A huge mud flat is present at the northern tip of Sapelo Island.</geographicDescription>
<boundingCoordinates><westBoundingCoordinate>-81.233249</westBoundingCoordinate>
<eastBoundingCoordinate>-81.195661</eastBoundingCoordinate>
<northBoundingCoordinate>31.546868</northBoundingCoordinate>
<southBoundingCoordinate>31.515188</southBoundingCoordinate>
</boundingCoordinates>
</geographicCoverage>
<geographicCoverage><geographicDescription>Meridian - Inland marsh and tidal creek site near Meridian, Georgia. The primary marsh site is to the south of the dock in front of the Sapelo Island Visitor Center. Some small creeks and one large creek (Hudson Creek) are present. Upland is heavily forested. Marsh to the north of the dock can be used for additional studies if larger areas are required. Upland to the North is being developed for residential use, so future access is uncertain. The USGS super station site (weather station plus multiple-sensor sonde) is deployed off the ferry dock. Salinity is similar to seawater because there is little freshwater input from the upland.</geographicDescription>
<boundingCoordinates><westBoundingCoordinate>-81.370752</westBoundingCoordinate>
<eastBoundingCoordinate>-81.357256</eastBoundingCoordinate>
<northBoundingCoordinate>31.463533</northBoundingCoordinate>
<southBoundingCoordinate>31.448419</southBoundingCoordinate>
</boundingCoordinates>
</geographicCoverage>
<geographicCoverage><geographicDescription>Folly River - Salt marsh/tidal creek site at the Folly River near Doboy Sound.  No upland areas present. The north side of Doboy Sound immediately opposite is similar, but creeks are not as nice. No existing markers are close enough for sonde deployment, so we will initially use the existing sonde at Marsh Landing operated by UGAMI for surrogate hydrographic data.</geographicDescription>
<boundingCoordinates><westBoundingCoordinate>-81.354413</westBoundingCoordinate>
<eastBoundingCoordinate>-81.327201</eastBoundingCoordinate>
<northBoundingCoordinate>31.442538</northBoundingCoordinate>
<southBoundingCoordinate>31.417640</southBoundingCoordinate>
</boundingCoordinates>
</geographicCoverage>
<geographicCoverage><geographicDescription>Dean Creek - Doboy Sound/salt marsh site at the southern end of Sapelo Island near Dean Creek and the Sapelo lighthouse.  A few small creeks are present, but a large creek (Dean Creek) is easily accessed. Upland is composed of small hammocks and some constructed causeways, with sand dune complexes east of Dean Creek and extending to the beach. Upper end of the watershed is affected by a culvert at Beach Road and heavy student use of marsh immediately adjacent to culvert. A hydrographic sonde is deployed in Doboy Sound near Commodore Island approximately 1.5km from this site. GCE6 is also the focus of Sapelo Island Microbial Observatory research on microbial diversity  and  genomics (http://simo.marsci.uga.edu)</geographicDescription>
<boundingCoordinates><westBoundingCoordinate>-81.299522</westBoundingCoordinate>
<eastBoundingCoordinate>-81.264378</eastBoundingCoordinate>
<northBoundingCoordinate>31.394072</northBoundingCoordinate>
<southBoundingCoordinate>31.371003</southBoundingCoordinate>
</boundingCoordinates>
</geographicCoverage>
<geographicCoverage><geographicDescription>Carrs Island - Freshwater marsh site along the northern bank of Hammersmith Creek at the south end of Carrs Island. Upland area is heavily forested. Northern 3/4 of the island was diked for rice agriculture, but the southern 1/4 is undisturbed. A hydrographic sonde is deployed in the Altamaha River near Hammersmith Creek, adjacent to this site.</geographicDescription>
<boundingCoordinates><westBoundingCoordinate>-81.493498</westBoundingCoordinate>
<eastBoundingCoordinate>-81.475900</eastBoundingCoordinate>
<northBoundingCoordinate>31.348774</northBoundingCoordinate>
<southBoundingCoordinate>31.334364</southBoundingCoordinate>
</boundingCoordinates>
</geographicCoverage>
<geographicCoverage><geographicDescription>Alligator Creek - Mid-estuary/salt marsh site on the west side of Friday Cap Creek along the Altamaha River. This is a brackish marsh with salinities around 14 PSU during drought, less than 5 PSU normally. A hydrographic sonde is deployed adjacent to this site in the Altamaha River near Alligator Creek, attached to the US Coast Guard Daymarker 2 pilings.</geographicDescription>
<boundingCoordinates><westBoundingCoordinate>-81.426272</westBoundingCoordinate>
<eastBoundingCoordinate>-81.410634</eastBoundingCoordinate>
<northBoundingCoordinate>31.317808</northBoundingCoordinate>
<southBoundingCoordinate>31.304063</southBoundingCoordinate>
</boundingCoordinates>
</geographicCoverage>
<geographicCoverage><geographicDescription>Rockdedundy Island - Lower estuary tidal creek and marsh site at Rockdedundy Island west of Wolf Island. A hydrographic sonde is deployed approximately 2km from this site in the Altamaha River near Rockdedundy Island, attached to the US Coast Guard Daymarker 201 pilings.</geographicDescription>
<boundingCoordinates><westBoundingCoordinate>-81.346730</westBoundingCoordinate>
<eastBoundingCoordinate>-81.326495</eastBoundingCoordinate>
<northBoundingCoordinate>31.358142</northBoundingCoordinate>
<southBoundingCoordinate>31.339173</southBoundingCoordinate>
</boundingCoordinates>
</geographicCoverage>
</coverage>
</studyAreaDescription>
<associatedMaterial category="publication" id="gce.373" date="2006">
<distribution><offline><mediumName>Seay, J.E., Bishop, T.D. and Tilburg, C.E. 2006. Poster: Spatial and temporal variations of Porcelain Crab larval abundance in a Georgia Estuary. Southeastern Estuarine Research Society Fall 2006 Meeting, 19 October - 21 October 2006, Savannah, Georgia.</mediumName>
</offline>
</distribution>
</associatedMaterial>
<associatedMaterial category="publication" id="gce.212" date="2004">
<distribution><online><onlineDescription>Shalack, J. and Bishop, T.D. 2004. Poster:  Spatial and temporal variability in recruitment of decapod megalopae in the Duplin River, Georgia. Semiannual Meeting of the Southeastern Estuarine Research Society. Invertebrates - Poster Session. Southeastern Estuarine Research Society, 15-17 April 2004, Ft. Pierce, FL.</onlineDescription>
<url>http://gce-lter.marsci.uga.edu/public/files/pubs/Shalack_SEERS_Duplex_Crabs_Apr04_revised.pdf</url>
</online>
</distribution>
</associatedMaterial>
<associatedMaterial category="publication" id="gce.142" date="2003">
<distribution><offline><mediumName>Bishop, T.D., Hurley, D. and Alber, M. 2003. Presentation:  An inventory of the macroinvertebrate fauna of oyster reefs in the Duplin River, Georgia, with emphasis on non-indigenous species occurrence. 2003 Estuarine Research Federation meeting. Sept. 14-18, 2003, Seattle, WA.</mediumName>
</offline>
</distribution>
</associatedMaterial>
<associatedMaterial category="publication" id="gce.148" date="2003">
<distribution><offline><mediumName>Ogburn, M.B., Bishop, T.D. and Alber, M. 2003. Poster:  Population dynamics of two salt marsh snails in three Georgia estuaries. Southeastern Estuarine Research Society meeting. March 2003, Atlantic Beach, NC.</mediumName>
</offline>
</distribution>
</associatedMaterial>
<associatedMaterial category="publication" id="gce.196" date="2003">
<distribution><offline><mediumName>Bishop, T.D. 2003. Presentation:  Invasive biology and status of the green porcelain crab (Petrolisthes armatus) in Georgia waters. South Georgia Invasive Species Workshop, sponsored by The Nature Conservancy and Sapelo Island National Estuarine Research Reserve. October 2003, Brunswick, GA.</mediumName>
</offline>
</distribution>
</associatedMaterial>
<associatedMaterial category="publication" id="gce.197" date="2003">
<distribution><offline><mediumName>Alber, M., Cronin, T., Giblin, A., Howarth, R., Jay, D., Justic, D., Kimmerer, W., Montagna, P., Knowles, N., Najjar, R., Peterson, B., Scavia, D., Ulanowicz, D. and Walker, H. 2003. Presentation:  Effects of climate-induced changes of freshwater inflow on estuaries: Report of the ERF biocomplexity working group. 2003 Estuarine Research Federation meeting. September 2003, Seattle, WA.</mediumName>
</offline>
</distribution>
</associatedMaterial>
<associatedMaterial category="publication" id="gce.199" date="2003">
<distribution><offline><mediumName>Bishop, T.D. and Hurley, D. 2003. Poster:  The non-indigenous porcelain crab, Petrolisthes armatus:  population trends in the Sapelo Island National Estuarine Research Reserve. National Estuarine Research Reserve System / National Estuarine Research Reserve Association Annual Meeting. October 2003, Charleston, S.C.</mediumName>
</offline>
</distribution>
</associatedMaterial>
<associatedMaterial category="publication" id="gce.202" date="2003">
<distribution><offline><mediumName>Bishop, T.D. and Hurley, D. 2003. Poster:  The non-indigenous porcelain crab, Petrolisthes armatus:  population trends in the Sapelo Island National Estuarine Research Reserve. 2003 Estuarine Research Federation meeting. September 2003, Seattle, WA.</mediumName>
</offline>
</distribution>
</associatedMaterial>
<associatedMaterial category="publication" id="gce.58" date="2001">
<distribution><offline><mediumName>Alber, M. 2001. Presentation:  Understanding freshwater inflow to Georgia estuaries: from science to policy. 2001 Estuarine Research Federation Meeting. Estuarine Research Federation, St. Pete Beach, Florida.</mediumName>
</offline>
</distribution>
</associatedMaterial>
<associatedMaterial category="data" id="knb-lter-gce.308" date="2008-10-28">
<distribution><online><onlineDescription>INV-GCEM-0811 - Fall 2008 crab population monitoring: mid-marsh and creek bank abundance based on crab hole counts at GCE marsh, monitoring sites 1-10</onlineDescription>
<url>http://gce-lter.marsci.uga.edu/public/app/dataset_details.asp?id=308</url>
</online>
</distribution>
</associatedMaterial>
<associatedMaterial category="data" id="knb-lter-gce.314" date="2008-10-28">
<distribution><online><onlineDescription>INV-GCEM-0812a1 - Mollusc population abundance monitoring: Fall 2008 mid-marsh and creekbank infaunal and epifaunal mollusc abundance based on collections from GCE marsh, monitoring sites 1-10</onlineDescription>
<url>http://gce-lter.marsci.uga.edu/public/app/dataset_details.asp?id=314</url>
</online>
</distribution>
</associatedMaterial>
<associatedMaterial category="data" id="knb-lter-gce.315" date="2008-10-28">
<distribution><online><onlineDescription>INV-GCEM-0812a2 - Mollusc population size distribution monitoring: Fall 2008 mid-marsh and creekbank infaunal and epifaunal mollusc size distributions based on collections from GCE marsh monitoring sites 1-10</onlineDescription>
<url>http://gce-lter.marsci.uga.edu/public/app/dataset_details.asp?id=315</url>
</online>
</distribution>
</associatedMaterial>
<associatedMaterial category="data" id="knb-lter-gce.310" date="2007-10-24">
<distribution><online><onlineDescription>INV-GCEM-0804a2 - Mollusc population size distribution monitoring: Fall 2007 mid-marsh and creekbank infaunal and epifaunal mollusc size distributions based on collections from GCE marsh monitoring sites 1-10</onlineDescription>
<url>http://gce-lter.marsci.uga.edu/public/app/dataset_details.asp?id=310</url>
</online>
</distribution>
</associatedMaterial>
<associatedMaterial category="data" id="knb-lter-gce.306" date="2007-10-24">
<distribution><online><onlineDescription>INV-GCEM-0804a1 - Mollusc population abundance monitoring: Fall 2007 mid-marsh and creekbank infaunal and epifaunal mollusc abundance based on collections from GCE marsh, monitoring sites 1-10</onlineDescription>
<url>http://gce-lter.marsci.uga.edu/public/app/dataset_details.asp?id=306</url>
</online>
</distribution>
</associatedMaterial>
<associatedMaterial category="data" id="knb-lter-gce.307" date="2007-10-24">
<distribution><online><onlineDescription>INV-GCEM-0804b - Fall 2007 crab population monitoring: mid-marsh and creek bank abundance based on crab hole counts at GCE marsh, monitoring sites 1-10</onlineDescription>
<url>http://gce-lter.marsci.uga.edu/public/app/dataset_details.asp?id=307</url>
</online>
</distribution>
</associatedMaterial>
<associatedMaterial category="data" id="knb-lter-gce.298" date="2006-10-18">
<distribution><online><onlineDescription>INV-GCEM-0705b - Fall 2006 crab population monitoring: mid-marsh and creek bank abundance based on crab hole counts at GCE marsh, monitoring sites 1-10</onlineDescription>
<url>http://gce-lter.marsci.uga.edu/public/app/dataset_details.asp?id=298</url>
</online>
</distribution>
</associatedMaterial>
<associatedMaterial category="data" id="knb-lter-gce.299" date="2006-10-18">
<distribution><online><onlineDescription>INV-GCEM-0705c1 - Mollusc population abundance monitoring: Fall 2006 mid-marsh and creekbank infaunal and epifaunal mollusc abundance based on collections from GCE marsh, monitoring sites 1-10</onlineDescription>
<url>http://gce-lter.marsci.uga.edu/public/app/dataset_details.asp?id=299</url>
</online>
</distribution>
</associatedMaterial>
<associatedMaterial category="data" id="knb-lter-gce.300" date="2006-10-18">
<distribution><online><onlineDescription>INV-GCEM-0705c2 - Mollusc population size distribution monitoring: Fall 2006 mid-marsh and creekbank infaunal and epifaunal mollusc size distributions based on collections from GCE marsh, monitoring sites 1-10</onlineDescription>
<url>http://gce-lter.marsci.uga.edu/public/app/dataset_details.asp?id=300</url>
</online>
</distribution>
</associatedMaterial>
<associatedMaterial category="data" id="knb-lter-gce.293" date="2005-10-28">
<distribution><online><onlineDescription>INV-GCEM-0704a2 - Mollusc population size distribution monitoring: Fall 2005 mid-marsh and creekbank infaunal and epifaunal mollusc size distributions based on collections from GCE marsh, monitoring sites 1-10</onlineDescription>
<url>http://gce-lter.marsci.uga.edu/public/app/dataset_details.asp?id=293</url>
</online>
</distribution>
</associatedMaterial>
<associatedMaterial category="data" id="knb-lter-gce.292" date="2005-10-28">
<distribution><online><onlineDescription>INV-GCEM-0704a1 - Mollusc population abundance monitoring: Fall 2005 mid-marsh and creekbank infaunal and epifaunal mollusc abundance based on collections from GCE marsh, monitoring sites 1-10</onlineDescription>
<url>http://gce-lter.marsci.uga.edu/public/app/dataset_details.asp?id=292</url>
</online>
</distribution>
</associatedMaterial>
<associatedMaterial category="data" id="knb-lter-gce.265" date="2005-10-28">
<distribution><online><onlineDescription>INV-GCEM-0511 - Fall 2005 crab population monitoring: mid-marsh and creek bank abundance based on crab hole counts at GCE marsh, monitoring sites 1-9</onlineDescription>
<url>http://gce-lter.marsci.uga.edu/public/app/dataset_details.asp?id=265</url>
</online>
</distribution>
</associatedMaterial>
<associatedMaterial category="data" id="knb-lter-gce.227" date="2004-10-27">
<distribution><online><onlineDescription>INV-GCEM-0411b - Fall 2004 crab population monitoring: mid-marsh and creekbank abundance based on crab hole counts at GCE marsh, monitoring sites 1-10</onlineDescription>
<url>http://gce-lter.marsci.uga.edu/public/app/dataset_details.asp?id=227</url>
</online>
</distribution>
</associatedMaterial>
<associatedMaterial category="data" id="knb-lter-gce.297" date="2004-10-27">
<distribution><online><onlineDescription>INV-GCEM-0705a1 - Mollusc population abundance monitoring: Fall 2004 mid-marsh and creekbank infaunal and epifaunal mollusc abundance based on collections from GCE marsh, monitoring sites 1-10</onlineDescription>
<url>http://gce-lter.marsci.uga.edu/public/app/dataset_details.asp?id=297</url>
</online>
</distribution>
</associatedMaterial>
<associatedMaterial category="data" id="knb-lter-gce.296" date="2004-10-27">
<distribution><online><onlineDescription>INV-GCEM-0705a2 - Mollusc population size distribution monitoring: Fall 2004 mid-marsh and creekbank infaunal and epifaunal mollusc size distributions based on collections from GCE marsh, monitoring sites 1-10</onlineDescription>
<url>http://gce-lter.marsci.uga.edu/public/app/dataset_details.asp?id=296</url>
</online>
</distribution>
</associatedMaterial>
<associatedMaterial category="data" id="knb-lter-gce.295" date="2004-05-12">
<distribution><online><onlineDescription>INV-GCEM-0704b2 - Mollusc population size distribution monitoring: Spring 2004 mid-marsh and creekbank infaunal and epifaunal mollusc size distributions based on collections from GCE marsh, monitoring sites 1-10</onlineDescription>
<url>http://gce-lter.marsci.uga.edu/public/app/dataset_details.asp?id=295</url>
</online>
</distribution>
</associatedMaterial>
<associatedMaterial category="data" id="knb-lter-gce.226" date="2004-05-12">
<distribution><online><onlineDescription>INV-GCEM-0411a - Spring 2004 crab population monitoring: mid-marsh and creekbank abundance based on crab hole counts at GCE marsh, monitoring sites 1-10</onlineDescription>
<url>http://gce-lter.marsci.uga.edu/public/app/dataset_details.asp?id=226</url>
</online>
</distribution>
</associatedMaterial>
<associatedMaterial category="data" id="knb-lter-gce.294" date="2004-05-12">
<distribution><online><onlineDescription>INV-GCEM-0704b1 - Mollusc population abundance monitoring: Spring 2004 mid-marsh and creekbank infaunal and epifaunal mollusc abundance based on collections from GCE marsh, monitoring sites 1-10</onlineDescription>
<url>http://gce-lter.marsci.uga.edu/public/app/dataset_details.asp?id=294</url>
</online>
</distribution>
</associatedMaterial>
<associatedMaterial category="data" id="knb-lter-gce.236" date="2003-10-21">
<distribution><online><onlineDescription>INV-GCEM-0502a1 - Mollusc population abundance monitoring: Fall 2003 mid-marsh and creekbank infaunal and epifaunal mollusc abundance based on collections from GCE marsh, monitoring sites 1-10</onlineDescription>
<url>http://gce-lter.marsci.uga.edu/public/app/dataset_details.asp?id=236</url>
</online>
</distribution>
</associatedMaterial>
<associatedMaterial category="data" id="knb-lter-gce.181" date="2003-10-21">
<distribution><online><onlineDescription>INV-GCEM-0401 - Fall 2003 crab population monitoring: mid-marsh and creekbank abundance based on crab hole counts at GCE marsh, monitoring sites 1-10</onlineDescription>
<url>http://gce-lter.marsci.uga.edu/public/app/dataset_details.asp?id=181</url>
</online>
</distribution>
</associatedMaterial>
<associatedMaterial category="data" id="knb-lter-gce.237" date="2003-10-21">
<distribution><online><onlineDescription>INV-GCEM-0502a2 - Mollusc population size distribution monitoring: Fall 2003 mid-marsh and creekbank infaunal and epifaunal mollusc size distributions based on collections from GCE marsh, monitoring sites 1-10</onlineDescription>
<url>http://gce-lter.marsci.uga.edu/public/app/dataset_details.asp?id=237</url>
</online>
</distribution>
</associatedMaterial>
<associatedMaterial category="data" id="knb-lter-gce.234" date="2003-05-16">
<distribution><online><onlineDescription>INV-GCEM-0501a1 - Mollusc population abundance monitoring: Spring 2003 mid-marsh and creekbank infaunal and epifaunal mollusc abundance based on collections from GCE marsh, monitoring sites 1-10</onlineDescription>
<url>http://gce-lter.marsci.uga.edu/public/app/dataset_details.asp?id=234</url>
</online>
</distribution>
</associatedMaterial>
<associatedMaterial category="data" id="knb-lter-gce.108" date="2003-05-16">
<distribution><online><onlineDescription>INV-GCEM-0305 - Spring 2003 crab population monitoring: mid-marsh and creekbank abundance based on crab hole counts at GCE marsh, monitoring sites 1-10</onlineDescription>
<url>http://gce-lter.marsci.uga.edu/public/app/dataset_details.asp?id=108</url>
</online>
</distribution>
</associatedMaterial>
<associatedMaterial category="data" id="knb-lter-gce.235" date="2003-05-16">
<distribution><online><onlineDescription>INV-GCEM-0501a2 - Mollusc population size distribution monitoring: Spring 2003 mid-marsh and creekbank infaunal and epifaunal mollusc size distributions based on collections from GCE marsh, monitoring sites 1-10</onlineDescription>
<url>http://gce-lter.marsci.uga.edu/public/app/dataset_details.asp?id=235</url>
</online>
</distribution>
</associatedMaterial>
<associatedMaterial category="data" id="knb-lter-gce.233" date="2002-10-20">
<distribution><online><onlineDescription>INV-GCEM-0412b2 - Mollusc population size distribution monitoring: Fall 2002 mid-marsh and creekbank infaunal and epifaunal mollusc size distributions based on collections from GCE marsh, monitoring sites 1-10</onlineDescription>
<url>http://gce-lter.marsci.uga.edu/public/app/dataset_details.asp?id=233</url>
</online>
</distribution>
</associatedMaterial>
<associatedMaterial category="data" id="knb-lter-gce.25" date="2002-10-20">
<distribution><online><onlineDescription>INV-GCEM-0210c - Crab population monitoring:  Fall 2002 mid-marsh and creekbank crab abundances based on hole counts at GCE marsh, monitoring sites 1-10</onlineDescription>
<url>http://gce-lter.marsci.uga.edu/public/app/dataset_details.asp?id=25</url>
</online>
</distribution>
</associatedMaterial>
<associatedMaterial category="data" id="knb-lter-gce.232" date="2002-10-20">
<distribution><online><onlineDescription>INV-GCEM-0412b1 - Mollusc population abundance monitoring: Fall 2002 mid-marsh and creekbank infaunal and epifaunal mollusc abundance based on collections from GCE marsh, monitoring sites 1-10</onlineDescription>
<url>http://gce-lter.marsci.uga.edu/public/app/dataset_details.asp?id=232</url>
</online>
</distribution>
</associatedMaterial>
<associatedMaterial category="data" id="knb-lter-gce.228" date="2002-06-07">
<distribution><online><onlineDescription>INV-GCEM-0412a1 - Mollusc population abundance monitoring: Spring 2002 mid-marsh and creekbank infaunal and epifaunal mollusc abundance based on collections from GCE marsh, monitoring sites 1-10</onlineDescription>
<url>http://gce-lter.marsci.uga.edu/public/app/dataset_details.asp?id=228</url>
</online>
</distribution>
</associatedMaterial>
<associatedMaterial category="data" id="knb-lter-gce.24" date="2002-06-07">
<distribution><online><onlineDescription>INV-GCEM-0210b - Crab population monitoring:  Spring 2002 mid-marsh and creekbank crab abundances based on hole counts at GCE marsh, monitoring sites 1-10</onlineDescription>
<url>http://gce-lter.marsci.uga.edu/public/app/dataset_details.asp?id=24</url>
</online>
</distribution>
</associatedMaterial>
<associatedMaterial category="data" id="knb-lter-gce.229" date="2002-06-07">
<distribution><online><onlineDescription>INV-GCEM-0412a2 - Mollusc population size distribution monitoring: Spring 2002 mid-marsh and creekbank infaunal and epifaunal mollusc size distributions based on collections from GCE marsh, monitoring sites 1-10</onlineDescription>
<url>http://gce-lter.marsci.uga.edu/public/app/dataset_details.asp?id=229</url>
</online>
</distribution>
</associatedMaterial>
<associatedMaterial category="data" id="knb-lter-gce.23" date="2001-10-15">
<distribution><online><onlineDescription>INV-GCEM-0210a - Crab population monitoring:  Fall 2001 mid-marsh and creekbank crab abundances based on hole counts at GCE marsh, monitoring sites 1-10</onlineDescription>
<url>http://gce-lter.marsci.uga.edu/public/app/dataset_details.asp?id=23</url>
</online>
</distribution>
</associatedMaterial>
<associatedMaterial category="data" id="knb-lter-gce.75" date="2001-10-15">
<distribution><online><onlineDescription>INV-GCEM-0301b - Mollusc population size distribution monitoring:  Fall 2001 mid-marsh and creekbank infaunal and epifaunal mollusc size distributions based on collections from GCE marsh, monitoring sites 1-10</onlineDescription>
<url>http://gce-lter.marsci.uga.edu/public/app/dataset_details.asp?id=75</url>
</online>
</distribution>
</associatedMaterial>
<associatedMaterial category="data" id="knb-lter-gce.30" date="2001-10-15">
<distribution><online><onlineDescription>INV-GCEM-0301a - Mollusc population abundance monitoring: Fall 2001 mid-marsh and creekbank infaunal and epifaunal mollusc abundance based on collections from GCE marsh, monitoring sites 1-10</onlineDescription>
<url>http://gce-lter.marsci.uga.edu/public/app/dataset_details.asp?id=30</url>
</online>
</distribution>
</associatedMaterial>
<associatedMaterial category="data" id="knb-lter-gce.130" date="2001-05-18">
<distribution><online><onlineDescription>INV-GCEM-0305b2 - Mollusc population size distribution monitoring:  Spring 2001 mid-marsh and creekbank infaunal and epifaunal mollusc size distributions based on collections from GCE marsh, monitoring sites 1-10</onlineDescription>
<url>http://gce-lter.marsci.uga.edu/public/app/dataset_details.asp?id=130</url>
</online>
</distribution>
</associatedMaterial>
<associatedMaterial category="data" id="knb-lter-gce.129" date="2001-05-18">
<distribution><online><onlineDescription>INV-GCEM-0305b1 - Mollusc population abundance monitoring: Spring 2001 mid-marsh and creekbank infaunal and epifaunal mollusc abundance based on collections from GCE marsh, monitoring sites 1-10</onlineDescription>
<url>http://gce-lter.marsci.uga.edu/public/app/dataset_details.asp?id=129</url>
</online>
</distribution>
</associatedMaterial>
<associatedMaterial category="data" id="knb-lter-gce.20" date="2001-05-18">
<distribution><online><onlineDescription>INV-GCEM-0209 - Crab population monitoring:  Spring 2001 mid-marsh and creekbank crab abundances based on hole counts at GCE marsh, monitoring sites 1-10</onlineDescription>
<url>http://gce-lter.marsci.uga.edu/public/app/dataset_details.asp?id=20</url>
</online>
</distribution>
</associatedMaterial>
<associatedMaterial category="data" id="knb-lter-gce.110" date="2000-10-30">
<distribution><online><onlineDescription>INV-GCEM-0305a2 - Mollusc population size distribution monitoring: Fall 2000 mid-marsh and creekbank infaunal and epifaunal mollusc size distributions based on collections from GCE marsh, monitoring sites 1-10</onlineDescription>
<url>http://gce-lter.marsci.uga.edu/public/app/dataset_details.asp?id=110</url>
</online>
</distribution>
</associatedMaterial>
<associatedMaterial category="data" id="knb-lter-gce.109" date="2000-10-30">
<distribution><online><onlineDescription>INV-GCEM-0305a1 - Mollusc population abundance monitoring: Fall 2000 mid-marsh and creekbank infaunal and epifaunal mollusc abundance based on collections from GCE marsh, monitoring sites 1-10</onlineDescription>
<url>http://gce-lter.marsci.uga.edu/public/app/dataset_details.asp?id=109</url>
</online>
</distribution>
</associatedMaterial>
</lter:researchProject>