<?xml version="1.0" encoding="UTF-8"?>
<lter:researchProject xmlns:lter="eml://ecoinformatics.org/lter-project-2.1.0" xmlns:xsi="http://www.w3.org/2001/XMLSchema-instance" xsi:schemaLocation="eml://ecoinformatics.org/lter-project-2.1.0 http://gce-lter.marsci.uga.edu/public/files/schemas/project-eml-210/lter-project.xsd" id="knb-lter-gce.p56" scope="system" system="knb">
<shortName>Genetic structure across the GCE domain</shortName>
<title>Genetic structure across the GCE domain</title>
<creator><individualName><salutation>Dr.</salutation>
<givenName>John</givenName>
<givenName>P.</givenName>
<surName>Wares</surName>
</individualName>
<organizationName>University of Georgia</organizationName>
<address><deliveryPoint>Department of Genetics</deliveryPoint>
<deliveryPoint>University of Georgia</deliveryPoint>
<city>Athens</city>
<administrativeArea>Georgia</administrativeArea>
<postalCode>30606</postalCode>
<country>USA</country>
</address>
<electronicMailAddress>jpwares@uga.edu</electronicMailAddress>
<onlineUrl>http://www.genetics.uga.edu/wareslab/</onlineUrl>
<userId directory="http://gce-lter.marsci.uga.edu/public/app/personnel_bios.asp?id=jwares">jwares</userId>
</creator>
<metadataProvider><organizationName>Georgia Coastal Ecosystems LTER Project</organizationName>
<address><deliveryPoint>Dept. of Marine Sciences</deliveryPoint>
<deliveryPoint>University of Georgia</deliveryPoint>
<city>Athens</city>
<administrativeArea>Georgia</administrativeArea>
<postalCode>30602-3636</postalCode>
<country>USA</country>
</address>
<electronicMailAddress>gcelter@uga.edu</electronicMailAddress>
<onlineUrl>http://gce-lter.marsci.uga.edu/</onlineUrl>
</metadataProvider>
<associatedParty><individualName><salutation>Dr.</salutation>
<givenName>John</givenName>
<givenName>P.</givenName>
<surName>Wares</surName>
</individualName>
<organizationName>University of Georgia</organizationName>
<address><deliveryPoint>Department of Genetics</deliveryPoint>
<deliveryPoint>University of Georgia</deliveryPoint>
<city>Athens</city>
<administrativeArea>Georgia</administrativeArea>
<postalCode>30606</postalCode>
<country>USA</country>
</address>
<electronicMailAddress>jpwares@uga.edu</electronicMailAddress>
<onlineUrl>http://www.genetics.uga.edu/wareslab/</onlineUrl>
<userId directory="http://gce-lter.marsci.uga.edu/public/app/personnel_bios.asp?id=jwares">jwares</userId>
<role>Principal investigator</role>
</associatedParty>
<associatedParty><individualName><givenName>Monica</givenName>
<surName>Poelchau</surName>
</individualName>
<organizationName>University of Georgia</organizationName>
<address><deliveryPoint>Department of Genetics</deliveryPoint>
<deliveryPoint>University of Georgia</deliveryPoint>
<city>Athens</city>
<administrativeArea>Georgia</administrativeArea>
<postalCode>30602</postalCode>
<country>USA</country>
</address>
<electronicMailAddress>poelchau@uga.edu</electronicMailAddress>
<userId directory="http://gce-lter.marsci.uga.edu/public/app/personnel_bios.asp?id=mpoelchau">mpoelchau</userId>
<role>Research technician</role>
</associatedParty>
<associatedParty><individualName><givenName>John</givenName>
<givenName>D.</givenName>
<surName>Robinson</surName>
</individualName>
<organizationName>University of Georgia</organizationName>
<address><deliveryPoint>Department of Genetics</deliveryPoint>
<deliveryPoint>University of Georgia</deliveryPoint>
<city>Athens</city>
<administrativeArea>Georgia</administrativeArea>
<postalCode>30602</postalCode>
<country>USA</country>
</address>
<electronicMailAddress>robinson.johnd@gmail.com</electronicMailAddress>
<userId directory="http://gce-lter.marsci.uga.edu/public/app/personnel_bios.asp?id=jrobinson">jrobinson</userId>
<role>Graduate research assistant</role>
</associatedParty>
<pubDate>2010</pubDate>
<abstract><section><title>Overview</title>
<para>Wares (UGA) and collaborators have conducted a survey of the genetic structure of organisms in the GCE domain.  The results illustrate the importance of examining processes of site diversity and diversification at multiple scales and levels of biological organization.  As might be predicted based on the larval life history of most of the invertebrate species, there is little to no significant differentiation of marine invertebrates across GCE sites, and results from the marshgrass Spartina alterniflora also exhibit no significant pattern.  Figure 1 shows the distribution of pairwise estimates of Wright's Fst from mitochondrial data in the invertebrate species; only a few pairs of populations have statistically significant results, but these results are neither consistent across taxa nor reliable when you consider the effect of multiple comparisons (i.e. after Bonferroni correction).  Contrasts of Fst &gt; 0.10 are summarized below with the initials of each species and the pair of populations exhibiting that value (Li = Littorina irrorata; Up = Uca pugnax; Mb = Melampus bidentatus).</para>
<para>Although there was little genetic differentiation among sites, detailed examination of the data found two interesting patterns.  First , examination of nucleotide diversity - a measure of the amount of polymorphism harbored in a DNA sequence data set - indicated that populations closer to the ocean side of the domain were more than twice as diverse on average as populations in the interior or mainland regions of the domain.  This preliminary result suggested that even if sites in the GCE domain were not evolutionarily differentiated from one another - and thus adaptation was not driving ecological differences - that some element of larval recruitment or other effect of the environment on diversity at a site was important.  Second, we assessed the pattern of nucleotide diversity across all sites and eight species, including the invasive porcelain crab Petrolisthes armatus, and showed that these spatial patterns were strongly correlated with site species diversity (using previous GCE data for molluscan and plant diversity at each site) (Figure 2).  Although the pattern was only marginally significant for Geukensia demissa and a couple of other species, the combined analysis suggested a highly significant relationship between genetic and taxonomic diversity at GCE sites (as well as between appropriate measures of genetic and species richness when only the molluscan species data were included).</para>
<para>To consider the possibility that other environmental effects were driving the observed diversity pattern, we developed a linear model to test the fit of GCE salinity and temperature data to the nucleotide diversity data, as well as including data from a preliminary analysis of barnacle (Chthamalus fragilis) recruitment and abundance performed by T. D. Bishop and colleagues.  The resultant model indicated that salinity and temperature differences among GCE sites were not strongly associated with diversity patterns, but that recruitment (e.g. larval availability) generated a much stronger fit to the genetic diversity data.  Overall, we feel that this suggests that the freshwater-saltwater gradient itself may not influence genetic diversity in the GCE ecosystem, but that larval transport does influence the success and abundance of recruits in the domain.  </para>
<para>The pattern is significant but not without its wrinkles; one site that harbored very high genetic diversity in several species was GCE 10 on the Duplin River.  Although geographically more proximal to the ocean than mainland, this site is upriver and unlikely to maintain diversity in the same way as other estuarine/marsh sites.  Considering anecdotal evidence from other researchers at GCE, it may be that the populations of invertebrates in the Duplin River exhibit high self-recruitment (retention) of larvae, leading to the maintenance of higher diversity despite being upriver.</para>
<para>We complemented this work on intertidal invertebrate species by evaluating genetic diversity in two grasshopper species, Hesperotettix floridensis and Orchelimum fidicinium.  When the genetic diversity of these two species was compared with orthopteran species richness data collected over five years in the GCE-LTER, disparate patterns are recovered (Figure 3).  For H. floridensis, the expectation of a positive relationship between genetic and species diversity is upheld in all five comparisons; however, in O. fidicinium, negative correlations between species and genetic diversity are seen.   </para>
<para>While there are fewer data available in this study to date, our results already suggest strong demographic distinctions between the two species.  Both species appear to have experienced a population bottleneck; however, preliminary data suggest that the timing of these inferred demographic events differ greatly, with O. fidicinium having undergone a much more recent reduction in population size.</para>
<para>Sampling of marine invertebrates was expanded to other LTER sites on the Atlantic coast to gain contextual data for gene flow and recruitment studies (see Study Area).  The results showed that gene flow is high at regional scales as well.  We performed a large-scale comparative phylogeographic analysis of 6 intertidal marsh-associated invertebrate species from LTER sites in Massachusetts, Virginia, and the GCE, as well as comparable habitat from central Florida.  This analysis explored differentiation across the Upper Virginian (UV), Lower Virginian (LV), Georgian (GCE), and Floridian (FL) provinces as defined by current biogeographic analyses, and indicated no significant differentiation when populations from Chesapeake Bay to Florida were compared (figure; histograms indicate Hudson's nearest neighbor statistic Snn among regional pairwise comparisons).  This result shows that ecological and interaction differences across latitudinal gradients in marsh habitats are more likely driven by environmental gradients and/or increased predation stress, rather than the populations being assembled from distinct gene pools.  This work did identify 2 (out of 6) species (Geukensia demissa and Uca pugilator) that exhibited significant differentiation across Long Island Sound, consistent with several previous phylogeographic syntheses.</para>
</section>
<section><title>Associated GCE LTER research questions</title>
<para>Question 5: What is the relative importance of larval transport versus the conditions of the adult environment in determining community and genetic structure across both the longitudinal and lateral gradients of the estuarine landscape? (<ulink url="http://gce-lter.marsci.uga.edu/public/research/gce2_q5.asp">more information</ulink>)</para>
</section>
</abstract>
<keywordSet name="measurement">
<keyword>salinity</keyword>
<keyword>temperature</keyword>
</keywordSet>
<keywordSet name="organization">
<keyword>LTER</keyword>
<keyword>NSF</keyword>
</keywordSet>
<keywordSet name="site">
<keyword>GCE</keyword>
</keywordSet>
<keywordSet name="taxonomic">
<keyword>Hesperotettix floridensis</keyword>
<keyword>Littorina irrorata</keyword>
<keyword>Melampus bidentatus</keyword>
<keyword>Orchelimum fidicinium</keyword>
<keyword>Petrolisthes armatus</keyword>
<keyword>Uca pugnax</keyword>
</keywordSet>
<keywordSet name="theme">
<keyword>diversity</keyword>
<keyword>DNA</keyword>
<keyword>gene flow</keyword>
<keyword>genetic structure</keyword>
<keyword>invertebrate</keyword>
<keyword>recruitment</keyword>
<keyword>richness</keyword>
</keywordSet>
<coverage><geographicCoverage><geographicDescription>Overall geographic extent of the research project</geographicDescription>
<boundingCoordinates><westBoundingCoordinate>-81.299522</westBoundingCoordinate>
<eastBoundingCoordinate>-81.258908</eastBoundingCoordinate>
<northBoundingCoordinate>31.497026</northBoundingCoordinate>
<southBoundingCoordinate>31.371003</southBoundingCoordinate>
</boundingCoordinates>
</geographicCoverage>
<temporalCoverage><ongoing><beginDate><calendarDate>2007-06-01</calendarDate>
</beginDate>
</ongoing>
</temporalCoverage>
</coverage>
<funding><section><para>National Science Foundation grant number OCE-0620959</para>
</section>
</funding>
<studyAreaDescription><descriptor name="hydrology" citableClassificationSystem="false">
<descriptorValue>estuary marsh complex</descriptorValue>
</descriptor>
<coverage><geographicCoverage><geographicDescription>Hunt Camp - Barrier island/marsh site on western Sapelo Island.  This site is located at the upper reaches of the Duplin River, and is within the Sapelo Island National Estuarine Research Reserve. Existing well fields border small marsh area to northwest, some wells have been installed to south end of hammock where marsh is more extensive and permanent plots are located. Two existing hydrographic sondes and weather stations within this site are operated by SINERR (Hunt Camp dock) and UGAMI (flume dock).</geographicDescription>
<boundingCoordinates><westBoundingCoordinate>-81.295506</westBoundingCoordinate>
<eastBoundingCoordinate>-81.258908</eastBoundingCoordinate>
<northBoundingCoordinate>31.497026</northBoundingCoordinate>
<southBoundingCoordinate>31.462320</southBoundingCoordinate>
</boundingCoordinates>
</geographicCoverage>
<geographicCoverage><geographicDescription>Dean Creek - Doboy Sound/salt marsh site at the southern end of Sapelo Island near Dean Creek and the Sapelo lighthouse.  A few small creeks are present, but a large creek (Dean Creek) is easily accessed. Upland is composed of small hammocks and some constructed causeways, with sand dune complexes east of Dean Creek and extending to the beach. Upper end of the watershed is affected by a culvert at Beach Road and heavy student use of marsh immediately adjacent to culvert. A hydrographic sonde is deployed in Doboy Sound near Commodore Island approximately 1.5km from this site. GCE6 is also the focus of Sapelo Island Microbial Observatory research on microbial diversity  and  genomics (http://simo.marsci.uga.edu)</geographicDescription>
<boundingCoordinates><westBoundingCoordinate>-81.299522</westBoundingCoordinate>
<eastBoundingCoordinate>-81.264378</eastBoundingCoordinate>
<northBoundingCoordinate>31.394072</northBoundingCoordinate>
<southBoundingCoordinate>31.371003</southBoundingCoordinate>
</boundingCoordinates>
</geographicCoverage>
</coverage>
<associatedMaterial category="image">
<distribution><online><onlineDescription>A large-scale comparative phylogeographic analysis of 6 intertidal marsh-associated invertebrate species from LTER sites in Massachusetts, Virginia, and the GCE, as well as comparable habitat from central Florida.</onlineDescription>
<url>http://gce-lter.marsci.uga.edu/public/resources/projects/map2PenningsQ5.png</url>
</online>
</distribution>
</associatedMaterial>
</studyAreaDescription>
<associatedMaterial category="publication" id="gce.514" date="2010">
<distribution><online><onlineDescription>Robinson, J.D., Diaz-Ferguson, E., Poelchau, M., Pennings, S.C., Bishop, T.D. and Wares, J.P. 2010. Multiscale Diversity in the Marshes of the Georgia Coastal Ecosystems LTER. Estuaries and Coasts. 33(4):865-877. (DOI: 10.1007/s12237-009-9188-2)</onlineDescription>
<url>http://www.springerlink.com/content/a261g14m0016q708/</url>
</online>
</distribution>
</associatedMaterial>
<associatedMaterial category="publication" id="gce.517" date="2010">
<distribution><offline><mediumName>Diaz-Ferguson, E., Robinson, J.D., Silliman, B.R. and Wares, J.P. 2010. Comparative Phylogeography of East Coast American Salt Marsh Communities. Estuaries and Coasts. 33:838-839. (DOI: 10.1007/s12237-009-9220-6)</mediumName>
</offline>
</distribution>
</associatedMaterial>
<associatedMaterial category="image">
<distribution><online><onlineDescription>Figure 1. Contrasts of Fst &gt; 0.10 are summarized below with the initials of each species and the pair of populations exhibiting that value (Li = Littorina irrorata; Up = Uca pugnax; Mb = Melampus bidentatus).</onlineDescription>
<url>http://gce-lter.marsci.uga.edu/public/resources/projects/graph4PenningsQ5.png</url>
</online>
</distribution>
</associatedMaterial>
<associatedMaterial category="image">
<distribution><online><onlineDescription>Figure 2. Pattern of nucleotide diversity across all sites and eight species, including the invasive porcelain crab Petrolisthes armatus.</onlineDescription>
<url>http://gce-lter.marsci.uga.edu/public/resources/projects/graph6PenningsQ5.png</url>
</online>
</distribution>
</associatedMaterial>
<associatedMaterial category="image">
<distribution><online><onlineDescription>Figure 3. Genetic diversity of Hesperotettix floridensis and Orchelimum fidicinium was compared with orthopteran species richness data collected over five years in the GCE-LTER.</onlineDescription>
<url>http://gce-lter.marsci.uga.edu/public/resources/projects/graph7PenningsQ5.png</url>
</online>
</distribution>
</associatedMaterial>
</lter:researchProject>