<?xml version="1.0" encoding="UTF-8"?>
<lter:researchProject xmlns:lter="eml://ecoinformatics.org/lter-project-2.1.0" xmlns:xsi="http://www.w3.org/2001/XMLSchema-instance" xsi:schemaLocation="eml://ecoinformatics.org/lter-project-2.1.0 http://gce-lter.marsci.uga.edu/public/files/schemas/project-eml-210/lter-project.xsd" id="knb-lter-gce.p39" scope="system" system="knb">
<shortName>Altamaha watershed water quality</shortName>
<title>Altamaha watershed water quality</title>
<creator><individualName><salutation>Dr.</salutation>
<givenName>Samantha</givenName>
<givenName>B.</givenName>
<surName>Joye</surName>
</individualName>
<organizationName>University of Georgia</organizationName>
<address><deliveryPoint>Dept. of Marine Sciences</deliveryPoint>
<deliveryPoint>University of Georgia</deliveryPoint>
<city>Athens</city>
<administrativeArea>Georgia</administrativeArea>
<postalCode>30602-3636</postalCode>
<country>USA</country>
</address>
<electronicMailAddress>mjoye@uga.edu</electronicMailAddress>
<onlineUrl>http://www.marsci.uga.edu/FacultyPages/Joye/</onlineUrl>
<userId directory="http://gce-lter.marsci.uga.edu/public/app/personnel_bios.asp?id=mjoye">mjoye</userId>
</creator>
<creator><individualName><salutation>Dr.</salutation>
<givenName>James</givenName>
<givenName>T.</givenName>
<surName>Hollibaugh</surName>
</individualName>
<organizationName>University of Georgia</organizationName>
<address><deliveryPoint>Dept. of Marine Sciences</deliveryPoint>
<deliveryPoint>University of Georgia</deliveryPoint>
<city>Athens</city>
<administrativeArea>Georgia</administrativeArea>
<postalCode>30602-3636</postalCode>
<country>USA</country>
</address>
<electronicMailAddress>aquadoc@uga.edu</electronicMailAddress>
<onlineUrl>http://www.marsci.uga.edu/directory/jthollibaugh.htm</onlineUrl>
<userId directory="http://gce-lter.marsci.uga.edu/public/app/personnel_bios.asp?id=thollibaugh">thollibaugh</userId>
</creator>
<metadataProvider><organizationName>Georgia Coastal Ecosystems LTER Project</organizationName>
<address><deliveryPoint>Dept. of Marine Sciences</deliveryPoint>
<deliveryPoint>University of Georgia</deliveryPoint>
<city>Athens</city>
<administrativeArea>Georgia</administrativeArea>
<postalCode>30602-3636</postalCode>
<country>USA</country>
</address>
<electronicMailAddress>gcelter@uga.edu</electronicMailAddress>
<onlineUrl>http://gce-lter.marsci.uga.edu/</onlineUrl>
</metadataProvider>
<associatedParty><individualName><salutation>Dr.</salutation>
<givenName>Samantha</givenName>
<givenName>B.</givenName>
<surName>Joye</surName>
</individualName>
<organizationName>University of Georgia</organizationName>
<address><deliveryPoint>Dept. of Marine Sciences</deliveryPoint>
<deliveryPoint>University of Georgia</deliveryPoint>
<city>Athens</city>
<administrativeArea>Georgia</administrativeArea>
<postalCode>30602-3636</postalCode>
<country>USA</country>
</address>
<electronicMailAddress>mjoye@uga.edu</electronicMailAddress>
<onlineUrl>http://www.marsci.uga.edu/FacultyPages/Joye/</onlineUrl>
<userId directory="http://gce-lter.marsci.uga.edu/public/app/personnel_bios.asp?id=mjoye">mjoye</userId>
<role>Principal investigator</role>
<temporalCoverage><rangeOfDates><beginDate><calendarDate>2003-01-01</calendarDate>
</beginDate>
<endDate><calendarDate>2005-12-31</calendarDate>
</endDate>
</rangeOfDates>
</temporalCoverage>
</associatedParty>
<associatedParty><individualName><salutation>Dr.</salutation>
<givenName>James</givenName>
<givenName>T.</givenName>
<surName>Hollibaugh</surName>
</individualName>
<organizationName>University of Georgia</organizationName>
<address><deliveryPoint>Dept. of Marine Sciences</deliveryPoint>
<deliveryPoint>University of Georgia</deliveryPoint>
<city>Athens</city>
<administrativeArea>Georgia</administrativeArea>
<postalCode>30602-3636</postalCode>
<country>USA</country>
</address>
<electronicMailAddress>aquadoc@uga.edu</electronicMailAddress>
<onlineUrl>http://www.marsci.uga.edu/directory/jthollibaugh.htm</onlineUrl>
<userId directory="http://gce-lter.marsci.uga.edu/public/app/personnel_bios.asp?id=thollibaugh">thollibaugh</userId>
<role>Principal investigator</role>
<temporalCoverage><rangeOfDates><beginDate><calendarDate>2003-01-01</calendarDate>
</beginDate>
<endDate><calendarDate>2005-12-31</calendarDate>
</endDate>
</rangeOfDates>
</temporalCoverage>
</associatedParty>
<associatedParty><individualName><salutation>Dr.</salutation>
<givenName>Nathaniel</givenName>
<givenName>B.</givenName>
<surName>Weston</surName>
</individualName>
<organizationName>University of Georgia</organizationName>
<address><deliveryPoint>Dept. of Marine Sciences</deliveryPoint>
<deliveryPoint>University of Georgia</deliveryPoint>
<city>Athens</city>
<administrativeArea>Georgia</administrativeArea>
<postalCode>30602-3636</postalCode>
<country>USA</country>
</address>
<electronicMailAddress>nweston@uga.edu</electronicMailAddress>
<userId directory="http://gce-lter.marsci.uga.edu/public/app/personnel_bios.asp?id=nweston">nweston</userId>
<role>Graduate research assistant</role>
<temporalCoverage><rangeOfDates><beginDate><calendarDate>2003-01-01</calendarDate>
</beginDate>
<endDate><calendarDate>2005-12-31</calendarDate>
</endDate>
</rangeOfDates>
</temporalCoverage>
</associatedParty>
<pubDate>2010</pubDate>
<abstract><section><title>Overview</title>
<para>N. Weston (Ph.D. student, UGA), S. Joye (UGA) and J.T. Hollibaugh (UGA) performed an analysis of USGS data on nutrient concentrations throughout the Altamaha River watershed to evaluate temporal variations in nutrient concentrations and rates of nutrient and dissolved organic matter estuary.   Population growth, mainly in the upper watershed near the cities of Atlanta and Athens, resulted in increased nitrate delivery to the rivers and transport to the coastal zone.</para>
</section>
<section><title>Associated GCE LTER research questions</title>
<para>Question 1: What are the long-term patterns of environmental forcing to the coastal zone? (<ulink url="http://gce-lter.marsci.uga.edu/public/research/gce2_q1.asp">more information</ulink>)</para>
</section>
</abstract>
<keywordSet name="organization">
<keyword>LTER</keyword>
<keyword>NSF</keyword>
<keyword>USGS</keyword>
</keywordSet>
<keywordSet name="place">
<keyword>Altamaha River</keyword>
<keyword>Georgia</keyword>
</keywordSet>
<keywordSet name="site">
<keyword>GCE</keyword>
</keywordSet>
<keywordSet name="theme">
<keyword>nutrients</keyword>
<keyword>water quality</keyword>
<keyword>watershed</keyword>
</keywordSet>
<coverage><geographicCoverage><geographicDescription>Overall geographic extent of the research project</geographicDescription>
<boundingCoordinates><westBoundingCoordinate>-81.582311</westBoundingCoordinate>
<eastBoundingCoordinate>-81.237936</eastBoundingCoordinate>
<northBoundingCoordinate>31.401403</northBoundingCoordinate>
<southBoundingCoordinate>31.296034</southBoundingCoordinate>
</boundingCoordinates>
</geographicCoverage>
<temporalCoverage><rangeOfDates><beginDate><calendarDate>2003-01-01</calendarDate>
</beginDate>
<endDate><calendarDate>2005-12-31</calendarDate>
</endDate>
</rangeOfDates>
</temporalCoverage>
</coverage>
<funding><section><para>National Science Foundation grant number OCE-9982133</para>
</section>
</funding>
<studyAreaDescription><descriptor name="hydrology" citableClassificationSystem="false">
<descriptorValue>estuary marsh complex</descriptorValue>
</descriptor>
<coverage><geographicCoverage><geographicDescription>Altamaha River - Altamaha River transect used for GCE quarterly hydrographic monitoring surveys.  Nominal profiling stations are defined every 2km from -4km to 40km (relative to station 0km at the line of demarcation), based on an estimated Thalweg line running up the main river channel.</geographicDescription>
<boundingCoordinates><westBoundingCoordinate>-81.582311</westBoundingCoordinate>
<eastBoundingCoordinate>-81.237936</eastBoundingCoordinate>
<northBoundingCoordinate>31.401403</northBoundingCoordinate>
<southBoundingCoordinate>31.296034</southBoundingCoordinate>
</boundingCoordinates>
</geographicCoverage>
</coverage>
</studyAreaDescription>
<associatedMaterial category="publication" id="gce.470" date="2009">
<distribution><offline><mediumName>Weston, N.B., Hollibaugh, J.T. and Joye, S.B. 2009. Population growth away from the coastal zone: Thirty years of land use change and nutrient export from the Altamaha River, GA. Science of the Total Environment. 407:3347-3356. (DOI: 10.1016/j.scitotenv.2008.12.066)</mediumName>
</offline>
</distribution>
</associatedMaterial>
</lter:researchProject>