<?xml version="1.0" encoding="UTF-8"?>
<lter:researchProject xmlns:lter="eml://ecoinformatics.org/lter-project-2.1.0" xmlns:xsi="http://www.w3.org/2001/XMLSchema-instance" xsi:schemaLocation="eml://ecoinformatics.org/lter-project-2.1.0 http://gce-lter.marsci.uga.edu/public/files/schemas/project-eml-210/lter-project.xsd" id="knb-lter-gce.p17" scope="system" system="knb">
<shortName>Fungal communities</shortName>
<title>Molecular comparison of ascomycete fungal communities</title>
<creator><individualName><salutation>Dr.</salutation>
<givenName>James</givenName>
<givenName>T.</givenName>
<surName>Hollibaugh</surName>
</individualName>
<organizationName>University of Georgia</organizationName>
<address><deliveryPoint>Dept. of Marine Sciences</deliveryPoint>
<deliveryPoint>University of Georgia</deliveryPoint>
<city>Athens</city>
<administrativeArea>Georgia</administrativeArea>
<postalCode>30602-3636</postalCode>
<country>USA</country>
</address>
<electronicMailAddress>aquadoc@uga.edu</electronicMailAddress>
<onlineUrl>http://www.marsci.uga.edu/directory/jthollibaugh.htm</onlineUrl>
<userId directory="http://gce-lter.marsci.uga.edu/public/app/personnel_bios.asp?id=thollibaugh">thollibaugh</userId>
</creator>
<metadataProvider><organizationName>Georgia Coastal Ecosystems LTER Project</organizationName>
<address><deliveryPoint>Dept. of Marine Sciences</deliveryPoint>
<deliveryPoint>University of Georgia</deliveryPoint>
<city>Athens</city>
<administrativeArea>Georgia</administrativeArea>
<postalCode>30602-3636</postalCode>
<country>USA</country>
</address>
<electronicMailAddress>gcelter@uga.edu</electronicMailAddress>
<onlineUrl>http://gce-lter.marsci.uga.edu/</onlineUrl>
</metadataProvider>
<associatedParty><individualName><salutation>Dr.</salutation>
<givenName>James</givenName>
<givenName>T.</givenName>
<surName>Hollibaugh</surName>
</individualName>
<organizationName>University of Georgia</organizationName>
<address><deliveryPoint>Dept. of Marine Sciences</deliveryPoint>
<deliveryPoint>University of Georgia</deliveryPoint>
<city>Athens</city>
<administrativeArea>Georgia</administrativeArea>
<postalCode>30602-3636</postalCode>
<country>USA</country>
</address>
<electronicMailAddress>aquadoc@uga.edu</electronicMailAddress>
<onlineUrl>http://www.marsci.uga.edu/directory/jthollibaugh.htm</onlineUrl>
<userId directory="http://gce-lter.marsci.uga.edu/public/app/personnel_bios.asp?id=thollibaugh">thollibaugh</userId>
<role>Principal investigator</role>
</associatedParty>
<associatedParty><individualName><salutation>Dr.</salutation>
<givenName>Merryl</givenName>
<surName>Alber</surName>
</individualName>
<organizationName>University of Georgia</organizationName>
<address><deliveryPoint>Dept. of Marine Sciences</deliveryPoint>
<deliveryPoint>University of Georgia</deliveryPoint>
<city>Athens</city>
<administrativeArea>Georgia</administrativeArea>
<postalCode>30602-3636</postalCode>
<country>USA</country>
</address>
<electronicMailAddress>malber@uga.edu</electronicMailAddress>
<onlineUrl>http://www.gcrc.uga.edu/Affiliates/alber_merryl.htm</onlineUrl>
<userId directory="http://gce-lter.marsci.uga.edu/public/app/personnel_bios.asp?id=malber">malber</userId>
<role>Co-investigator</role>
</associatedParty>
<associatedParty><individualName><givenName>Justine</givenName>
<givenName>I.</givenName>
<surName>Lyons</surName>
</individualName>
<organizationName>University of Georgia</organizationName>
<address><deliveryPoint>Dept. of Marine Sciences</deliveryPoint>
<deliveryPoint>University of Georgia</deliveryPoint>
<city>Athens</city>
<administrativeArea>Georgia</administrativeArea>
<postalCode>30602-3636</postalCode>
<country>USA</country>
</address>
<electronicMailAddress>jlyons@uga.edu</electronicMailAddress>
<userId directory="http://gce-lter.marsci.uga.edu/public/app/personnel_bios.asp?id=jlyons">jlyons</userId>
<role>Graduate research assistant</role>
</associatedParty>
<pubDate>2010</pubDate>
<abstract><section><title>Overview</title>
<para>J. Lyons (Ph.D. student, UGA) worked with J.T. Hollibaugh (UGA) and M. Alber (UGA) to characterize ascomycetes involved in the decomposition of several Spartina species collected from salt marshes along the east, Gulf, and west coasts.   In California, the fungi associated with S. alterniflora, S. foliosa, the hybrid between them, and S. densiflora were all characterized using terminal restriction fragment length polymorphism (TRFLP) analysis of the internal transcribed spacer (ITS) region of rRNA genes as well as clone libraries. Although we found no effect from the hybridization of two host species, we did see significant differences in the fungal decomposer communities both within and among species.  S. densiflora hosted several unique ascomycetes.  Two previously described ascomycetes, Phaeosphaeria spartinicola and Mycosphaerella, were ubiquitous on all samples analyzed.</para>
<para>On the east coast, ascomycete communities on samples of S. alterniflora and S. patens collected in four states (Georgia, North Carolina, New York, and Massachusetts) were compared, again using T-RFLP analysis of the interspacer region. Results show that diversity of the ascomycete taxa on S. patens hosts a higher number of unique ascomycete species than S. alterniflora, and that it has significantly higher diversity, but there were no consistent differences among states. P. spartinicola and Mycosphaerella again dominated most T-RFLP profiles. Preliminary data from samples of the same species of grass collected in states along the Gulf coast (FL, LA, MS, AL) confirm all conclusions drawn for samples collected along the east coast, including the higher diversity on S. patens, and omnipresence of P. spartinicola and P. halima.</para>
</section>
<section><title>Associated GCE LTER research questions</title>
<para>Question 2: How do the spatial and temporal patterns of biogeochemical processes, primary production, community dynamics, decomposition, and disturbance vary across the estuarine landscape, and how do they relate to environmental gradients? (<ulink url="http://gce-lter.marsci.uga.edu/public/research/gce2_q2.asp">more information</ulink>)</para>
</section>
</abstract>
<keywordSet name="organization">
<keyword>LTER</keyword>
<keyword>NSF</keyword>
</keywordSet>
<keywordSet name="place">
<keyword>Alabama</keyword>
<keyword>California</keyword>
<keyword>Florida</keyword>
<keyword>Georgia</keyword>
<keyword>Louisiana</keyword>
<keyword>Massachusetts</keyword>
<keyword>Mississippi</keyword>
<keyword>New York</keyword>
<keyword>North Carolina</keyword>
</keywordSet>
<keywordSet name="site">
<keyword>GCE</keyword>
</keywordSet>
<keywordSet name="taxonomic">
<keyword>Spartina</keyword>
</keywordSet>
<keywordSet name="theme">
<keyword>ascomycetes</keyword>
<keyword>fungi</keyword>
<keyword>salt marshes</keyword>
<keyword>T-RFLP</keyword>
</keywordSet>
<coverage><geographicCoverage><geographicDescription>Overall geographic extent of the research project</geographicDescription>
<boundingCoordinates><westBoundingCoordinate>-81.759763</westBoundingCoordinate>
<eastBoundingCoordinate>-81.119291</eastBoundingCoordinate>
<northBoundingCoordinate>31.771190</northBoundingCoordinate>
<southBoundingCoordinate>30.892711</southBoundingCoordinate>
</boundingCoordinates>
</geographicCoverage>
<temporalCoverage><rangeOfDates><beginDate><calendarDate>2003-09-01</calendarDate>
</beginDate>
<endDate><calendarDate>2007-06-01</calendarDate>
</endDate>
</rangeOfDates>
</temporalCoverage>
</coverage>
<funding><section><para>National Science Foundation grant numbers OCE-9982133</para>
</section>
</funding>
<studyAreaDescription><descriptor name="hydrology" citableClassificationSystem="false">
<descriptorValue>estuary marsh complex</descriptorValue>
</descriptor>
<coverage><geographicCoverage><geographicDescription>Central Georgia Coast - Central Georgia coastal region from the South Newport River (northern extent) to the Satilla River (southern extent), and from the outer banks of the barrier islands (eastern extent) to approximately 35km inland (western extent)</geographicDescription>
<boundingCoordinates><westBoundingCoordinate>-81.759763</westBoundingCoordinate>
<eastBoundingCoordinate>-81.119291</eastBoundingCoordinate>
<northBoundingCoordinate>31.771190</northBoundingCoordinate>
<southBoundingCoordinate>30.892711</southBoundingCoordinate>
</boundingCoordinates>
</geographicCoverage>
</coverage>
</studyAreaDescription>
<associatedMaterial category="publication" id="gce.450" date="2010">
<distribution><online><onlineDescription>Lyons, J.I., Alber, M. and Hollibaugh, J.T. 2010. Ascomycete fungal communities associated with early decay leaf blades of three Spartina species and a Spartina hybrid in the San Francisco Bay. Oecologica. 162:435-442. (DOI: 10.1007/s00442-009-1460-4)</onlineDescription>
<url>http://www.springerlink.com/content/t7186704g8100t51/</url>
</online>
</distribution>
</associatedMaterial>
<associatedMaterial category="publication" id="gce.423" date="2007">
<distribution><online><onlineDescription>Lyons, J.I. 2007. Molecular description of ascomycete fungal communities on Spartina spp. in the U.S. Ph.D. Dissertation. University of Georgia, Athens, Georgia.</onlineDescription>
<url>http://gce-lter.marsci.uga.edu/public/files/pubs/Justine_Lyons_PhD_2007.pdf</url>
</online>
</distribution>
</associatedMaterial>
<associatedMaterial category="publication" id="gce.332" date="2006">
<distribution><offline><mediumName>Lyons, J.I., Alber, M. and Hollibaugh, J.T. 2006. Poster: Molecular comparison of ascomycete fungal communities on Spartina species found along the east, west, and Gulf coasts of the U.S. Southeastern Estuarine Research Society. March 30-April 1, 2006, St. Augustine, Florida.</mediumName>
</offline>
</distribution>
</associatedMaterial>
<associatedMaterial category="publication" id="gce.366" date="2006">
<distribution><offline><mediumName>Lyons, J., Alber, M. and Hollibaugh, J.T. 2006. Poster: Molecular comparison of ascomycete fungal communities on Spartina species found along the east, west, and Gulf coasts of the U.S. LTER All Scientists Meeting, September 20-24, 2006, Estes Park, Colorado.</mediumName>
</offline>
</distribution>
</associatedMaterial>
<associatedMaterial category="data" id="knb-lter-gce.180" date="2003-10-03">
<distribution><online><onlineDescription>FNG-GCEM-0401 - Fall 2003 fungal monitoring -- marshgrass ergosterol content and ascospore release rates at 10 GCE sampling sites</onlineDescription>
<url>http://gce-lter.marsci.uga.edu/public/app/dataset_details.asp?id=180</url>
</online>
</distribution>
</associatedMaterial>
<associatedMaterial category="data" id="knb-lter-gce.29" date="2002-10-17">
<distribution><online><onlineDescription>FNG-GCEM-0301 - Fall 2002 fungal monitoring -- marshgrass ergosterol content and ascospore release rates at 10 GCE sampling sites</onlineDescription>
<url>http://gce-lter.marsci.uga.edu/public/app/dataset_details.asp?id=29</url>
</online>
</distribution>
</associatedMaterial>
<associatedMaterial category="data" id="knb-lter-gce.9" date="2001-10-11">
<distribution><online><onlineDescription>FNG-GCEM-0112 - Fall 2001 fungal monitoring -- marshgrass ergosterol content and ascospore release rates at 10 GCE sampling sites</onlineDescription>
<url>http://gce-lter.marsci.uga.edu/public/app/dataset_details.asp?id=9</url>
</online>
</distribution>
</associatedMaterial>
<associatedMaterial category="data" id="knb-lter-gce.4" date="2000-10-25">
<distribution><online><onlineDescription>FNG-GCEM-0102 - Fall 2000 fungal monitoring -- marshgrass ergosterol content and ascospore release rates at 10 GCE sampling sites</onlineDescription>
<url>http://gce-lter.marsci.uga.edu/public/app/dataset_details.asp?id=4</url>
</online>
</distribution>
</associatedMaterial>
</lter:researchProject>