<?xml version="1.0" encoding="UTF-8"?>
<lter:researchProject xmlns:lter="eml://ecoinformatics.org/lter-project-2.1.0" xmlns:xsi="http://www.w3.org/2001/XMLSchema-instance" xsi:schemaLocation="eml://ecoinformatics.org/lter-project-2.1.0 http://gce-lter.marsci.uga.edu/public/files/schemas/project-eml-210/lter-project.xsd" id="knb-lter-gce.p31" scope="system" system="knb">
<shortName>Climate signal analysis</shortName>
<title>Effects of large-scale climate drivers on precipitation and river discharge in the GCE study area and the Altamaha River watershed</title>
<creator><individualName><salutation>Dr.</salutation>
<givenName>Adrian</givenName>
<givenName>B.</givenName>
<surName>Burd</surName>
</individualName>
<organizationName>University of Georgia</organizationName>
<address><deliveryPoint>Dept. of Marine Sciences</deliveryPoint>
<deliveryPoint>University of Georgia</deliveryPoint>
<city>Athens</city>
<administrativeArea>Georgia</administrativeArea>
<postalCode>30602-3636</postalCode>
<country>USA</country>
</address>
<electronicMailAddress>adrianb@uga.edu</electronicMailAddress>
<onlineUrl>http://www-modeling.marsci.uga.edu/eco_index.html</onlineUrl>
<userId directory="http://gce-lter.marsci.uga.edu/public/app/personnel_bios.asp?id=aburd">aburd</userId>
</creator>
<metadataProvider><organizationName>Georgia Coastal Ecosystems LTER Project</organizationName>
<address><deliveryPoint>Dept. of Marine Sciences</deliveryPoint>
<deliveryPoint>University of Georgia</deliveryPoint>
<city>Athens</city>
<administrativeArea>Georgia</administrativeArea>
<postalCode>30602-3636</postalCode>
<country>USA</country>
</address>
<electronicMailAddress>gcelter@uga.edu</electronicMailAddress>
<onlineUrl>http://gce-lter.marsci.uga.edu/</onlineUrl>
</metadataProvider>
<associatedParty><individualName><salutation>Dr.</salutation>
<givenName>Adrian</givenName>
<givenName>B.</givenName>
<surName>Burd</surName>
</individualName>
<organizationName>University of Georgia</organizationName>
<address><deliveryPoint>Dept. of Marine Sciences</deliveryPoint>
<deliveryPoint>University of Georgia</deliveryPoint>
<city>Athens</city>
<administrativeArea>Georgia</administrativeArea>
<postalCode>30602-3636</postalCode>
<country>USA</country>
</address>
<electronicMailAddress>adrianb@uga.edu</electronicMailAddress>
<onlineUrl>http://www-modeling.marsci.uga.edu/eco_index.html</onlineUrl>
<userId directory="http://gce-lter.marsci.uga.edu/public/app/personnel_bios.asp?id=aburd">aburd</userId>
<role>Principal investigator</role>
<temporalCoverage><ongoing><beginDate><calendarDate>2007-01-01</calendarDate>
</beginDate>
</ongoing>
</temporalCoverage>
</associatedParty>
<associatedParty><individualName><givenName>Joan</givenName>
<givenName>E.</givenName>
<surName>Sheldon</surName>
</individualName>
<organizationName>University of Georgia</organizationName>
<address><deliveryPoint>Dept. of Marine Sciences</deliveryPoint>
<deliveryPoint>University of Georgia</deliveryPoint>
<city>Athens</city>
<administrativeArea>Georgia</administrativeArea>
<postalCode>30602-3636</postalCode>
<country>USA</country>
</address>
<electronicMailAddress>jsheldon@uga.edu</electronicMailAddress>
<userId directory="http://gce-lter.marsci.uga.edu/public/app/personnel_bios.asp?id=jsheldon">jsheldon</userId>
<role>Research professional</role>
<temporalCoverage><ongoing><beginDate><calendarDate>2007-01-01</calendarDate>
</beginDate>
</ongoing>
</temporalCoverage>
</associatedParty>
<pubDate>2010</pubDate>
<abstract><section><title>Overview</title>
<para>A. Burd (UGA) and J. Sheldon (UGA) are evaluating variability in freshwater delivery to the GCE domain in relation to various climate indices: the Southern Oscillation Index (SOI), the North Atlantic Oscillation (NAO) and the Bermuda High Index (BHI).  They compared monthly standardized anomalies of river discharge and climate indices to multi-decadal time series of Altamaha watershed precipitation.  They used empirical orthogonal function (EOF) analysis to describe the precipitation patterns at 7-13 stations.  The first EOF mode (65% of the variance) was spatially uniform with temporal variability at the monthly scale.  The second mode (11% of the variance) showed a spatial gradient along the long axis of the watershed (NW-SE) whereas the third mode (6% of the variance) showed an onshore-offshore pattern with higher variability during June-September.  There were no consistent relationships between NAO and precipitation.  The SOI showed correlations with discharge and weak correlations with modes 1 and 2 of the precipitation.  The BHI is correlated with May-January discharge with a 0-1 month lag, and is also strongly correlated with EOF mode 1 of precipitation.</para>
</section>
<section><title>Correlations with Climate Signals</title>
<para>Linear correlations (Pearson r) between climate indices and other variables were generally weak to moderate. Non-uniform lags provided the highest correlations. The BHI is moderate/strongly correlated with the precipitation EOF 1 time series from Feb-Dec (strongest May-Nov) at lag 0 but has inconsistent correlations with EOF 2. BHI is correlated most strongly with June-Jan discharge with a 0-1 month lag. The May-Dec SOI is weakly correlated with the precipitation EOF 1 time series in the following Nov-Dec while the Sep-Feb SOI is correlated with the EOF 2 time series in Jan-Mar. SOI correlations with river discharge resemble those of precipitation EOF 2 more than EOF 1. Relationships between precipitation and two NAO indices were sporadic and inconsistent.</para>
</section>
<section><title>Associated GCE LTER research questions</title>
<para>Question 1: What are the long-term patterns of environmental forcing to the coastal zone? (<ulink url="http://gce-lter.marsci.uga.edu/public/research/gce2_q1.asp">more information</ulink>)</para>
</section>
</abstract>
<keywordSet name="measurement">
<keyword>precipitation</keyword>
</keywordSet>
<keywordSet name="organization">
<keyword>LTER</keyword>
<keyword>NSF</keyword>
</keywordSet>
<keywordSet name="place">
<keyword>Altamaha River</keyword>
<keyword>Georgia</keyword>
</keywordSet>
<keywordSet name="site">
<keyword>GCE</keyword>
</keywordSet>
<keywordSet name="theme">
<keyword>Bermuda High Index</keyword>
<keyword>climate</keyword>
<keyword>discharge</keyword>
<keyword>North Atlantic Oscillation</keyword>
</keywordSet>
<coverage><geographicCoverage><geographicDescription>Overall geographic extent of the research project</geographicDescription>
<boundingCoordinates><westBoundingCoordinate>-81.759763</westBoundingCoordinate>
<eastBoundingCoordinate>-81.119291</eastBoundingCoordinate>
<northBoundingCoordinate>31.771190</northBoundingCoordinate>
<southBoundingCoordinate>30.892711</southBoundingCoordinate>
</boundingCoordinates>
</geographicCoverage>
<temporalCoverage><ongoing><beginDate><calendarDate>2007-01-01</calendarDate>
</beginDate>
</ongoing>
</temporalCoverage>
</coverage>
<funding><section><para>National Science Foundation grant number OCE-0620959</para>
</section>
</funding>
<studyAreaDescription><descriptor name="hydrology" citableClassificationSystem="false">
<descriptorValue>estuary marsh complex</descriptorValue>
</descriptor>
<coverage><geographicCoverage><geographicDescription>Central Georgia Coast - Central Georgia coastal region from the South Newport River (northern extent) to the Satilla River (southern extent), and from the outer banks of the barrier islands (eastern extent) to approximately 35km inland (western extent)</geographicDescription>
<boundingCoordinates><westBoundingCoordinate>-81.759763</westBoundingCoordinate>
<eastBoundingCoordinate>-81.119291</eastBoundingCoordinate>
<northBoundingCoordinate>31.771190</northBoundingCoordinate>
<southBoundingCoordinate>30.892711</southBoundingCoordinate>
</boundingCoordinates>
</geographicCoverage>
<geographicCoverage><geographicDescription>Altamaha River - Altamaha River transect used for GCE quarterly hydrographic monitoring surveys.  Nominal profiling stations are defined every 2km from -4km to 40km (relative to station 0km at the line of demarcation), based on an estimated Thalweg line running up the main river channel.</geographicDescription>
<boundingCoordinates><westBoundingCoordinate>-81.582311</westBoundingCoordinate>
<eastBoundingCoordinate>-81.237936</eastBoundingCoordinate>
<northBoundingCoordinate>31.401403</northBoundingCoordinate>
<southBoundingCoordinate>31.296034</southBoundingCoordinate>
</boundingCoordinates>
</geographicCoverage>
</coverage>
</studyAreaDescription>
<associatedMaterial category="publication" id="gce.432" date="2008">
<distribution><online><onlineDescription>Sheldon, J.E. and Burd, A.B. 2008. Poster: Seasonal effects of the Southern Oscillation and Bermuda High on freshwater delivery to the central Georgia coast. GCE-LTER 2008 Annual Meeting, March 14-15, 2008, Athens, Georgia.</onlineDescription>
<url>http://gce-lter.marsci.uga.edu/public/files/pubs/SheldonBurdClimateSignalsPoster_2008.pdf</url>
</online>
</distribution>
</associatedMaterial>
<associatedMaterial category="publication" id="gce.375" date="2007">
<distribution><online><onlineDescription>Sheldon, J.E. and Burd, A.B. 2007. Poster: Detecting climate signals in river discharge and precipitation data for the central Georgia coast. 2007 AERS/SEERS Meeting, March 15-17, 2007, Pine Knoll Shores, NC.</onlineDescription>
<url>http://gce-lter.marsci.uga.edu/public/files/pubs/JSheldon_SEERS_Poster_2007.ppt</url>
</online>
</distribution>
</associatedMaterial>
<associatedMaterial category="publication" id="gce.405" date="2007">
<distribution><offline><mediumName>Sheldon, J.E. and Burd, A.B. 2007. Presentation: Seasonal Effects of the Southern Oscillation and Bermuda High on Freshwater Delivery to Coastal Georgia, U.S.A. Estuarine Research Federation 2007 Annual Meeting, 4-8 November 2007, Providence, Rhode Island.</mediumName>
</offline>
</distribution>
</associatedMaterial>
<associatedMaterial category="image">
<distribution><online><onlineDescription>Time series of the Bermuda High Index and precipitation at Athens, GA.</onlineDescription>
<url>http://gce-lter.marsci.uga.edu/public/resources/projects/Table1AlberQ1.jpg</url>
</online>
</distribution>
</associatedMaterial>
</lter:researchProject>