<?xml version="1.0" encoding="UTF-8"?>
<lter:researchProject xmlns:lter="eml://ecoinformatics.org/lter-project-2.1.0" xmlns:xsi="http://www.w3.org/2001/XMLSchema-instance" xsi:schemaLocation="eml://ecoinformatics.org/lter-project-2.1.0 http://gce-lter.marsci.uga.edu/public/files/schemas/project-eml-210/lter-project.xsd" id="knb-lter-gce.p71" scope="system" system="knb">
<shortName>GCE water quality monitoring</shortName>
<title>GCE water quality monitoring</title>
<creator><individualName><salutation>Dr.</salutation>
<givenName>Samantha</givenName>
<givenName>B.</givenName>
<surName>Joye</surName>
</individualName>
<organizationName>University of Georgia</organizationName>
<address><deliveryPoint>Dept. of Marine Sciences</deliveryPoint>
<deliveryPoint>University of Georgia</deliveryPoint>
<city>Athens</city>
<administrativeArea>Georgia</administrativeArea>
<postalCode>30602-3636</postalCode>
<country>USA</country>
</address>
<electronicMailAddress>mjoye@uga.edu</electronicMailAddress>
<onlineUrl>http://www.marsci.uga.edu/FacultyPages/Joye/</onlineUrl>
<userId directory="http://gce-lter.marsci.uga.edu/public/app/personnel_bios.asp?id=mjoye">mjoye</userId>
</creator>
<metadataProvider><organizationName>Georgia Coastal Ecosystems LTER Project</organizationName>
<address><deliveryPoint>Dept. of Marine Sciences</deliveryPoint>
<deliveryPoint>University of Georgia</deliveryPoint>
<city>Athens</city>
<administrativeArea>Georgia</administrativeArea>
<postalCode>30602-3636</postalCode>
<country>USA</country>
</address>
<electronicMailAddress>gcelter@uga.edu</electronicMailAddress>
<onlineUrl>http://gce-lter.marsci.uga.edu/</onlineUrl>
</metadataProvider>
<associatedParty><individualName><salutation>Dr.</salutation>
<givenName>Samantha</givenName>
<givenName>B.</givenName>
<surName>Joye</surName>
</individualName>
<organizationName>University of Georgia</organizationName>
<address><deliveryPoint>Dept. of Marine Sciences</deliveryPoint>
<deliveryPoint>University of Georgia</deliveryPoint>
<city>Athens</city>
<administrativeArea>Georgia</administrativeArea>
<postalCode>30602-3636</postalCode>
<country>USA</country>
</address>
<electronicMailAddress>mjoye@uga.edu</electronicMailAddress>
<onlineUrl>http://www.marsci.uga.edu/FacultyPages/Joye/</onlineUrl>
<userId directory="http://gce-lter.marsci.uga.edu/public/app/personnel_bios.asp?id=mjoye">mjoye</userId>
<role>Principal investigator</role>
</associatedParty>
<associatedParty><individualName><salutation>Dr.</salutation>
<givenName>Melissa</givenName>
<givenName>G.</givenName>
<surName>Booth</surName>
</individualName>
<organizationName>University of Georgia Marine Institute</organizationName>
<address><deliveryPoint>University of Georgia Marine Institute</deliveryPoint>
<city>Sapelo Island</city>
<administrativeArea>Georgia</administrativeArea>
<postalCode>31327</postalCode>
<country>USA</country>
</address>
<electronicMailAddress>booth@uga.edu</electronicMailAddress>
<userId directory="http://gce-lter.marsci.uga.edu/public/app/personnel_bios.asp?id=mbooth">mbooth</userId>
<role>Co-investigator</role>
</associatedParty>
<associatedParty><individualName><givenName>Daniel</givenName>
<givenName>F.</givenName>
<surName>Saucedo</surName>
</individualName>
<organizationName>University of Georgia Marine Institute</organizationName>
<address><deliveryPoint>University of Georgia Marine Institute</deliveryPoint>
<city>Sapelo Island</city>
<administrativeArea>Georgia</administrativeArea>
<postalCode>31327</postalCode>
<country>USA</country>
</address>
<electronicMailAddress>dsaucedo@uga.edu</electronicMailAddress>
<userId directory="http://gce-lter.marsci.uga.edu/public/app/personnel_bios.asp?id=dsaucedo">dsaucedo</userId>
<role>Research technician</role>
</associatedParty>
<associatedParty><individualName><givenName>Jacob</givenName>
<surName>Shalack</surName>
</individualName>
<organizationName>University of Georgia Marine Institute</organizationName>
<address><deliveryPoint>University of Georgia Marine Institute</deliveryPoint>
<city>Sapelo Island</city>
<administrativeArea>Georgia</administrativeArea>
<postalCode>31327</postalCode>
<country>USA</country>
</address>
<electronicMailAddress>shalack@uga.edu</electronicMailAddress>
<userId directory="http://gce-lter.marsci.uga.edu/public/app/personnel_bios.asp?id=jshalack">jshalack</userId>
<role>Research technician</role>
</associatedParty>
<associatedParty><individualName><givenName>Kimberley</givenName>
<givenName>S.</givenName>
<surName>Hunter</surName>
</individualName>
<organizationName>University of Georgia</organizationName>
<address><deliveryPoint>Dept. of Marine Sciences</deliveryPoint>
<deliveryPoint>University of Georgia</deliveryPoint>
<city>Athens</city>
<administrativeArea>Georgia</administrativeArea>
<postalCode>30602</postalCode>
<country>USA</country>
</address>
<electronicMailAddress>kshunter@uga.edu</electronicMailAddress>
<userId directory="http://gce-lter.marsci.uga.edu/public/app/personnel_bios.asp?id=khunter">khunter</userId>
<role>Research technician</role>
</associatedParty>
<pubDate>2010</pubDate>
<abstract><section><title>Overview</title>
<para>We run regular cruises to measure the surface water concentrations of dissolved and particulate materials at core stations located across the GCE domain.  This includes dissolved inorganic nutrients (NO2-, NO3-, NH4+, HPO42-, and H2SiO42-), dissolved organics (DOC, TDN, DON, TDP, and DOP); chlorophyll a samples; total suspended sediment and particulate CN samples.</para>
<para>During 2008, the Joye lab (K. Hunter) processed a total of 6,720 samples from the monitoring cruises: 480 samples for determination of concentrations of dissolved inorganic nutrients (NO2-, NO3-, NH4+, HPO42-, and H2SiO42-) and dissolved organics (DOC, TDN, DON, TDP, and DOP); 480 chlorophyll a samples; 480 total suspended sediment and particulate CN samples. Analyses are completed through last spring’s samples; other analyses are in progress.</para>
</section>
<section><title>2009 Annual Report Update</title>
<para>Table 1 shows the averages and standard deviations for nutrient and DOC concentrations during 2009.  As observed in previous years, spatial and temporal variations among the study sites were apparent.  The highest NH4 concentrations were observed in Sapelo Sound (GCE 1); the average concentrations in the Altahama (GCE 8 and 9) were half those at GCE 1.  However, differences among the stations were not significant because of high variability in NH4 concentration.  The highest NOx concentrations were present in Altamaha Sound (GCE 7 and 8).  NOx concentrations in Sapelo and Doboy Sounds were significantly lower than those in Altamaha Sound.  In Altamaha Sound NOx concentrations usually exceeded NH4 concentration whereas in Doboy and Sapelo Sounds, concentrations of NH4 usually exceeded NOx.  DON concentrations were highest in Sapelo Sound (GCE 1).  Inorganic (PO4) and organic (DOP) phosphorus concentrations were highest in Sapelo Sound (GCE 1).  Phosphorus concentration tended to decrease along the salinity gradient (higher at lower salinity) in Sapelo and Altamaha Sounds.  DOC concentrations were highest in Sapelo Sound, followed by Doboy and Altamaha Sounds (which were not different from one another).  Silicate concentrations were also highest in Sapelo Sound (GCE 1).</para>
<para>The molar ratio of DIN:DIP was significantly below the Redfield Ratio (16:1) in Sapelo and Doboy Sounds, suggesting N limitation of primary production (Table 2).  In Altamaha Sound, the DIN:DIP ratio was not significantly different from Redfield at GCE 7 and 8 but was slightly below Redfield at GCE 9.  The ratio of DIN:DSi was significantly below Redfield (1:1) at all sites, providing further support for N limitation in these three estuarine systems.  The DON:DOP ratio, in contrast, exceeded Redfield at all sites.  The high concentrations of DON and DOP in this system suggest that organic N and P fuel a good portion of biological production.  </para>
<para>Chlorophyll concentrations were highest at GCE 1 in Sapelo Sound, and decreased along the salinity gradient (Table 3).  In contrast, chlorophyll concentrations increased with salinity in Doboy and Altamaha Sounds.  The pattern of TSS concentration followed that of chlorophyll, with highest concentrations at the freshwater end of Sapelo Sound (GCE 1) and at the seaward stations in the other two Sounds (GCE 6 and 9).  Overall concentrations of particulate organic carbon and nitrogen were highest in Altamaha Sound but the maximum concentrations were observed at GCE 1.</para>
</section>
<section><title>Associated GCE LTER research questions</title>
<para>Question 2: How do the spatial and temporal patterns of biogeochemical processes, primary production, community dynamics, decomposition, and disturbance vary across the estuarine landscape, and how do they relate to environmental gradients? (<ulink url="http://gce-lter.marsci.uga.edu/public/research/gce2_q2.asp">more information</ulink>)</para>
</section>
</abstract>
<keywordSet name="organization">
<keyword>LTER</keyword>
<keyword>NSF</keyword>
</keywordSet>
<keywordSet name="site">
<keyword>GCE</keyword>
</keywordSet>
<keywordSet name="theme">
<keyword>Georgia</keyword>
<keyword>inorganic</keyword>
<keyword>organic</keyword>
<keyword>water quality</keyword>
</keywordSet>
<coverage><geographicCoverage><geographicDescription>Overall geographic extent of the research project</geographicDescription>
<boundingCoordinates><westBoundingCoordinate>-81.582311</westBoundingCoordinate>
<eastBoundingCoordinate>-81.154122</eastBoundingCoordinate>
<northBoundingCoordinate>31.559628</northBoundingCoordinate>
<southBoundingCoordinate>31.172459</southBoundingCoordinate>
</boundingCoordinates>
</geographicCoverage>
<temporalCoverage><ongoing><beginDate><calendarDate>2001-01-01</calendarDate>
</beginDate>
</ongoing>
</temporalCoverage>
</coverage>
<funding><section><para>National Science Foundation grant numbers OCE-9982133 and OCE-0620959</para>
</section>
</funding>
<studyAreaDescription><descriptor name="hydrology" citableClassificationSystem="false">
<descriptorValue>estuary marsh complex</descriptorValue>
</descriptor>
<coverage><geographicCoverage><geographicDescription>Altamaha River - Altamaha River transect used for GCE quarterly hydrographic monitoring surveys.  Nominal profiling stations are defined every 2km from -4km to 40km (relative to station 0km at the line of demarcation), based on an estimated Thalweg line running up the main river channel.</geographicDescription>
<boundingCoordinates><westBoundingCoordinate>-81.582311</westBoundingCoordinate>
<eastBoundingCoordinate>-81.237936</eastBoundingCoordinate>
<northBoundingCoordinate>31.401403</northBoundingCoordinate>
<southBoundingCoordinate>31.296034</southBoundingCoordinate>
</boundingCoordinates>
</geographicCoverage>
<geographicCoverage><geographicDescription>Doboy Sound - Doboy Sound transect used for GCE quarterly hydrographic monitoring surveys.  Nominal profiling stations are defined every 2km from -2km to 12km and at 12.6km (relative to station 0km at the line of demarcation), based on an estimated Thalweg line running up the main sound channel.</geographicDescription>
<boundingCoordinates><westBoundingCoordinate>-81.368240</westBoundingCoordinate>
<eastBoundingCoordinate>-81.242954</eastBoundingCoordinate>
<northBoundingCoordinate>31.455664</northBoundingCoordinate>
<southBoundingCoordinate>31.340942</southBoundingCoordinate>
</boundingCoordinates>
</geographicCoverage>
<geographicCoverage><geographicDescription>Duplin River - Duplin River transect used for GCE quarterly hydrographic monitoring surveys.  Nominal profiling stations are defined at various locations along the Duplin River west of Sapelo Island, Georgia.</geographicDescription>
<boundingCoordinates><westBoundingCoordinate>-81.301987</westBoundingCoordinate>
<eastBoundingCoordinate>-81.263124</eastBoundingCoordinate>
<northBoundingCoordinate>31.486493</northBoundingCoordinate>
<southBoundingCoordinate>31.410854</southBoundingCoordinate>
</boundingCoordinates>
</geographicCoverage>
<geographicCoverage><geographicDescription>Intracoastal Waterway - Intracoastal Waterway transect used for GCE quarterly hydrographic monitoring surveys.  Nominal profiling stations are defined at varying distances from -28km to 32km (South to North, relative to station 0km at the sourthernmost tip of Wolf Island near the mouth of the Altamaha River), based on an estimated Thalweg line running up the main channel.</geographicDescription>
<boundingCoordinates><westBoundingCoordinate>-81.439160</westBoundingCoordinate>
<eastBoundingCoordinate>-81.257748</eastBoundingCoordinate>
<northBoundingCoordinate>31.546850</northBoundingCoordinate>
<southBoundingCoordinate>31.172459</southBoundingCoordinate>
</boundingCoordinates>
</geographicCoverage>
<geographicCoverage><geographicDescription>Sapelo River - Sapelo River transect used for GCE quarterly hydrographic monitoring surveys.  Nominal profiling stations are defined every 3-4km from 0km to 36km (relative to station 0km at the line of demarcation), based on an estimated Thalweg line running up the main river channel.</geographicDescription>
<boundingCoordinates><westBoundingCoordinate>-81.431980</westBoundingCoordinate>
<eastBoundingCoordinate>-81.154122</eastBoundingCoordinate>
<northBoundingCoordinate>31.559628</northBoundingCoordinate>
<southBoundingCoordinate>31.516636</southBoundingCoordinate>
</boundingCoordinates>
</geographicCoverage>
</coverage>
</studyAreaDescription>
<associatedMaterial category="data" id="knb-lter-gce.316" date="2009-08-13">
<distribution><online><onlineDescription>NUT-GCEM-0909a - Long-term water quality monitoring in the Altamaha, Doboy and Sapelo sounds and the Duplin River near Sapelo Island, Georgia from May 2001 to August 2009</onlineDescription>
<url>http://gce-lter.marsci.uga.edu/public/app/dataset_details.asp?id=316</url>
</online>
</distribution>
</associatedMaterial>
<associatedMaterial category="image">
<distribution><online><onlineDescription>Table 1. Dissolved inorganic and organic nutrients.</onlineDescription>
<url>http://gce-lter.marsci.uga.edu/public/resources/projects/Table1JoyeQ2.png</url>
</online>
</distribution>
</associatedMaterial>
<associatedMaterial category="image">
<distribution><online><onlineDescription>Table 2. Molar ratios of nutrients.</onlineDescription>
<url>http://gce-lter.marsci.uga.edu/public/resources/projects/Table2JoyeQ2.png</url>
</online>
</distribution>
</associatedMaterial>
<associatedMaterial category="image">
<distribution><online><onlineDescription>Table 3. Chlorophyll and particulates.</onlineDescription>
<url>http://gce-lter.marsci.uga.edu/public/resources/projects/Table3JoyeQ2.png</url>
</online>
</distribution>
</associatedMaterial>
</lter:researchProject>