<?xml version="1.0" encoding="UTF-8"?>
<lter:researchProject xmlns:lter="eml://ecoinformatics.org/lter-project-2.1.0" xmlns:xsi="http://www.w3.org/2001/XMLSchema-instance" xsi:schemaLocation="eml://ecoinformatics.org/lter-project-2.1.0 http://gce-lter.marsci.uga.edu/public/files/schemas/project-eml-210/lter-project.xsd" id="knb-lter-gce.p20" scope="system" system="knb">
<shortName>Salt marsh dieback</shortName>
<title>Salt marsh dieback in Georgia and Louisiana</title>
<creator><individualName><salutation>Dr.</salutation>
<givenName>Merryl</givenName>
<surName>Alber</surName>
</individualName>
<organizationName>University of Georgia</organizationName>
<address><deliveryPoint>Dept. of Marine Sciences</deliveryPoint>
<deliveryPoint>University of Georgia</deliveryPoint>
<city>Athens</city>
<administrativeArea>Georgia</administrativeArea>
<postalCode>30602-3636</postalCode>
<country>USA</country>
</address>
<electronicMailAddress>malber@uga.edu</electronicMailAddress>
<onlineUrl>http://www.gcrc.uga.edu/Affiliates/alber_merryl.htm</onlineUrl>
<userId directory="http://gce-lter.marsci.uga.edu/public/app/personnel_bios.asp?id=malber">malber</userId>
</creator>
<metadataProvider><organizationName>Georgia Coastal Ecosystems LTER Project</organizationName>
<address><deliveryPoint>Dept. of Marine Sciences</deliveryPoint>
<deliveryPoint>University of Georgia</deliveryPoint>
<city>Athens</city>
<administrativeArea>Georgia</administrativeArea>
<postalCode>30602-3636</postalCode>
<country>USA</country>
</address>
<electronicMailAddress>gcelter@uga.edu</electronicMailAddress>
<onlineUrl>http://gce-lter.marsci.uga.edu/</onlineUrl>
</metadataProvider>
<associatedParty><individualName><salutation>Dr.</salutation>
<givenName>Merryl</givenName>
<surName>Alber</surName>
</individualName>
<organizationName>University of Georgia</organizationName>
<address><deliveryPoint>Dept. of Marine Sciences</deliveryPoint>
<deliveryPoint>University of Georgia</deliveryPoint>
<city>Athens</city>
<administrativeArea>Georgia</administrativeArea>
<postalCode>30602-3636</postalCode>
<country>USA</country>
</address>
<electronicMailAddress>malber@uga.edu</electronicMailAddress>
<onlineUrl>http://www.gcrc.uga.edu/Affiliates/alber_merryl.htm</onlineUrl>
<userId directory="http://gce-lter.marsci.uga.edu/public/app/personnel_bios.asp?id=malber">malber</userId>
<role>Principal investigator</role>
<temporalCoverage><ongoing><beginDate><calendarDate>2002-01-01</calendarDate>
</beginDate>
</ongoing>
</temporalCoverage>
</associatedParty>
<associatedParty><individualName><salutation>Dr.</salutation>
<givenName>Samantha</givenName>
<givenName>B.</givenName>
<surName>Joye</surName>
</individualName>
<organizationName>University of Georgia</organizationName>
<address><deliveryPoint>Dept. of Marine Sciences</deliveryPoint>
<deliveryPoint>University of Georgia</deliveryPoint>
<city>Athens</city>
<administrativeArea>Georgia</administrativeArea>
<postalCode>30602-3636</postalCode>
<country>USA</country>
</address>
<electronicMailAddress>mjoye@uga.edu</electronicMailAddress>
<onlineUrl>http://www.marsci.uga.edu/FacultyPages/Joye/</onlineUrl>
<userId directory="http://gce-lter.marsci.uga.edu/public/app/personnel_bios.asp?id=mjoye">mjoye</userId>
<role>Co-investigator</role>
</associatedParty>
<associatedParty><individualName><givenName>Matthew</givenName>
<givenName>B.</givenName>
<surName>Ogburn</surName>
</individualName>
<organizationName>University of Georgia</organizationName>
<address><deliveryPoint>Dept. of Marine Sciences</deliveryPoint>
<deliveryPoint>University of Georgia</deliveryPoint>
<city>Athens</city>
<administrativeArea>Georgia</administrativeArea>
<postalCode>30602-3636</postalCode>
<country>USA</country>
</address>
<electronicMailAddress>ogburn@uga.edu</electronicMailAddress>
<userId directory="http://gce-lter.marsci.uga.edu/public/app/personnel_bios.asp?id=mogburn">mogburn</userId>
<role>Graduate research assistant</role>
<temporalCoverage><rangeOfDates><beginDate><calendarDate>2002-01-01</calendarDate>
</beginDate>
<endDate><calendarDate>2004-12-31</calendarDate>
</endDate>
</rangeOfDates>
</temporalCoverage>
</associatedParty>
<associatedParty><individualName><givenName>Caroline</givenName>
<givenName>R.</givenName>
<surName>McFarlin</surName>
</individualName>
<organizationName>University of Georgia</organizationName>
<address><deliveryPoint>Dept. of Marine Sciences</deliveryPoint>
<deliveryPoint>University of Georgia</deliveryPoint>
<city>Athens</city>
<administrativeArea>Georgia</administrativeArea>
<postalCode>30602-3636</postalCode>
<country>USA</country>
</address>
<electronicMailAddress>car@uga.edu</electronicMailAddress>
<userId directory="http://gce-lter.marsci.uga.edu/public/app/personnel_bios.asp?id=cmcfarlin">cmcfarlin</userId>
<role>Graduate research assistant</role>
</associatedParty>
<pubDate>2010</pubDate>
<abstract><section><title>Overview</title>
<para>Salt marsh dieback continues to be an issue of interest on the coast of Georgia.  We are still recovering from the widespread event of 2001-2002, and new dieback areas were reported in 2007.  Dieback research activities include transplant experiments; a coast-wide monitoring program coordinated by the Georgia Coastal Research Council; and efforts to differentiate dieback from other factors that could cause bare areas (e.g. wrack accumulation).</para>
</section>
<section><title>Comparison with Louisiana</title>
<para>M. Alber and S. Joye are working on a project in association with investigators from Louisiana (M. Hester, University of Louisiana Lafayette and I. Mendelssohn, Louisiana State University) to compare dieback in the two states.  The project involves manipulating the density of salt marsh plants and evaluating how different ecological characteristics vary across a gradient from no plants (dieback areas) all the way to normal plant densities.  Study sites are set up at Sapelo Island, GA and also in Port Fourchon, LA.</para>
</section>
<section><title>Associated GCE LTER research questions</title>
<para>Question 2: How do the spatial and temporal patterns of biogeochemical processes, primary production, community dynamics, decomposition, and disturbance vary across the estuarine landscape, and how do they relate to environmental gradients? (<ulink url="http://gce-lter.marsci.uga.edu/public/research/gce2_q2.asp">more information</ulink>)</para>
</section>
</abstract>
<keywordSet name="organization">
<keyword>LTER</keyword>
<keyword>NSF</keyword>
</keywordSet>
<keywordSet name="place">
<keyword>Georgia</keyword>
<keyword>Port Fourchon</keyword>
<keyword>Sapelo Island</keyword>
</keywordSet>
<keywordSet name="site">
<keyword>GCE</keyword>
</keywordSet>
<keywordSet name="theme">
<keyword>dieback</keyword>
<keyword>salt marsh</keyword>
<keyword>wrack</keyword>
</keywordSet>
<coverage><geographicCoverage><geographicDescription>Overall geographic extent of the research project</geographicDescription>
<boundingCoordinates><westBoundingCoordinate>-81.759763</westBoundingCoordinate>
<eastBoundingCoordinate>-81.119291</eastBoundingCoordinate>
<northBoundingCoordinate>31.771190</northBoundingCoordinate>
<southBoundingCoordinate>30.892711</southBoundingCoordinate>
</boundingCoordinates>
</geographicCoverage>
<temporalCoverage><ongoing><beginDate><calendarDate>2002-01-01</calendarDate>
</beginDate>
</ongoing>
</temporalCoverage>
</coverage>
<funding><section><para>National Science Foundation grant numbers OCE-9982133 and OCE-0620959. Additional funding provided by NOAA NERRS graduate student fellowship.</para>
</section>
</funding>
<studyAreaDescription><descriptor name="hydrology" citableClassificationSystem="false">
<descriptorValue>estuary marsh complex</descriptorValue>
</descriptor>
<coverage><geographicCoverage><geographicDescription>Central Georgia Coast - Central Georgia coastal region from the South Newport River (northern extent) to the Satilla River (southern extent), and from the outer banks of the barrier islands (eastern extent) to approximately 35km inland (western extent)</geographicDescription>
<boundingCoordinates><westBoundingCoordinate>-81.759763</westBoundingCoordinate>
<eastBoundingCoordinate>-81.119291</eastBoundingCoordinate>
<northBoundingCoordinate>31.771190</northBoundingCoordinate>
<southBoundingCoordinate>30.892711</southBoundingCoordinate>
</boundingCoordinates>
</geographicCoverage>
</coverage>
</studyAreaDescription>
<associatedMaterial category="publication" id="gce.457" date="2008">
<distribution><offline><mediumName>Alber, M., Swenson, E.M., Adamowicz, S.C. and Mendelssohn, I.A. 2008. Salt marsh dieback: An overview of recent events in the US. Estuarine, Coastal and Shelf Science. 80:1-11. (DOI: 10.1016/j.ecss.2008.08.009)</mediumName>
</offline>
</distribution>
</associatedMaterial>
<associatedMaterial category="publication" id="gce.407" date="2007">
<distribution><offline><mediumName>Alber, M., Mackinnon, J., Hurley, D. and Curran, M.C. 2007. Presentation: Salt Marsh Dieback in Georgia. Estuarine Research Federations 2007 Annual Meeting, 4-8 November 2007, Providence, Rhode Island.</mediumName>
</offline>
</distribution>
</associatedMaterial>
<associatedMaterial category="publication" id="gce.408" date="2007">
<distribution><offline><mediumName>Hester, M.W., Mendelssohn, I.A., Alber, M. and Joye, S.B. 2007. Presentation: Climate-Linked Alteration of Ecosystem Services in Tidal Salt Marshes of Georgia and Louisiana: Preliminary Findings. Estuarine Research Federations 2007 Annual Meeting, 4-8 November 2007, Providence, Rhode Island.</mediumName>
</offline>
</distribution>
</associatedMaterial>
<associatedMaterial category="publication" id="gce.409" date="2007">
<distribution><offline><mediumName>McFarlin, C.R., Kenemer, B., Alber, M., Hester, M.W. and Bishop, T.D. 2007. Poster: A Comparison of Dieback Effects on Salt Marsh Invertebrates in Georgia and Louisiana. Estuarine Research Federations 2007 Annual Meeting, 4-8 November 2007, Providence, Rhode Island.</mediumName>
</offline>
</distribution>
</associatedMaterial>
<associatedMaterial category="publication" id="gce.281" date="2006">
<distribution><online><onlineDescription>Ogburn, M.B. and Alber, M. 2006. An Investigation of Salt Marsh Dieback in Georgia using Field Transplants.  Estuaries and Coasts. 29(1):54-62</onlineDescription>
<url>http://gce-lter.marsci.uga.edu/public/files/pubs/GCEPub281_Ogburn_Alber_Estuaries_2005.pdf</url>
</online>
</distribution>
</associatedMaterial>
<associatedMaterial category="publication" id="gce.347" date="2006">
<distribution><online><onlineDescription>McFarlin, C.R., Ogburn, M.B. and Alber, M. 2006. Poster: The recent status and trends of two Georgia marsh dieback sites. Spring 2006 Meeting of the Southeastern Estuarine Research Society, March 30-April 1, 2006, St. Augustine, Florida.</onlineDescription>
<url>http://gce-lter.marsci.uga.edu/public/files/pubs/McFarlin_SEERS_poster_2006.ppt</url>
</online>
</distribution>
</associatedMaterial>
<associatedMaterial category="publication" id="gce.360" date="2006">
<distribution><offline><mediumName>Alber, M. 2006. Presentation: Salt marsh dieback in Georgia. Sudden wetland dieback meeting, May 24, 2006, Wellfleet, Massachussetts.</mediumName>
</offline>
</distribution>
</associatedMaterial>
<associatedMaterial category="publication" id="gce.362" date="2006">
<distribution><offline><mediumName>Alber, M. 2006. Presentation: Losses of foundation species and the consequences for ecosystem structure and function. Working group at the LTER All Scientists Meeting, September 20-24, 2006. Estes Park, Colorado.</mediumName>
</offline>
</distribution>
</associatedMaterial>
<associatedMaterial category="publication" id="gce.363" date="2006">
<distribution><offline><mediumName>Alber, M. 2006. Presentation: CSI Ecology: Salt marsh dieback in Georgia. University of Georgia Department of Geology, Athens, Georgia.</mediumName>
</offline>
</distribution>
</associatedMaterial>
<associatedMaterial category="publication" id="gce.213" date="2004">
<distribution><online><onlineDescription>O'Connell, S.G., Ogburn, M. and Alber, M. 2004. Poster:  Soil characteristics at marsh dieback areas along the Georgia coast. Semiannual Meeting of the Southeastern Estuarine Research Society. Marsh Grass - Poster Session. Southeastern Estuarine Research Society, 15-17 April 2004, Ft. Pierce, FL.</onlineDescription>
<url>http://gce-lter.marsci.uga.edu/public/files/pubs/OConnell_SEERS_Soil_Apr04.pdf</url>
</online>
</distribution>
</associatedMaterial>
<associatedMaterial category="publication" id="gce.215" date="2004">
<distribution><offline><mediumName>Ogburn, M.B. and Alber, M. 2004. Presentation:  Salt Marsh Dieback in Georgia: Field Survey and Transplant Experiments. Semiannual Meeting of the Southeastern Estuarine Research Society. Southeastern Estuarine Research Society, 15-17 April 2004, Ft. Pierce, FL.</mediumName>
</offline>
</distribution>
</associatedMaterial>
<associatedMaterial category="publication" id="gce.247" date="2004">
<distribution><online><onlineDescription>Ogburn, M.B. 2004. Salt marsh dieback in Georgia: Field survey and transplant experiments. M.S. Thesis, University of Georgia, Athens, Georgia. 108 pp.</onlineDescription>
<url>http://gce-lter.marsci.uga.edu/public/files/pubs/Ogburn_Matthew_MS_2004.pdf</url>
</online>
</distribution>
</associatedMaterial>
<associatedMaterial category="publication" id="gce.249" date="2004">
<distribution><offline><mediumName>Alber, M. 2004. Presentation:  Marsh dieback studies in Georgia. Georgia Coastal Research Council Marsh Dieback Workshop. February, 2004, Savannah, Georgia.</mediumName>
</offline>
</distribution>
</associatedMaterial>
<associatedMaterial category="publication" id="gce.251" date="2004">
<distribution><offline><mediumName>Alber, M. 2004. Presentation:  Marsh dieback efforts and workshop report. Georgia Coastal Research Council Conference. February 2004, Savannah, Georgia.</mediumName>
</offline>
</distribution>
</associatedMaterial>
<associatedMaterial category="publication" id="gce.252" date="2004">
<distribution><offline><mediumName>Ogburn, M.B. and Alber, M. 2004. Presentation:  An Investigation of Salt Marsh Dieback using Transplant Experiments. Georgia Coastal Research Council Conference. February 2004, Savannah, Georgia.</mediumName>
</offline>
</distribution>
</associatedMaterial>
</lter:researchProject>