<?xml version="1.0" encoding="UTF-8"?>
<lter:researchProject xmlns:lter="eml://ecoinformatics.org/lter-project-2.1.0" xmlns:xsi="http://www.w3.org/2001/XMLSchema-instance" xsi:schemaLocation="eml://ecoinformatics.org/lter-project-2.1.0 http://gce-lter.marsci.uga.edu/public/files/schemas/project-eml-210/lter-project.xsd" id="knb-lter-gce.p9" scope="system" system="knb">
<shortName>Plant litter decomposition</shortName>
<title>Processing of salt marsh plant litter by detritivores</title>
<creator><individualName><salutation>Dr.</salutation>
<givenName>Steven</givenName>
<givenName>C.</givenName>
<surName>Pennings</surName>
</individualName>
<organizationName>University of Houston</organizationName>
<address><deliveryPoint>Department of Biology and Biochemistry</deliveryPoint>
<deliveryPoint>University of Houston</deliveryPoint>
<city>Houston</city>
<administrativeArea>Texas</administrativeArea>
<postalCode>77204-5513</postalCode>
<country>USA</country>
</address>
<electronicMailAddress>scpennin@central.uh.edu</electronicMailAddress>
<onlineUrl>http://www.bchs.uh.edu/~steve/</onlineUrl>
<userId directory="http://gce-lter.marsci.uga.edu/public/app/personnel_bios.asp?id=spennings">spennings</userId>
</creator>
<metadataProvider><organizationName>Georgia Coastal Ecosystems LTER Project</organizationName>
<address><deliveryPoint>Dept. of Marine Sciences</deliveryPoint>
<deliveryPoint>University of Georgia</deliveryPoint>
<city>Athens</city>
<administrativeArea>Georgia</administrativeArea>
<postalCode>30602-3636</postalCode>
<country>USA</country>
</address>
<electronicMailAddress>gcelter@uga.edu</electronicMailAddress>
<onlineUrl>http://gce-lter.marsci.uga.edu/</onlineUrl>
</metadataProvider>
<associatedParty><individualName><salutation>Dr.</salutation>
<givenName>Steven</givenName>
<givenName>C.</givenName>
<surName>Pennings</surName>
</individualName>
<organizationName>University of Houston</organizationName>
<address><deliveryPoint>Department of Biology and Biochemistry</deliveryPoint>
<deliveryPoint>University of Houston</deliveryPoint>
<city>Houston</city>
<administrativeArea>Texas</administrativeArea>
<postalCode>77204-5513</postalCode>
<country>USA</country>
</address>
<electronicMailAddress>scpennin@central.uh.edu</electronicMailAddress>
<onlineUrl>http://www.bchs.uh.edu/~steve/</onlineUrl>
<userId directory="http://gce-lter.marsci.uga.edu/public/app/personnel_bios.asp?id=spennings">spennings</userId>
<role>Principal investigator</role>
</associatedParty>
<associatedParty><individualName><salutation>Dr.</salutation>
<givenName>Martin</givenName>
<surName>Zimmer</surName>
</individualName>
<organizationName>Christian-Albrechts-Universität zu Kiel</organizationName>
<address><deliveryPoint>Zoologisches Institut</deliveryPoint>
<deliveryPoint>Christian-Albrechts-Universität zu Kiel</deliveryPoint>
<deliveryPoint>Am Botanischen Garten 1-9</deliveryPoint>
<city>Kiel</city>
<postalCode>D-24098</postalCode>
<country>Germany</country>
</address>
<electronicMailAddress>mzimmer@zoologie.uni-kiel.de</electronicMailAddress>
<onlineUrl>http://www.uni-kiel.de/zoologie/institut/limnologie/mzimmer.htm</onlineUrl>
<userId directory="http://gce-lter.marsci.uga.edu/public/app/personnel_bios.asp?id=mzimmer">mzimmer</userId>
<role>Co-investigator</role>
</associatedParty>
<associatedParty><individualName><salutation>Dr.</salutation>
<givenName>Kazimierz</givenName>
<surName>Wieski</surName>
</individualName>
<organizationName>University of Houston</organizationName>
<address><city>Houston</city>
<administrativeArea>Texas</administrativeArea>
<country>USA</country>
</address>
<userId directory="http://gce-lter.marsci.uga.edu/public/app/personnel_bios.asp?id=kwieski">kwieski</userId>
<role>Research technician</role>
</associatedParty>
<associatedParty><individualName><givenName>Tracy</givenName>
<givenName>L.</givenName>
<surName>Buck</surName>
</individualName>
<organizationName>University of Georgia Marine Institute</organizationName>
<address><deliveryPoint>University of Georgia Marine Institute</deliveryPoint>
<city>Sapelo Island</city>
<administrativeArea>Georgia</administrativeArea>
<postalCode>31327</postalCode>
<country>USA</country>
</address>
<electronicMailAddress>sugarpig@uga.edu</electronicMailAddress>
<userId directory="http://gce-lter.marsci.uga.edu/public/app/personnel_bios.asp?id=tbuck">tbuck</userId>
<role>Research technician</role>
</associatedParty>
<associatedParty><individualName><salutation>Dr.</salutation>
<givenName>Thomas</givenName>
<surName>Carefoot</surName>
</individualName>
<organizationName>University of British Columbia</organizationName>
<address><deliveryPoint>Department of Zoology</deliveryPoint>
<deliveryPoint>University of British Columbia</deliveryPoint>
<city>Vancouver</city>
<administrativeArea>British Columbia</administrativeArea>
<postalCode>V6T 1Z4</postalCode>
<country>Canada</country>
</address>
<electronicMailAddress>carefoot@zoology.ubc.ca</electronicMailAddress>
<userId directory="http://gce-lter.marsci.uga.edu/public/app/personnel_bios.asp?id=tcarefoot">tcarefoot</userId>
<role>Field helper</role>
</associatedParty>
<associatedParty><individualName><givenName>Yurv</givenName>
<surName>Zablotski</surName>
</individualName>
<organizationName>Christian-Albrechts-Universität zu Kiel</organizationName>
<address><deliveryPoint>Zoologisches Institut</deliveryPoint>
<deliveryPoint>Christian-Albrechts-Universität zu Kiel</deliveryPoint>
<city>Kiel</city>
<postalCode>D-24118</postalCode>
<country>Germany</country>
</address>
<userId directory="http://gce-lter.marsci.uga.edu/public/app/personnel_bios.asp?id=yzablotski">yzablotski</userId>
<role>Field helper</role>
</associatedParty>
<associatedParty><individualName><givenName>Annika</givenName>
<surName>Beiersdorf</surName>
</individualName>
<organizationName>Christian-Albrechts-Universität zu Kiel</organizationName>
<address><deliveryPoint>Zoologisches Institut</deliveryPoint>
<deliveryPoint>Christian-Albrechts-Universität zu Kiel</deliveryPoint>
<city>Kiel</city>
<postalCode>D-24098</postalCode>
<country>Germany</country>
</address>
<userId directory="http://gce-lter.marsci.uga.edu/public/app/personnel_bios.asp?id=abeiersdorf">abeiersdorf</userId>
<role>Field helper</role>
</associatedParty>
<associatedParty><individualName><givenName>Christine</givenName>
<surName>Ewers</surName>
</individualName>
<organizationName>Christian-Albrechts University</organizationName>
<address><deliveryPoint>Christian-Albrechts University</deliveryPoint>
<country>Germany</country>
</address>
<userId directory="http://gce-lter.marsci.uga.edu/public/app/personnel_bios.asp?id=cewers">cewers</userId>
<role>Field helper</role>
</associatedParty>
<associatedParty><individualName><givenName>Franziska</givenName>
<surName>Seer</surName>
</individualName>
<organizationName>Christian-Albrechts-Universität zu Kiel</organizationName>
<address><deliveryPoint>Zoologisches Institut</deliveryPoint>
<deliveryPoint>Christian-Albrechts-Universität zu Kiel</deliveryPoint>
<city>Keil</city>
<postalCode>D-24098</postalCode>
<country>Germany</country>
</address>
<userId directory="http://gce-lter.marsci.uga.edu/public/app/personnel_bios.asp?id=fseer">fseer</userId>
<role>Field helper</role>
</associatedParty>
<associatedParty><individualName><givenName>Gregor</givenName>
<surName>Putze</surName>
</individualName>
<organizationName>Christian-Albrechts-Universität zu Kiel</organizationName>
<address><deliveryPoint>Zoologisches Instit</deliveryPoint>
<deliveryPoint>Christian-Albrechts-Universität zu Kiel</deliveryPoint>
<city>Keil</city>
<postalCode>D-24098</postalCode>
<country>Germany</country>
</address>
<userId directory="http://gce-lter.marsci.uga.edu/public/app/personnel_bios.asp?id=gputze">gputze</userId>
<role>Field helper</role>
</associatedParty>
<associatedParty><individualName><givenName>Lena</givenName>
<surName>Huebner</surName>
</individualName>
<organizationName>Christian-Albrechts-Universität zu Kiel</organizationName>
<address><deliveryPoint>Zoologisches Institut</deliveryPoint>
<deliveryPoint>Christian-Albrechts-Universität zu Kiel</deliveryPoint>
<city>Kiel</city>
<postalCode>D-24098</postalCode>
<country>Germany</country>
</address>
<userId directory="http://gce-lter.marsci.uga.edu/public/app/personnel_bios.asp?id=lhuebner">lhuebner</userId>
<role>Field helper</role>
</associatedParty>
<associatedParty><individualName><givenName>Malte</givenName>
<surName>Mews</surName>
</individualName>
<organizationName>Christian-Albrechts-Universität zu Kiel</organizationName>
<address><deliveryPoint>Zoologisches Institut</deliveryPoint>
<deliveryPoint>Christian-Albrechts-Universität zu Kiel</deliveryPoint>
<city>Kiel</city>
<postalCode>D-24098</postalCode>
<country>Germany</country>
</address>
<userId directory="http://gce-lter.marsci.uga.edu/public/app/personnel_bios.asp?id=mmews">mmews</userId>
<role>Field helper</role>
</associatedParty>
<pubDate>2010</pubDate>
<abstract><section><title>Overview</title>
<para>Martin Zimmer (Univ of Kiel) and his students have worked with S. Pennings (UH) to understand processing of salt marsh plant litter by detritivores and interactions among detritivores.  Questions addressed include: 1) how do omnivores choose among different diets, 2) how do detritivores differ in processing different types of plant litter, 3) how do omnivores interact with detritivores to affect litter processing, and 4) how does abiotic habitat affect the rate of litter processing?  These questions have been addressed using a combination of laboratory and field experiments.</para>
</section>
<section><title>Associated GCE LTER research questions</title>
<para>Question 2: How do the spatial and temporal patterns of biogeochemical processes, primary production, community dynamics, decomposition, and disturbance vary across the estuarine landscape, and how do they relate to environmental gradients? (<ulink url="http://gce-lter.marsci.uga.edu/public/research/gce2_q2.asp">more information</ulink>)</para>
</section>
</abstract>
<keywordSet name="organization">
<keyword>LTER</keyword>
<keyword>NSF</keyword>
</keywordSet>
<keywordSet name="place">
<keyword>Georgia</keyword>
</keywordSet>
<keywordSet name="site">
<keyword>GCE</keyword>
</keywordSet>
<keywordSet name="theme">
<keyword>detritivore</keyword>
<keyword>litter</keyword>
<keyword>omnivore</keyword>
<keyword>salt marsh</keyword>
</keywordSet>
<coverage><geographicCoverage><geographicDescription>Overall geographic extent of the research project</geographicDescription>
<boundingCoordinates><westBoundingCoordinate>-81.759763</westBoundingCoordinate>
<eastBoundingCoordinate>-81.119291</eastBoundingCoordinate>
<northBoundingCoordinate>31.771190</northBoundingCoordinate>
<southBoundingCoordinate>30.892711</southBoundingCoordinate>
</boundingCoordinates>
</geographicCoverage>
<temporalCoverage><ongoing><beginDate><calendarDate>2000-01-01</calendarDate>
</beginDate>
</ongoing>
</temporalCoverage>
</coverage>
<funding><section><para>National Science Foundation grant numbers OCE-9982133 and OCE-0620959</para>
</section>
</funding>
<studyAreaDescription><descriptor name="hydrology" citableClassificationSystem="false">
<descriptorValue>estuary marsh complex</descriptorValue>
</descriptor>
<coverage><geographicCoverage><geographicDescription>Central Georgia Coast - Central Georgia coastal region from the South Newport River (northern extent) to the Satilla River (southern extent), and from the outer banks of the barrier islands (eastern extent) to approximately 35km inland (western extent)</geographicDescription>
<boundingCoordinates><westBoundingCoordinate>-81.759763</westBoundingCoordinate>
<eastBoundingCoordinate>-81.119291</eastBoundingCoordinate>
<northBoundingCoordinate>31.771190</northBoundingCoordinate>
<southBoundingCoordinate>30.892711</southBoundingCoordinate>
</boundingCoordinates>
</geographicCoverage>
</coverage>
</studyAreaDescription>
<associatedMaterial category="publication" id="gce.223" date="2004">
<distribution><offline><mediumName>Zimmer, M., Pennings, S.C., Buck, T.L. and Carefoot, T.H. 2004. Salt Marsh Litter and Detritivores: A Closer Look at Redundancy. Estuaries. 27(5):753–769.</mediumName>
</offline>
</distribution>
</associatedMaterial>
<associatedMaterial category="publication" id="gce.110" date="2003">
<distribution><offline><mediumName>Buck, T.L., Breed, G.A., Pennings, S.C., Chase, M.E., Zimmer, M. and Carefoot, T.H. 2003. Diet choice in an omnivorous salt marsh crab: different food types, claw allometry, and habitat complexity. Journal of Experimental Marine Biology and Ecology. 292:103-116.</mediumName>
</offline>
</distribution>
</associatedMaterial>
<associatedMaterial category="publication" id="gce.94" date="2002">
<distribution><offline><mediumName>Zimmer, M., Pennings, S.C., Buck, T.L. and Carefoot, T.H. 2002. Species-specific patterns of litter processing by terrestrial isopods (Isopoda: Oniscidea) in high intertidal salt marshes and coastal forests. Functional Ecology. 16:596-607.</mediumName>
</offline>
</distribution>
</associatedMaterial>
</lter:researchProject>