<?xml version="1.0" encoding="UTF-8"?>
<lter:researchProject xmlns:lter="eml://ecoinformatics.org/lter-project-2.1.0" xmlns:xsi="http://www.w3.org/2001/XMLSchema-instance" xsi:schemaLocation="eml://ecoinformatics.org/lter-project-2.1.0 http://gce-lter.marsci.uga.edu/public/files/schemas/project-eml-210/lter-project.xsd" id="knb-lter-gce.p63" scope="system" system="knb">
<shortName>Waves, turbulence, and circulation in the Altamaha River estuary</shortName>
<title>Waves, turbulence, and circulation in the Altamaha River estuary</title>
<creator><individualName><salutation>Dr.</salutation>
<givenName>Daniela</givenName>
<surName>Di Iorio</surName>
</individualName>
<organizationName>University of Georgia</organizationName>
<address><deliveryPoint>Dept. of Marine Sciences</deliveryPoint>
<deliveryPoint>University of Georgia</deliveryPoint>
<city>Athens</city>
<administrativeArea>Georgia</administrativeArea>
<postalCode>30602-3636</postalCode>
<country>USA</country>
</address>
<electronicMailAddress>daniela@uga.edu</electronicMailAddress>
<onlineUrl>http://www.marsci.uga.edu/FacultyPages/Daniela/daniela.html</onlineUrl>
<userId directory="http://gce-lter.marsci.uga.edu/public/app/personnel_bios.asp?id=ddiiorio">ddiiorio</userId>
</creator>
<metadataProvider><organizationName>Georgia Coastal Ecosystems LTER Project</organizationName>
<address><deliveryPoint>Dept. of Marine Sciences</deliveryPoint>
<deliveryPoint>University of Georgia</deliveryPoint>
<city>Athens</city>
<administrativeArea>Georgia</administrativeArea>
<postalCode>30602-3636</postalCode>
<country>USA</country>
</address>
<electronicMailAddress>gcelter@uga.edu</electronicMailAddress>
<onlineUrl>http://gce-lter.marsci.uga.edu/</onlineUrl>
</metadataProvider>
<associatedParty><individualName><salutation>Dr.</salutation>
<givenName>Daniela</givenName>
<surName>Di Iorio</surName>
</individualName>
<organizationName>University of Georgia</organizationName>
<address><deliveryPoint>Dept. of Marine Sciences</deliveryPoint>
<deliveryPoint>University of Georgia</deliveryPoint>
<city>Athens</city>
<administrativeArea>Georgia</administrativeArea>
<postalCode>30602-3636</postalCode>
<country>USA</country>
</address>
<electronicMailAddress>daniela@uga.edu</electronicMailAddress>
<onlineUrl>http://www.marsci.uga.edu/FacultyPages/Daniela/daniela.html</onlineUrl>
<userId directory="http://gce-lter.marsci.uga.edu/public/app/personnel_bios.asp?id=ddiiorio">ddiiorio</userId>
<role>Principal investigator</role>
<temporalCoverage><rangeOfDates><beginDate><calendarDate>2001-01-01</calendarDate>
</beginDate>
<endDate><calendarDate>2006-12-31</calendarDate>
</endDate>
</rangeOfDates>
</temporalCoverage>
</associatedParty>
<associatedParty><individualName><salutation>Dr.</salutation>
<givenName>KiRyong</givenName>
<surName>Kang</surName>
</individualName>
<organizationName>University of Georgia</organizationName>
<address><deliveryPoint>Dept. of Marine Sciences</deliveryPoint>
<deliveryPoint>University of Georgia</deliveryPoint>
<city>Athens</city>
<administrativeArea>Georgia</administrativeArea>
<postalCode>30602-3636</postalCode>
<country>USA</country>
</address>
<electronicMailAddress>krkang@uga.edu</electronicMailAddress>
<userId directory="http://gce-lter.marsci.uga.edu/public/app/personnel_bios.asp?id=kkang">kkang</userId>
<role>Graduate research assistant</role>
<temporalCoverage><rangeOfDates><beginDate><calendarDate>2001-01-01</calendarDate>
</beginDate>
<endDate><calendarDate>2006-12-31</calendarDate>
</endDate>
</rangeOfDates>
</temporalCoverage>
</associatedParty>
<pubDate>2010</pubDate>
<abstract><section><title>Overview</title>
<para>K. Kang (Ph.D. student, UGA) and D. Di Iorio evaluated physical processes in the Altamaha River estuary such as sea surface waves, turbulence, and residual circulation using several observational data sets and modeling experiments. </para>
<para>A study of sea surface wave propagation and its energy deformation was carried out using field observations and numerical experiments over a region spanning the midshelf of the South Atlantic Bight (SAB) to the Altamaha River Estuary, GA (Figure 1 - Study Area).  Wave heights on the shelf region correlate with the wind observations and directional observations show that most of the wave energy is incident from the easterly direction. Comparing mid-shelf and inner-shelf wave heights during a time when there was no wind and hence no wave development led to an estimation of wave energy dissipation due to bottom friction with corresponding wave dissipation factor of 0.07 for the gently sloping continental shelf of the SAB.  After interacting with the shoaling region of the Altamaha River, the wave energy within the estuary becomes periodic in time showing wave energy during flood to high water phase of the tide and very little wave energy during ebb to low water.  This periodic modulation inside the estuary is a direct result of enhanced depth and current-induced wave breaking that occurs at the ebb shoaling region surrounding the Altamaha River mouth at longitude 81.23W.  Modeling results with STWAVE showed that depth-induced wave breaking is more important during the low water phase of the tide than current-induced wave breaking during the ebb phase of the tide.  During the flood to high water phase of the tide, wave energy propagates into the estuary.  Measurements of the significant wave height within the estuary showed a maximum wave height difference of 0.4 m between the slack high water (SHW) and slack low water (SLW).  In this shallow environment these wave-current interactions lead to an apparent bottom roughness that is increased from typical hydraulic roughness values, leading to an enhanced bottom friction coefficient.</para>
<para>Turbulent flow characteristics under two significantly different river discharge periods were studied in the Altamaha River Estuary, GA using a variety of moored instrumentation, combined with detailed water column profiling from an anchored vessel. Estimates of the Reynolds stress, shear production (P), and dissipation rate   were derived and compared for the two contrasting river conditions which essentially characterized the estuary as weakly stratified during low discharge (2001) and partially mixed during high discharge (2003). Wave effects were removed from the measurement of turbulent kinetic energy (TKE) using a linear filtration method and a -5/3 slope was fit for an indirect measurement of  . We suggest two possible mechanisms for observed flood/ebb asymmetries in the shear production of energy: wave-induced bottom roughness change or the competing effects of the barotropic and baroclinic pressure gradients. For 2001 the buoyancy flux was estimated by calculating the dissipation of temperature variance from rapidly sampled temperature time series over two different tidal cycles. The mixing efficiency   approached 0.25 but was on average 0.05.  The mixing rate depended on the flow and stratification with highest values of 200 cm2/s during maximum flow and weakest stratification and lowest values of .1 cm2/s during low flow and greater stratification.  A balance of production and dissipation of energy was achieved only during ebb tide in 2001, implying that turbulent transport of TKE maybe a consideration since buoyancy dissipation is too small for 2001 and would only enhance the imbalance further in 2003 because of strong stratification that exists during the flood and ebb tide.</para>
<para>A study of estuarine flows during a neap tide was performed using 13-hour roving acoustic Doppler current profiles (ADCP) and conductivity-temperature-depth (CTD) profiles in the Altamaha River estuary, Geo</para>
</section>
<section><title>Associated GCE LTER research questions</title>
<para>Question 2: How do the spatial and temporal patterns of biogeochemical processes, primary production, community dynamics, decomposition, and disturbance vary across the estuarine landscape, and how do they relate to environmental gradients? (<ulink url="http://gce-lter.marsci.uga.edu/public/research/gce2_q2.asp">more information</ulink>)</para>
</section>
</abstract>
<keywordSet name="organization">
<keyword>LTER</keyword>
<keyword>NSF</keyword>
</keywordSet>
<keywordSet name="place">
<keyword>Altamaha River</keyword>
<keyword>Georgia</keyword>
</keywordSet>
<keywordSet name="site">
<keyword>GCE</keyword>
</keywordSet>
<keywordSet name="theme">
<keyword>circulation</keyword>
<keyword>turbulence</keyword>
<keyword>waves</keyword>
</keywordSet>
<coverage><geographicCoverage><geographicDescription>Overall geographic extent of the research project</geographicDescription>
<boundingCoordinates><westBoundingCoordinate>-81.582311</westBoundingCoordinate>
<eastBoundingCoordinate>-81.237936</eastBoundingCoordinate>
<northBoundingCoordinate>31.401403</northBoundingCoordinate>
<southBoundingCoordinate>31.296034</southBoundingCoordinate>
</boundingCoordinates>
</geographicCoverage>
<temporalCoverage><rangeOfDates><beginDate><calendarDate>2000-09-01</calendarDate>
</beginDate>
<endDate><calendarDate>2005-06-01</calendarDate>
</endDate>
</rangeOfDates>
</temporalCoverage>
</coverage>
<funding><section><para>National Science Foundation grant numbers OCE-9982133 and OCE-0620959</para>
</section>
</funding>
<studyAreaDescription><descriptor name="hydrology" citableClassificationSystem="false">
<descriptorValue>estuary marsh complex</descriptorValue>
</descriptor>
<coverage><geographicCoverage><geographicDescription>Altamaha River - Altamaha River transect used for GCE quarterly hydrographic monitoring surveys.  Nominal profiling stations are defined every 2km from -4km to 40km (relative to station 0km at the line of demarcation), based on an estimated Thalweg line running up the main river channel.</geographicDescription>
<boundingCoordinates><westBoundingCoordinate>-81.582311</westBoundingCoordinate>
<eastBoundingCoordinate>-81.237936</eastBoundingCoordinate>
<northBoundingCoordinate>31.401403</northBoundingCoordinate>
<southBoundingCoordinate>31.296034</southBoundingCoordinate>
</boundingCoordinates>
</geographicCoverage>
<geographicCoverage><geographicDescription>Dean Creek - Doboy Sound/salt marsh site at the southern end of Sapelo Island near Dean Creek and the Sapelo lighthouse.  A few small creeks are present, but a large creek (Dean Creek) is easily accessed. Upland is composed of small hammocks and some constructed causeways, with sand dune complexes east of Dean Creek and extending to the beach. Upper end of the watershed is affected by a culvert at Beach Road and heavy student use of marsh immediately adjacent to culvert. A hydrographic sonde is deployed in Doboy Sound near Commodore Island approximately 1.5km from this site. GCE6 is also the focus of Sapelo Island Microbial Observatory research on microbial diversity  and  genomics (http://simo.marsci.uga.edu)</geographicDescription>
<boundingCoordinates><westBoundingCoordinate>-81.299522</westBoundingCoordinate>
<eastBoundingCoordinate>-81.264378</eastBoundingCoordinate>
<northBoundingCoordinate>31.394072</northBoundingCoordinate>
<southBoundingCoordinate>31.371003</southBoundingCoordinate>
</boundingCoordinates>
</geographicCoverage>
</coverage>
<associatedMaterial category="image">
<distribution><online><onlineDescription>Altamaha Sound</onlineDescription>
<url>http://gce-lter.marsci.uga.edu/public/resources/projects/map1DiIorioQ2.png</url>
</online>
</distribution>
</associatedMaterial>
</studyAreaDescription>
<associatedMaterial category="publication" id="gce.513" date="2008">
<distribution><online><onlineDescription>Kang, K. and Di Iorio, D. 2008. A study of estuarine flow using the roving adcp data. Ocean Science Journal. 43(2):81-90. (DOI: 10.1007/BF03020584)</onlineDescription>
<url>http://www.springerlink.com/content/mn37822204u01566/</url>
</online>
</distribution>
</associatedMaterial>
<associatedMaterial category="publication" id="gce.356" date="2007">
<distribution><offline><mediumName>Di Iorio, D. and Kang, K. 2007. Variations of turbulent flow with river discharge in the Altamaha River Estuary, Georgia. Journal of Geophysical Research - Oceans. 112:C05016. (DOI: 10.1029/2006JC003763)</mediumName>
</offline>
</distribution>
</associatedMaterial>
<associatedMaterial category="publication" id="gce.295" date="2005">
<distribution><offline><mediumName>Kang, K. and Di Iiorio, D. 2005. Depth- and current-induced effects on wave propagation into the Altamaha River Estuary, Georgia. Estuarine, Coastal and Shelf Science. 66:395-408.</mediumName>
</offline>
</distribution>
</associatedMaterial>
<associatedMaterial category="publication" id="gce.176" date="2003">
<distribution><offline><mediumName>Kang, K. and Di Iorio, D. 2003. Poster:  Turbulent Mixing in the Altamaha Estuary: An Observation and Model Comparison. 17th Biennial Conference of the Estuarine Research Federation. 14-18 September 2003, Seattle, Washington.</mediumName>
</offline>
</distribution>
</associatedMaterial>
<associatedMaterial category="image">
<distribution><online><onlineDescription>Wave energy</onlineDescription>
<url>http://gce-lter.marsci.uga.edu/public/resources/projects/waveEnergyDiIorioQ2.png</url>
</online>
</distribution>
</associatedMaterial>
<associatedMaterial category="image">
<distribution><online><onlineDescription>Wave height</onlineDescription>
<url>http://gce-lter.marsci.uga.edu/public/resources/projects/waveHtBreakQ2.png</url>
</online>
</distribution>
</associatedMaterial>
<associatedMaterial category="image">
<distribution><online><onlineDescription>Figure</onlineDescription>
<url>http://gce-lter.marsci.uga.edu/public/resources/projects/figDiIorioQ2.png</url>
</online>
</distribution>
</associatedMaterial>
<associatedMaterial category="image">
<distribution><online><onlineDescription>Shear production</onlineDescription>
<url>http://gce-lter.marsci.uga.edu/public/resources/projects/shearProductionDiIorioQ2.png</url>
</online>
</distribution>
</associatedMaterial>
</lter:researchProject>