<?xml version="1.0" encoding="UTF-8"?>
<lter:researchProject xmlns:lter="eml://ecoinformatics.org/lter-project-2.1.0" xmlns:xsi="http://www.w3.org/2001/XMLSchema-instance" xsi:schemaLocation="eml://ecoinformatics.org/lter-project-2.1.0 http://gce-lter.marsci.uga.edu/public/files/schemas/project-eml-210/lter-project.xsd" id="knb-lter-gce.p68" scope="system" system="knb">
<shortName>Heat and salt flux estimates in the Duplin River</shortName>
<title>Heat and salt flux estimates in the Duplin River</title>
<creator><individualName><salutation>Dr.</salutation>
<givenName>Daniela</givenName>
<surName>Di Iorio</surName>
</individualName>
<organizationName>University of Georgia</organizationName>
<address><deliveryPoint>Dept. of Marine Sciences</deliveryPoint>
<deliveryPoint>University of Georgia</deliveryPoint>
<city>Athens</city>
<administrativeArea>Georgia</administrativeArea>
<postalCode>30602-3636</postalCode>
<country>USA</country>
</address>
<electronicMailAddress>daniela@uga.edu</electronicMailAddress>
<onlineUrl>http://www.marsci.uga.edu/FacultyPages/Daniela/daniela.html</onlineUrl>
<userId directory="http://gce-lter.marsci.uga.edu/public/app/personnel_bios.asp?id=ddiiorio">ddiiorio</userId>
</creator>
<metadataProvider><organizationName>Georgia Coastal Ecosystems LTER Project</organizationName>
<address><deliveryPoint>Dept. of Marine Sciences</deliveryPoint>
<deliveryPoint>University of Georgia</deliveryPoint>
<city>Athens</city>
<administrativeArea>Georgia</administrativeArea>
<postalCode>30602-3636</postalCode>
<country>USA</country>
</address>
<electronicMailAddress>gcelter@uga.edu</electronicMailAddress>
<onlineUrl>http://gce-lter.marsci.uga.edu/</onlineUrl>
</metadataProvider>
<associatedParty><individualName><salutation>Dr.</salutation>
<givenName>Daniela</givenName>
<surName>Di Iorio</surName>
</individualName>
<organizationName>University of Georgia</organizationName>
<address><deliveryPoint>Dept. of Marine Sciences</deliveryPoint>
<deliveryPoint>University of Georgia</deliveryPoint>
<city>Athens</city>
<administrativeArea>Georgia</administrativeArea>
<postalCode>30602-3636</postalCode>
<country>USA</country>
</address>
<electronicMailAddress>daniela@uga.edu</electronicMailAddress>
<onlineUrl>http://www.marsci.uga.edu/FacultyPages/Daniela/daniela.html</onlineUrl>
<userId directory="http://gce-lter.marsci.uga.edu/public/app/personnel_bios.asp?id=ddiiorio">ddiiorio</userId>
<role>Principal investigator</role>
<temporalCoverage><rangeOfDates><beginDate><calendarDate>2001-01-01</calendarDate>
</beginDate>
<endDate><calendarDate>2007-12-31</calendarDate>
</endDate>
</rangeOfDates>
</temporalCoverage>
</associatedParty>
<associatedParty><individualName><salutation>Dr.</salutation>
<givenName>Paul</givenName>
<surName>McKay</surName>
</individualName>
<organizationName>Naval Research Laboratory</organizationName>
<address><deliveryPoint>Ocean Dynamics and Prediction Branch</deliveryPoint>
<deliveryPoint>Oceanography Division (Code 7322)</deliveryPoint>
<deliveryPoint>Naval Research Laboratory Building 1009</deliveryPoint>
<city>Stennis Space Center</city>
<administrativeArea>MS</administrativeArea>
<postalCode>39529-5004</postalCode>
<country>USA</country>
</address>
<electronicMailAddress>Paul.McKay.ctr@nrlssc.navy.mil</electronicMailAddress>
<userId directory="http://gce-lter.marsci.uga.edu/public/app/personnel_bios.asp?id=pmckay">pmckay</userId>
<role>Graduate research assistant</role>
<temporalCoverage><rangeOfDates><beginDate><calendarDate>2001-01-01</calendarDate>
</beginDate>
<endDate><calendarDate>2007-12-31</calendarDate>
</endDate>
</rangeOfDates>
</temporalCoverage>
</associatedParty>
<pubDate>2010</pubDate>
<abstract><section><title>Overview</title>
<para>An experimental study of temperature cycles and the heat budget in the Duplin River, a tidal creek bordered by extensive intertidal salt marshes, was carried out in late summer of 2003 and spring of 2004 near Sapelo Island on the central Georgia coast in the southeastern US. Three water masses are identified with differing temperature and salinity regimes, the characteristics of which are dictated by channel morphology, tidal communication with the neighboring sound, ground water hydrology, the extent of local intertidal salt marshes and side channels and the spring-neap tidal cycle (which controls both energetic mixing and, presumably, ground water input). For the first experiment, heat budgets are constructed for the upper (Figure 1a) and lower (figure 1b) areas of the Duplin River showing the diminishing importance of tidal advection away from the mouth of the creek along with the concomitant increase in the importance of both direct atmospheric fluxes and of interactions with the marsh and side creeks. The second experiment, in the spring of 2004, reexamines the heat budget on seasonal and daily averaged scales revealing the decreased importance of advective fluxes relative to direct atmospheric fluxes on this scale but the constant importance of marsh/creek interactions regardless of time scale or season. Short period temperature fluctuations, which affect larval development, are examined and analogies are drawn to use heat to understand the marsh as a source of sediment, carbon and other nutrients.</para>
<para>An experimental study of vertical mixing (Az) and along-channel dispersion parameterized in terms of horizontal mixing (Kx) near the mouth of the Duplin River, a tidal creek bordered by extensive intertidal salt marshes on Sapelo Island, Georgia, was carried out over several spring/neap cycles in the fall of 2005 (see Figure 2). Vertical mixing is modulated on both M4 and fortnightly frequencies with maximum turbulent stresses being generated near the bed on periods of maximum flood and ebb and propagating into the water column showing a linear dependence with depth. Values are significantly greater on spring tide than on neap.  Horizontal mixing evaluated by salt fluxes is driven and dominated by tidal dispersion, which is also modulated by the fortnightly spring/neap cycle. Net export of salt from the lower Duplin is shown to be due to residual advection modified by upstream tidal pumping.  The tidal dispersion coefficient exhibits a pulsating character with greater values on spring tide followed by smaller values on neap tide.</para>
</section>
<section><title>Associated GCE LTER research questions</title>
<para>Question 2: How do the spatial and temporal patterns of biogeochemical processes, primary production, community dynamics, decomposition, and disturbance vary across the estuarine landscape, and how do they relate to environmental gradients? (<ulink url="http://gce-lter.marsci.uga.edu/public/research/gce2_q2.asp">more information</ulink>)</para>
</section>
</abstract>
<keywordSet name="organization">
<keyword>LTER</keyword>
<keyword>NSF</keyword>
</keywordSet>
<keywordSet name="place">
<keyword>Duplin River</keyword>
<keyword>Georiga</keyword>
</keywordSet>
<keywordSet name="site">
<keyword>GCE</keyword>
</keywordSet>
<keywordSet name="theme">
<keyword>flux</keyword>
<keyword>heat</keyword>
<keyword>salt</keyword>
<keyword>salt marsh</keyword>
<keyword>tidal creek</keyword>
</keywordSet>
<coverage><geographicCoverage><geographicDescription>Overall geographic extent of the research project</geographicDescription>
<boundingCoordinates><westBoundingCoordinate>-81.301987</westBoundingCoordinate>
<eastBoundingCoordinate>-81.263124</eastBoundingCoordinate>
<northBoundingCoordinate>31.486493</northBoundingCoordinate>
<southBoundingCoordinate>31.410854</southBoundingCoordinate>
</boundingCoordinates>
</geographicCoverage>
<temporalCoverage><rangeOfDates><beginDate><calendarDate>2003-08-01</calendarDate>
</beginDate>
<endDate><calendarDate>2007-12-31</calendarDate>
</endDate>
</rangeOfDates>
</temporalCoverage>
</coverage>
<funding><section><para>National Science Foundation grant numbers OCE-9982133 and OCE-0620959</para>
</section>
</funding>
<studyAreaDescription><descriptor name="hydrology" citableClassificationSystem="false">
<descriptorValue>estuary marsh complex</descriptorValue>
</descriptor>
<coverage><geographicCoverage><geographicDescription>Duplin River - Duplin River transect used for GCE quarterly hydrographic monitoring surveys.  Nominal profiling stations are defined at various locations along the Duplin River west of Sapelo Island, Georgia.</geographicDescription>
<boundingCoordinates><westBoundingCoordinate>-81.301987</westBoundingCoordinate>
<eastBoundingCoordinate>-81.263124</eastBoundingCoordinate>
<northBoundingCoordinate>31.486493</northBoundingCoordinate>
<southBoundingCoordinate>31.410854</southBoundingCoordinate>
</boundingCoordinates>
</geographicCoverage>
</coverage>
<associatedMaterial category="image">
<distribution><online><onlineDescription>Study Area - Duplin River sampling locations</onlineDescription>
<url>http://gce-lter.marsci.uga.edu/public/resources/projects/heatSaltMapQ2Di.png</url>
</online>
</distribution>
</associatedMaterial>
</studyAreaDescription>
<associatedMaterial category="publication" id="gce.452" date="2010">
<distribution><offline><mediumName>McKay, P. and Di Iorio, D. 2010. The Cycle of Vertical and Horizontal Mixing in a Tidal Creek. Journal of Geophysical Research. 115:C01004. (DOI: 10.1029/2008JC005204)</mediumName>
</offline>
</distribution>
</associatedMaterial>
<associatedMaterial category="publication" id="gce.535" date="2009">
<distribution><offline><mediumName>McKay, P. and Di Iorio, D. 2009. Poster: Tidal correlations, groundwater and the reversing salinity gradient in a tidal creek. 2009 Gordon Research Conference on Coastal Circulation, Jun 10, 2009, Colby Sawyer College, New London, NH.</mediumName>
</offline>
</distribution>
</associatedMaterial>
<associatedMaterial category="publication" id="gce.451" date="2008">
<distribution><offline><mediumName>McKay, P. and Di Iorio, D. 2008. Heat budget for a shallow, sinuous salt marsh estuary. Continental Shelf Research. 28:1740–1753. (DOI: 10.1016/j.csr.2008.04.008)</mediumName>
</offline>
</distribution>
</associatedMaterial>
<associatedMaterial category="publication" id="gce.368" date="2006">
<distribution><offline><mediumName>McKay, P. and Di Iorio, D. 2006. Presentation: Salt and heat fluxes in a sinuous, macrotidal salt channel in the south Atlantic Bight. AGU Ocean Sciences Meeting, February 2006, Honolulu, Hawaii.</mediumName>
</offline>
</distribution>
</associatedMaterial>
<associatedMaterial category="image">
<distribution><online><onlineDescription>Figure 1a. Heat flux balance for the upper Duplin showing greater atmospheric fluxes, less advective fluxes and greater marsh/creek interactions (identified as residual) for the upper Duplin.</onlineDescription>
<url>http://gce-lter.marsci.uga.edu/public/resources/projects/upperDupHeatFluxQ2Di.png</url>
</online>
</distribution>
</associatedMaterial>
<associatedMaterial category="image">
<distribution><online><onlineDescription>Figure 1b. Heat flux balance for the lower Duplin.</onlineDescription>
<url>http://gce-lter.marsci.uga.edu/public/resources/projects/lowDupHeatFluxQ2Di.png</url>
</online>
</distribution>
</associatedMaterial>
<associatedMaterial category="image">
<distribution><online><onlineDescription>Figure 2a. Vertical mixing for the lower Duplin River.</onlineDescription>
<url>http://gce-lter.marsci.uga.edu/public/resources/projects/verticalMixingFig2aQ2Di.png</url>
</online>
</distribution>
</associatedMaterial>
<associatedMaterial category="image">
<distribution><online><onlineDescription>Figure 2b. Horizontal transport for the lower Duplin River.</onlineDescription>
<url>http://gce-lter.marsci.uga.edu/public/resources/projects/horizMixingFig2bQ2Di.png</url>
</online>
</distribution>
</associatedMaterial>
</lter:researchProject>