<?xml version="1.0" encoding="UTF-8"?>
<lter:researchProject xmlns:lter="eml://ecoinformatics.org/lter-project-2.1.0" xmlns:xsi="http://www.w3.org/2001/XMLSchema-instance" xsi:schemaLocation="eml://ecoinformatics.org/lter-project-2.1.0 http://gce-lter.marsci.uga.edu/public/files/schemas/project-eml-210/lter-project.xsd" id="knb-lter-gce.p61" scope="system" system="knb">
<shortName>GCE Hydrographic Monitoring</shortName>
<title>GCE Long-term Hydrographic Monitoring</title>
<creator><individualName><salutation>Dr.</salutation>
<givenName>Daniela</givenName>
<surName>Di Iorio</surName>
</individualName>
<organizationName>University of Georgia</organizationName>
<address><deliveryPoint>Dept. of Marine Sciences</deliveryPoint>
<deliveryPoint>University of Georgia</deliveryPoint>
<city>Athens</city>
<administrativeArea>Georgia</administrativeArea>
<postalCode>30602-3636</postalCode>
<country>USA</country>
</address>
<electronicMailAddress>daniela@uga.edu</electronicMailAddress>
<onlineUrl>http://www.marsci.uga.edu/FacultyPages/Daniela/daniela.html</onlineUrl>
<userId directory="http://gce-lter.marsci.uga.edu/public/app/personnel_bios.asp?id=ddiiorio">ddiiorio</userId>
</creator>
<metadataProvider><organizationName>Georgia Coastal Ecosystems LTER Project</organizationName>
<address><deliveryPoint>Dept. of Marine Sciences</deliveryPoint>
<deliveryPoint>University of Georgia</deliveryPoint>
<city>Athens</city>
<administrativeArea>Georgia</administrativeArea>
<postalCode>30602-3636</postalCode>
<country>USA</country>
</address>
<electronicMailAddress>gcelter@uga.edu</electronicMailAddress>
<onlineUrl>http://gce-lter.marsci.uga.edu/</onlineUrl>
</metadataProvider>
<associatedParty><individualName><salutation>Dr.</salutation>
<givenName>Daniela</givenName>
<surName>Di Iorio</surName>
</individualName>
<organizationName>University of Georgia</organizationName>
<address><deliveryPoint>Dept. of Marine Sciences</deliveryPoint>
<deliveryPoint>University of Georgia</deliveryPoint>
<city>Athens</city>
<administrativeArea>Georgia</administrativeArea>
<postalCode>30602-3636</postalCode>
<country>USA</country>
</address>
<electronicMailAddress>daniela@uga.edu</electronicMailAddress>
<onlineUrl>http://www.marsci.uga.edu/FacultyPages/Daniela/daniela.html</onlineUrl>
<userId directory="http://gce-lter.marsci.uga.edu/public/app/personnel_bios.asp?id=ddiiorio">ddiiorio</userId>
<role>Principal investigator</role>
<temporalCoverage><ongoing><beginDate><calendarDate>2001-08-01</calendarDate>
</beginDate>
</ongoing>
</temporalCoverage>
</associatedParty>
<associatedParty><individualName><salutation>Dr.</salutation>
<givenName>Jackson</givenName>
<givenName>O.</givenName>
<surName>Blanton</surName>
</individualName>
<organizationName>Skidaway Institute of Oceanography</organizationName>
<address><deliveryPoint>10 Ocean Science Circle</deliveryPoint>
<city>Savannah</city>
<administrativeArea>Georgia</administrativeArea>
<postalCode>31411</postalCode>
<country>USA</country>
</address>
<electronicMailAddress>jack.blanton@skio.usg.edu</electronicMailAddress>
<onlineUrl>http://www.skio.peachnet.edu/faculty/blanton.html</onlineUrl>
<userId directory="http://gce-lter.marsci.uga.edu/public/app/personnel_bios.asp?id=jblanton">jblanton</userId>
<role>Co-investigator</role>
<temporalCoverage><ongoing><beginDate><calendarDate>2001-08-01</calendarDate>
</beginDate>
</ongoing>
</temporalCoverage>
</associatedParty>
<associatedParty><individualName><salutation>Dr.</salutation>
<givenName>Steven</givenName>
<givenName>C.</givenName>
<surName>Pennings</surName>
</individualName>
<organizationName>University of Houston</organizationName>
<address><deliveryPoint>Department of Biology and Biochemistry</deliveryPoint>
<deliveryPoint>University of Houston</deliveryPoint>
<city>Houston</city>
<administrativeArea>Texas</administrativeArea>
<postalCode>77204-5513</postalCode>
<country>USA</country>
</address>
<electronicMailAddress>scpennin@central.uh.edu</electronicMailAddress>
<onlineUrl>http://www.bchs.uh.edu/~steve/</onlineUrl>
<userId directory="http://gce-lter.marsci.uga.edu/public/app/personnel_bios.asp?id=spennings">spennings</userId>
<role>Co-investigator</role>
<temporalCoverage><ongoing><beginDate><calendarDate>2001-08-01</calendarDate>
</beginDate>
</ongoing>
</temporalCoverage>
</associatedParty>
<associatedParty><individualName><givenName>Jacob</givenName>
<surName>Shalack</surName>
</individualName>
<organizationName>University of Georgia Marine Institute</organizationName>
<address><deliveryPoint>University of Georgia Marine Institute</deliveryPoint>
<city>Sapelo Island</city>
<administrativeArea>Georgia</administrativeArea>
<postalCode>31327</postalCode>
<country>USA</country>
</address>
<electronicMailAddress>shalack@uga.edu</electronicMailAddress>
<userId directory="http://gce-lter.marsci.uga.edu/public/app/personnel_bios.asp?id=jshalack">jshalack</userId>
<role>Research technician</role>
<temporalCoverage><ongoing><beginDate><calendarDate>2007-11-01</calendarDate>
</beginDate>
</ongoing>
</temporalCoverage>
</associatedParty>
<associatedParty><individualName><givenName>Julie</givenName>
<surName>Amft</surName>
</individualName>
<organizationName>Skidaway Institute of Oceanography</organizationName>
<address><deliveryPoint>10 Ocean Science Circle</deliveryPoint>
<city>Savannah</city>
<administrativeArea>Georgia</administrativeArea>
<postalCode>31411</postalCode>
<country>USA</country>
</address>
<electronicMailAddress>julie.amft@skio.usg.edu</electronicMailAddress>
<userId directory="http://gce-lter.marsci.uga.edu/public/app/personnel_bios.asp?id=jamft">jamft</userId>
<role>Research technician</role>
<temporalCoverage><rangeOfDates><beginDate><calendarDate>2001-08-01</calendarDate>
</beginDate>
<endDate><calendarDate>2006-01-01</calendarDate>
</endDate>
</rangeOfDates>
</temporalCoverage>
</associatedParty>
<associatedParty><individualName><givenName>Wade</givenName>
<givenName>M.</givenName>
<surName>Sheldon</surName>
</individualName>
<organizationName>University of Georgia</organizationName>
<address><deliveryPoint>Dept. of Marine Sciences</deliveryPoint>
<deliveryPoint>University of Georgia</deliveryPoint>
<city>Athens</city>
<administrativeArea>Georgia</administrativeArea>
<postalCode>30602-3636</postalCode>
<country>USA</country>
</address>
<electronicMailAddress>sheldon@uga.edu</electronicMailAddress>
<userId directory="http://gce-lter.marsci.uga.edu/public/app/personnel_bios.asp?id=wsheldon">wsheldon</userId>
<role>Information manager</role>
<temporalCoverage><ongoing><beginDate><calendarDate>2001-08-01</calendarDate>
</beginDate>
</ongoing>
</temporalCoverage>
</associatedParty>
<pubDate>2010</pubDate>
<abstract><section><title>Overview</title>
<para>Long-term measurements of conductivity, temperature and sub-surface pressure are collected at 30 minute intervals at 8 sites in the GCE-LTER domain, as described below. The long-term objective of this network is to document spatial and temporal variability of salinity (Figure 1) and its relationship to water level and river discharge.  Monitoring sites were chosen to span the salinity gradient as well as to take advantage of existing physical structures (e.g. docks or pilings) for mounting instruments. The long-term moorings are located in transect regions used for quarterly oceanographic surveys and near to GCE-LTER marsh study sites.</para>
</section>
<section><title>Associated GCE LTER research questions</title>
<para>Question 2: How do the spatial and temporal patterns of biogeochemical processes, primary production, community dynamics, decomposition, and disturbance vary across the estuarine landscape, and how do they relate to environmental gradients? (<ulink url="http://gce-lter.marsci.uga.edu/public/research/gce2_q2.asp">more information</ulink>)</para>
</section>
</abstract>
<keywordSet name="measurement">
<keyword>conductivity</keyword>
<keyword>discharge</keyword>
<keyword>pressure</keyword>
<keyword>salinity</keyword>
<keyword>temperature</keyword>
<keyword>water level</keyword>
</keywordSet>
<keywordSet name="organization">
<keyword>LTER</keyword>
<keyword>NSF</keyword>
</keywordSet>
<keywordSet name="place">
<keyword>Georgia</keyword>
</keywordSet>
<keywordSet name="site">
<keyword>GCE</keyword>
</keywordSet>
<keywordSet name="theme">
<keyword>oceanographic</keyword>
</keywordSet>
<coverage><geographicCoverage><geographicDescription>Overall geographic extent of the research project</geographicDescription>
<boundingCoordinates><westBoundingCoordinate>-81.582311</westBoundingCoordinate>
<eastBoundingCoordinate>-81.154122</eastBoundingCoordinate>
<northBoundingCoordinate>31.559628</northBoundingCoordinate>
<southBoundingCoordinate>31.296034</southBoundingCoordinate>
</boundingCoordinates>
</geographicCoverage>
<temporalCoverage><ongoing><beginDate><calendarDate>2001-08-01</calendarDate>
</beginDate>
</ongoing>
</temporalCoverage>
</coverage>
<funding><section><para>National Science Foundation grant numbers OCE-9982133 and OCE-0620959</para>
</section>
</funding>
<studyAreaDescription><descriptor name="hydrology" citableClassificationSystem="false">
<descriptorValue>estuary marsh complex</descriptorValue>
</descriptor>
<coverage><geographicCoverage><geographicDescription>Altamaha River - Altamaha River transect used for GCE quarterly hydrographic monitoring surveys.  Nominal profiling stations are defined every 2km from -4km to 40km (relative to station 0km at the line of demarcation), based on an estimated Thalweg line running up the main river channel.</geographicDescription>
<boundingCoordinates><westBoundingCoordinate>-81.582311</westBoundingCoordinate>
<eastBoundingCoordinate>-81.237936</eastBoundingCoordinate>
<northBoundingCoordinate>31.401403</northBoundingCoordinate>
<southBoundingCoordinate>31.296034</southBoundingCoordinate>
</boundingCoordinates>
</geographicCoverage>
<geographicCoverage><geographicDescription>Doboy Sound - Doboy Sound transect used for GCE quarterly hydrographic monitoring surveys.  Nominal profiling stations are defined every 2km from -2km to 12km and at 12.6km (relative to station 0km at the line of demarcation), based on an estimated Thalweg line running up the main sound channel.</geographicDescription>
<boundingCoordinates><westBoundingCoordinate>-81.368240</westBoundingCoordinate>
<eastBoundingCoordinate>-81.242954</eastBoundingCoordinate>
<northBoundingCoordinate>31.455664</northBoundingCoordinate>
<southBoundingCoordinate>31.340942</southBoundingCoordinate>
</boundingCoordinates>
</geographicCoverage>
<geographicCoverage><geographicDescription>Duplin River - Duplin River transect used for GCE quarterly hydrographic monitoring surveys.  Nominal profiling stations are defined at various locations along the Duplin River west of Sapelo Island, Georgia.</geographicDescription>
<boundingCoordinates><westBoundingCoordinate>-81.301987</westBoundingCoordinate>
<eastBoundingCoordinate>-81.263124</eastBoundingCoordinate>
<northBoundingCoordinate>31.486493</northBoundingCoordinate>
<southBoundingCoordinate>31.410854</southBoundingCoordinate>
</boundingCoordinates>
</geographicCoverage>
<geographicCoverage><geographicDescription>Sapelo River - Sapelo River transect used for GCE quarterly hydrographic monitoring surveys.  Nominal profiling stations are defined every 3-4km from 0km to 36km (relative to station 0km at the line of demarcation), based on an estimated Thalweg line running up the main river channel.</geographicDescription>
<boundingCoordinates><westBoundingCoordinate>-81.431980</westBoundingCoordinate>
<eastBoundingCoordinate>-81.154122</eastBoundingCoordinate>
<northBoundingCoordinate>31.559628</northBoundingCoordinate>
<southBoundingCoordinate>31.516636</southBoundingCoordinate>
</boundingCoordinates>
</geographicCoverage>
<geographicCoverage><geographicDescription>GCE1_Hydro - SBE-37SM datalogger deployment in the Sapelo River near Eulonia, Georgia, attached to the Harden dock</geographicDescription>
<boundingCoordinates><westBoundingCoordinate>-81.423983</westBoundingCoordinate>
<eastBoundingCoordinate>-81.423983</eastBoundingCoordinate>
<northBoundingCoordinate>31.537483</northBoundingCoordinate>
<southBoundingCoordinate>31.537483</southBoundingCoordinate>
</boundingCoordinates>
</geographicCoverage>
<geographicCoverage><geographicDescription>GCE10_Hydro - SBE-37SM datalogger deployment in the Duplin River at Flume Dock on western Sapelo Island</geographicDescription>
<boundingCoordinates><westBoundingCoordinate>-81.267917</westBoundingCoordinate>
<eastBoundingCoordinate>-81.267917</eastBoundingCoordinate>
<northBoundingCoordinate>31.482483</northBoundingCoordinate>
<southBoundingCoordinate>31.482483</southBoundingCoordinate>
</boundingCoordinates>
</geographicCoverage>
<geographicCoverage><geographicDescription>GCE2_Hydro - SBE-37SM datalogger deployment in the Sapelo River near Four Mile Island, Georgia, attached to the US Coast Guard Daymarker 5 pilings</geographicDescription>
<boundingCoordinates><westBoundingCoordinate>-81.320000</westBoundingCoordinate>
<eastBoundingCoordinate>-81.320000</eastBoundingCoordinate>
<northBoundingCoordinate>31.545017</northBoundingCoordinate>
<southBoundingCoordinate>31.545017</southBoundingCoordinate>
</boundingCoordinates>
</geographicCoverage>
<geographicCoverage><geographicDescription>GCE3_Hydro - SBE-37SM datalogger deployment in Sapelo Sound near North Sapelo, attached to the US Coast Guard Daymarker 140 pilings</geographicDescription>
<boundingCoordinates><westBoundingCoordinate>-81.210917</westBoundingCoordinate>
<eastBoundingCoordinate>-81.210917</eastBoundingCoordinate>
<northBoundingCoordinate>31.548250</northBoundingCoordinate>
<southBoundingCoordinate>31.548250</southBoundingCoordinate>
</boundingCoordinates>
</geographicCoverage>
<geographicCoverage><geographicDescription>GCE4_Hydro - YSI datalogger deployment in Hudson Creek near Meridian, Georgia, attached to the Georgia DNR ferry dock (USGS)</geographicDescription>
<boundingCoordinates><westBoundingCoordinate>-81.362667</westBoundingCoordinate>
<eastBoundingCoordinate>-81.362667</eastBoundingCoordinate>
<northBoundingCoordinate>31.453650</northBoundingCoordinate>
<southBoundingCoordinate>31.453650</southBoundingCoordinate>
</boundingCoordinates>
</geographicCoverage>
<geographicCoverage><geographicDescription>GCE6_Hydro - SBE-37SM datalogger deployment in Doboy Sound near Commodore Island, southwest of Sapelo Island, Georgia</geographicDescription>
<boundingCoordinates><westBoundingCoordinate>-81.304800</westBoundingCoordinate>
<eastBoundingCoordinate>-81.304800</eastBoundingCoordinate>
<northBoundingCoordinate>31.393517</northBoundingCoordinate>
<southBoundingCoordinate>31.393517</southBoundingCoordinate>
</boundingCoordinates>
</geographicCoverage>
<geographicCoverage><geographicDescription>GCE7_Hydro - SBE-37SM datalogger deployment in the South Altamaha River, near Hammersmith Creek and Carrs Island, Georgia</geographicDescription>
<boundingCoordinates><westBoundingCoordinate>-81.475500</westBoundingCoordinate>
<eastBoundingCoordinate>-81.475500</eastBoundingCoordinate>
<northBoundingCoordinate>31.338383</northBoundingCoordinate>
<southBoundingCoordinate>31.338383</southBoundingCoordinate>
</boundingCoordinates>
</geographicCoverage>
<geographicCoverage><geographicDescription>GCE8_Hydro - SBE-37SM datalogger deployment in the South Altamaha River near Alligator Creek, attached to the US Coast Guard Daymarker 2 pilings</geographicDescription>
<boundingCoordinates><westBoundingCoordinate>-81.409267</westBoundingCoordinate>
<eastBoundingCoordinate>-81.409267</eastBoundingCoordinate>
<northBoundingCoordinate>31.310450</northBoundingCoordinate>
<southBoundingCoordinate>31.310450</southBoundingCoordinate>
</boundingCoordinates>
</geographicCoverage>
<geographicCoverage><geographicDescription>GCE9_Hydro - SBE-37SM data logger deployment in the Altamaha River near Rockdedundy Island, attached to the US Coast Guard Daymarker 201 pilings</geographicDescription>
<boundingCoordinates><westBoundingCoordinate>-81.322117</westBoundingCoordinate>
<eastBoundingCoordinate>-81.322117</eastBoundingCoordinate>
<northBoundingCoordinate>31.320067</northBoundingCoordinate>
<southBoundingCoordinate>31.320067</southBoundingCoordinate>
</boundingCoordinates>
</geographicCoverage>
</coverage>
<associatedMaterial category="image">
<distribution><online><onlineDescription>Map depicting locations of GCE and SINERR sonde moorings</onlineDescription>
<url>http://gce-lter.marsci.uga.edu/public/images/gce_sondes_dec03.gif</url>
</online>
</distribution>
</associatedMaterial>
</studyAreaDescription>
<designDescription><description><section><title>Instrumentation and Methods</title>
<para>Sea-Bird Electronics®, Inc. MicroCAT data loggers (Figure 2) were selected for their ability to reliably record temperature and conductivity (from which salinity is calculated) for extended periods of up to 3 or 4 months. Sub-surface pressure (depth) is added to each MicroCAT as a physical monitoring parameter that provides valuable information about tidal forcing at the seaward sites and an indication of tidal distortion upstream. MicroCATs also have the advantage of anti-foulant protection of the conductivity cell, which is a necessity in areas of extreme biological fouling, such as the GCE-LTER domain.</para>
<para>MicroCATs are typically inspected and cleaned every 1-2 weeks and swapped about every 2 months, but the maintenance schedule is adjusted throughout the year in response to the degree of fouling at each deployment to maximize the quality/accuracy of the salinity record. Salinity is calibrated to a standard immediately after each deployment.</para>
<para>After each retrieval the data is downloaded and transmitted to the GCE Information Management Office for processing. Provisional data and plots are posted on the private GCE web site within 1-2 days of retrieval, and quality-controlled and reviewed data for each site are added to the GCE Data Catalog and GCE Data Portal on an annual basis to provide public access. Additional information on this monitoring program is available on the GCE web site at <ulink url="http://gce-lter.marsci.uga.edu/public/research/mon/sounds_creeks.htm">http://gce-lter.marsci.uga.edu/public/research/mon/sounds_creeks.htm</ulink>.</para>
</section>
</description>
</designDescription>
<associatedMaterial category="data" id="gce_hydro.htm">
<distribution><online><onlineDescription>GCE Data Portal - GCE hydrographic monitoring data and plots</onlineDescription>
<url>http://gce-lter.marsci.uga.edu/portal/gce_hydro.htm</url>
</online>
</distribution>
</associatedMaterial>
<associatedMaterial category="data" id="knb-lter-gce.282" date="2005-12-31">
<distribution><online><onlineDescription>PHY-GCEM-0612a - Continuous salinity, temperature and depth measurements from moored hydrographic data loggers deployed at GCE1_Hydro (Sapelo River near Eulonia, Georgia) from 01-Jan-2005 through 31-Dec-2005</onlineDescription>
<url>http://gce-lter.marsci.uga.edu/public/app/dataset_details.asp?id=282</url>
</online>
</distribution>
</associatedMaterial>
<associatedMaterial category="data" id="knb-lter-gce.289" date="2005-12-31">
<distribution><online><onlineDescription>PHY-GCEM-0612h - Continuous salinity, temperature and depth measurements from moored hydrographic data loggers deployed at GCE10_Hydro (Duplin River west of Sapelo Island, Georgia) from 01-Jan-2005 through 31-Dec-2005</onlineDescription>
<url>http://gce-lter.marsci.uga.edu/public/app/dataset_details.asp?id=289</url>
</online>
</distribution>
</associatedMaterial>
<associatedMaterial category="data" id="knb-lter-gce.283" date="2005-12-31">
<distribution><online><onlineDescription>PHY-GCEM-0612b - Continuous salinity, temperature and depth measurements from moored hydrographic data loggers deployed at GCE2_Hydro (Four Mile Island, Georgia) from 01-Jan-2005 through 31-Dec-2005</onlineDescription>
<url>http://gce-lter.marsci.uga.edu/public/app/dataset_details.asp?id=283</url>
</online>
</distribution>
</associatedMaterial>
<associatedMaterial category="data" id="knb-lter-gce.284" date="2005-12-31">
<distribution><online><onlineDescription>PHY-GCEM-0612c - Continuous salinity, temperature and depth measurements from moored hydrographic data loggers deployed at GCE3_Hydro (Sapelo Sound north of Sapelo Island, Georgia) from 01-Jan-2005 through 31-Dec-2005</onlineDescription>
<url>http://gce-lter.marsci.uga.edu/public/app/dataset_details.asp?id=284</url>
</online>
</distribution>
</associatedMaterial>
<associatedMaterial category="data" id="knb-lter-gce.285" date="2005-12-31">
<distribution><online><onlineDescription>PHY-GCEM-0612d - Continuous salinity, temperature and depth measurements from moored hydrographic data loggers deployed at GCE6_Hydro (Doboy Sound south of Sapelo Island, Georgia) from 01-Jan-2005 through 31-Dec-2005</onlineDescription>
<url>http://gce-lter.marsci.uga.edu/public/app/dataset_details.asp?id=285</url>
</online>
</distribution>
</associatedMaterial>
<associatedMaterial category="data" id="knb-lter-gce.286" date="2005-12-31">
<distribution><online><onlineDescription>PHY-GCEM-0612e - Continuous salinity, temperature and depth measurements from moored hydrographic data loggers deployed at GCE7_Hydro (Altamaha River near Carrs Island, Georgia) from 01-Jan-2005 through 31-Dec-2005</onlineDescription>
<url>http://gce-lter.marsci.uga.edu/public/app/dataset_details.asp?id=286</url>
</online>
</distribution>
</associatedMaterial>
<associatedMaterial category="data" id="knb-lter-gce.287" date="2005-12-31">
<distribution><online><onlineDescription>PHY-GCEM-0612f - Continuous salinity, temperature and depth measurements from moored hydrographic data loggers deployed at GCE8_Hydro (Altamaha River near Aligator Creek, Georgia) from 01-Jan-2005 through 31-Dec-2005</onlineDescription>
<url>http://gce-lter.marsci.uga.edu/public/app/dataset_details.asp?id=287</url>
</online>
</distribution>
</associatedMaterial>
<associatedMaterial category="data" id="knb-lter-gce.288" date="2005-12-31">
<distribution><online><onlineDescription>PHY-GCEM-0612g - Continuous salinity, temperature and depth measurements from moored hydrographic data loggers deployed at GCE9_Hydro (Altamaha River near Rockdedundy Island, Georgia) from 01-Jan-2005 through 31-Dec-2005</onlineDescription>
<url>http://gce-lter.marsci.uga.edu/public/app/dataset_details.asp?id=288</url>
</online>
</distribution>
</associatedMaterial>
<associatedMaterial category="data" id="knb-lter-gce.243" date="2004-12-31">
<distribution><online><onlineDescription>PHY-GCEM-0505f - Continuous salinity, temperature and depth measurements from moored hydrographic data loggers deployed at GCE8_Hydro (Altamaha River near Aligator Creek, Georgia) from 01-Jan-2004 through 31-Dec-2004</onlineDescription>
<url>http://gce-lter.marsci.uga.edu/public/app/dataset_details.asp?id=243</url>
</online>
</distribution>
</associatedMaterial>
<associatedMaterial category="data" id="knb-lter-gce.242" date="2004-12-31">
<distribution><online><onlineDescription>PHY-GCEM-0505e - Continuous salinity, temperature and depth measurements from moored hydrographic data loggers deployed at GCE7_Hydro (Altamaha River near Carrs Island, Georgia) from 01-Jan-2004 through 31-Dec-2004</onlineDescription>
<url>http://gce-lter.marsci.uga.edu/public/app/dataset_details.asp?id=242</url>
</online>
</distribution>
</associatedMaterial>
<associatedMaterial category="data" id="knb-lter-gce.241" date="2004-12-31">
<distribution><online><onlineDescription>PHY-GCEM-0505d - Continuous salinity, temperature and depth measurements from moored hydrographic data loggers deployed at GCE6_Hydro (Doboy Sound south of Sapelo Island, Georgia) from 01-Jan-2004 through 31-Dec-2004</onlineDescription>
<url>http://gce-lter.marsci.uga.edu/public/app/dataset_details.asp?id=241</url>
</online>
</distribution>
</associatedMaterial>
<associatedMaterial category="data" id="knb-lter-gce.240" date="2004-12-31">
<distribution><online><onlineDescription>PHY-GCEM-0505c - Continuous salinity, temperature and depth measurements from moored hydrographic data loggers deployed at GCE3_Hydro (Sapelo Sound north of Sapelo Island, Georgia) from 05-May-2004 through 31-Dec-2004</onlineDescription>
<url>http://gce-lter.marsci.uga.edu/public/app/dataset_details.asp?id=240</url>
</online>
</distribution>
</associatedMaterial>
<associatedMaterial category="data" id="knb-lter-gce.239" date="2004-12-31">
<distribution><online><onlineDescription>PHY-GCEM-0505b - Continuous salinity, temperature and depth measurements from moored hydrographic data loggers deployed at GCE2_Hydro (Four Mile Island, Georgia) from 01-Jan-2004 through 31-Dec-2004</onlineDescription>
<url>http://gce-lter.marsci.uga.edu/public/app/dataset_details.asp?id=239</url>
</online>
</distribution>
</associatedMaterial>
<associatedMaterial category="data" id="knb-lter-gce.238" date="2004-12-31">
<distribution><online><onlineDescription>PHY-GCEM-0505a - Continuous salinity, temperature and depth measurements from moored hydrographic data loggers deployed at GCE1_Hydro (Sapelo River near Eulonia, Georgia) from 01-Jan-2004 through 31-Dec-2004</onlineDescription>
<url>http://gce-lter.marsci.uga.edu/public/app/dataset_details.asp?id=238</url>
</online>
</distribution>
</associatedMaterial>
<associatedMaterial category="data" id="knb-lter-gce.245" date="2004-12-31">
<distribution><online><onlineDescription>PHY-GCEM-0505h - Continuous salinity, temperature and depth measurements from moored hydrographic data loggers deployed at GCE10_Hydro (Duplin River west of Sapelo Island, Georgia) from 01-Jan-2004 through 31-Dec-2004</onlineDescription>
<url>http://gce-lter.marsci.uga.edu/public/app/dataset_details.asp?id=245</url>
</online>
</distribution>
</associatedMaterial>
<associatedMaterial category="data" id="knb-lter-gce.244" date="2004-12-31">
<distribution><online><onlineDescription>PHY-GCEM-0505g - Continuous salinity, temperature and depth measurements from moored hydrographic data loggers deployed at GCE9_Hydro (Altamaha River near Rockdedundy Island, Georgia) from 01-Jan-2004 through 31-Dec-2004</onlineDescription>
<url>http://gce-lter.marsci.uga.edu/public/app/dataset_details.asp?id=244</url>
</online>
</distribution>
</associatedMaterial>
<associatedMaterial category="data" id="knb-lter-gce.189" date="2003-12-31">
<distribution><online><onlineDescription>PHY-GCEM-0403h - Continuous salinity, temperature and depth measurements from moored hydrographic data loggers deployed at GCE10_Hydro (Duplin River west of Sapelo Island, Georgia) from 17-Jul-2003 through 31-Dec-2003</onlineDescription>
<url>http://gce-lter.marsci.uga.edu/public/app/dataset_details.asp?id=189</url>
</online>
</distribution>
</associatedMaterial>
<associatedMaterial category="data" id="knb-lter-gce.182" date="2003-12-31">
<distribution><online><onlineDescription>PHY-GCEM-0403a - Continuous salinity, temperature and depth measurements from moored hydrographic data loggers deployed at GCE1_Hydro (Sapelo River near Eulonia, Georgia) from 01-Jan-2003 through 31-Dec-2003</onlineDescription>
<url>http://gce-lter.marsci.uga.edu/public/app/dataset_details.asp?id=182</url>
</online>
</distribution>
</associatedMaterial>
<associatedMaterial category="data" id="knb-lter-gce.183" date="2003-12-31">
<distribution><online><onlineDescription>PHY-GCEM-0403b - Continuous salinity, temperature and depth measurements from moored hydrographic data loggers deployed at GCE2_Hydro (Four Mile Island, Georgia) from 01-Jan-2003 through 31-Dec-2003</onlineDescription>
<url>http://gce-lter.marsci.uga.edu/public/app/dataset_details.asp?id=183</url>
</online>
</distribution>
</associatedMaterial>
<associatedMaterial category="data" id="knb-lter-gce.185" date="2003-12-31">
<distribution><online><onlineDescription>PHY-GCEM-0403d - Continuous salinity, temperature and depth measurements from moored hydrographic data loggers deployed at GCE6_Hydro (Doboy Sound south of Sapelo Island, Georgia) from 01-Jan-2003 through 31-Dec-2003</onlineDescription>
<url>http://gce-lter.marsci.uga.edu/public/app/dataset_details.asp?id=185</url>
</online>
</distribution>
</associatedMaterial>
<associatedMaterial category="data" id="knb-lter-gce.186" date="2003-12-31">
<distribution><online><onlineDescription>PHY-GCEM-0403e - Continuous salinity, temperature and depth measurements from moored hydrographic data loggers deployed at GCE7_Hydro (Altamaha River near Carrs Island, Georgia) from 01-Jan-2003 through 31-Dec-2003</onlineDescription>
<url>http://gce-lter.marsci.uga.edu/public/app/dataset_details.asp?id=186</url>
</online>
</distribution>
</associatedMaterial>
<associatedMaterial category="data" id="knb-lter-gce.187" date="2003-12-31">
<distribution><online><onlineDescription>PHY-GCEM-0403f - Continuous salinity, temperature and depth measurements from moored hydrographic data loggers deployed at GCE8_Hydro (Altamaha River near Aligator Creek, Georgia) from 01-Jan-2003 through 31-Dec-2003</onlineDescription>
<url>http://gce-lter.marsci.uga.edu/public/app/dataset_details.asp?id=187</url>
</online>
</distribution>
</associatedMaterial>
<associatedMaterial category="data" id="knb-lter-gce.188" date="2003-12-31">
<distribution><online><onlineDescription>PHY-GCEM-0403g - Continuous salinity, temperature and depth measurements from moored hydrographic data loggers deployed at GCE9_Hydro (Altamaha River near Rockdedundy Island, Georgia) from 01-Jan-2003 through 31-Dec-2003</onlineDescription>
<url>http://gce-lter.marsci.uga.edu/public/app/dataset_details.asp?id=188</url>
</online>
</distribution>
</associatedMaterial>
<associatedMaterial category="data" id="knb-lter-gce.184" date="2003-11-06">
<distribution><online><onlineDescription>PHY-GCEM-0403c - Continuous salinity, temperature and depth measurements from moored hydrographic data loggers deployed at GCE3_Hydro (Sapelo Sound north of Sapelo Island, Georgia) from 01-Jan-2003 through 06-Nov-2003</onlineDescription>
<url>http://gce-lter.marsci.uga.edu/public/app/dataset_details.asp?id=184</url>
</online>
</distribution>
</associatedMaterial>
<associatedMaterial category="data" id="knb-lter-gce.81" date="2002-12-31">
<distribution><online><onlineDescription>PHY-GCEM-0303c2 - Continuous salinity, temperature and depth measurements from moored hydrographic data loggers deployed at GCE3_Hydro (Sapelo Sound north of Sapelo Island, Georgia) from 01-Jan-2002 through 31-Dec-2002</onlineDescription>
<url>http://gce-lter.marsci.uga.edu/public/app/dataset_details.asp?id=81</url>
</online>
</distribution>
</associatedMaterial>
<associatedMaterial category="data" id="knb-lter-gce.77" date="2002-12-31">
<distribution><online><onlineDescription>PHY-GCEM-0303a2 - Continuous salinity, temperature and depth measurements from moored hydrographic data loggers deployed at GCE1_Hydro (Sapelo River near Eulonia, Georgia) from 01-Jan-2002 through 31-Dec-2002</onlineDescription>
<url>http://gce-lter.marsci.uga.edu/public/app/dataset_details.asp?id=77</url>
</online>
</distribution>
</associatedMaterial>
<associatedMaterial category="data" id="knb-lter-gce.79" date="2002-12-31">
<distribution><online><onlineDescription>PHY-GCEM-0303b2 - Continuous salinity, temperature and depth measurements from moored hydrographic data loggers deployed at GCE2_Hydro (Four Mile Island, Georgia) from 01-Jan-2002 through 31-Dec-2002</onlineDescription>
<url>http://gce-lter.marsci.uga.edu/public/app/dataset_details.asp?id=79</url>
</online>
</distribution>
</associatedMaterial>
<associatedMaterial category="data" id="knb-lter-gce.87" date="2002-12-31">
<distribution><online><onlineDescription>PHY-GCEM-0303g1 - Continuous salinity, temperature and depth measurements from moored hydrographic data loggers deployed at GCE9_Hydro (Altamaha River near Rockdedundy Island, Georgia) from 25-Feb-2002 through 31-Dec-2002</onlineDescription>
<url>http://gce-lter.marsci.uga.edu/public/app/dataset_details.asp?id=87</url>
</online>
</distribution>
</associatedMaterial>
<associatedMaterial category="data" id="knb-lter-gce.86" date="2002-12-31">
<distribution><online><onlineDescription>PHY-GCEM-0303f2 - Continuous salinity, temperature and depth measurements from moored hydrographic data loggers deployed at GCE8_Hydro (Altamaha River near Aligator Creek) from 01-Jan-2002 through 31-Dec-2002</onlineDescription>
<url>http://gce-lter.marsci.uga.edu/public/app/dataset_details.asp?id=86</url>
</online>
</distribution>
</associatedMaterial>
<associatedMaterial category="data" id="knb-lter-gce.82" date="2002-12-31">
<distribution><online><onlineDescription>PHY-GCEM-0303d1 - Continuous salinity, temperature and depth measurements from moored hydrographic data loggers deployed at GCE6_Hydro (Doboy Sound south of Sapelo Island, Georgia) from 25-Feb-2002 through 31-Dec-2002</onlineDescription>
<url>http://gce-lter.marsci.uga.edu/public/app/dataset_details.asp?id=82</url>
</online>
</distribution>
</associatedMaterial>
<associatedMaterial category="data" id="knb-lter-gce.84" date="2002-12-31">
<distribution><online><onlineDescription>PHY-GCEM-0303e2 - Continuous salinity, temperature and depth measurements from moored hydrographic data loggers deployed at GCE7_Hydro (Altamaha River near Carrs Island, Georgia) from 01-Jan-2002 through 31-Dec-2002</onlineDescription>
<url>http://gce-lter.marsci.uga.edu/public/app/dataset_details.asp?id=84</url>
</online>
</distribution>
</associatedMaterial>
<associatedMaterial category="data" id="knb-lter-gce.83" date="2001-12-31">
<distribution><online><onlineDescription>PHY-GCEM-0303e1 - Continuous salinity, temperature and depth measurements from moored hydrographic data loggers deployed at GCE7_Hydro (Altamaha River near Carrs Island, Georgia) from 10-Aug-2001 through 31-Dec-2001</onlineDescription>
<url>http://gce-lter.marsci.uga.edu/public/app/dataset_details.asp?id=83</url>
</online>
</distribution>
</associatedMaterial>
<associatedMaterial category="data" id="knb-lter-gce.85" date="2001-12-31">
<distribution><online><onlineDescription>PHY-GCEM-0303f1 - Continuous salinity, temperature and depth measurements from moored hydrographic data loggers deployed at GCE8_Hydro (Altamaha River near Aligator Creek) from 26-Oct-2001 through 31-Dec-2001</onlineDescription>
<url>http://gce-lter.marsci.uga.edu/public/app/dataset_details.asp?id=85</url>
</online>
</distribution>
</associatedMaterial>
<associatedMaterial category="data" id="knb-lter-gce.76" date="2001-12-31">
<distribution><online><onlineDescription>PHY-GCEM-0303a1 - Continuous salinity, temperature and depth measurements from moored hydrographic data loggers deployed at GCE1_Hydro (Sapelo River near Eulonia, Georgia) from 13-Sep-2001 through 31-Dec-2001</onlineDescription>
<url>http://gce-lter.marsci.uga.edu/public/app/dataset_details.asp?id=76</url>
</online>
</distribution>
</associatedMaterial>
<associatedMaterial category="data" id="knb-lter-gce.80" date="2001-12-31">
<distribution><online><onlineDescription>PHY-GCEM-0303c1 - Continuous salinity, temperature and depth measurements from moored hydrographic data loggers deployed at GCE3_Hydro (Sapelo Sound north of Sapelo Island, Georgia) from 08-Aug-2001 through 31-Dec-2001</onlineDescription>
<url>http://gce-lter.marsci.uga.edu/public/app/dataset_details.asp?id=80</url>
</online>
</distribution>
</associatedMaterial>
<associatedMaterial category="data" id="knb-lter-gce.78" date="2001-12-31">
<distribution><online><onlineDescription>PHY-GCEM-0303b1 - Continuous salinity, temperature and depth measurements from moored hydrographic data loggers deployed at GCE2_Hydro (Four Mile Island, Georgia) from 26-Oct-2001 through 31-Dec-2001</onlineDescription>
<url>http://gce-lter.marsci.uga.edu/public/app/dataset_details.asp?id=78</url>
</online>
</distribution>
</associatedMaterial>
<associatedMaterial category="image">
<distribution><online><onlineDescription>Figure 1. Sallinity measured at the sondes moored at 8 GCE sites.</onlineDescription>
<url>http://gce-lter.marsci.uga.edu/public/resources/projects/sallinityDiIorioQ2.png</url>
</online>
</distribution>
</associatedMaterial>
<associatedMaterial category="image">
<distribution><online><onlineDescription>Figure 2. Sea-Bird Electronics®, Inc. MicroCAT data logger used to record temperature and conductivity at GCE sites.</onlineDescription>
<url>http://gce-lter.marsci.uga.edu/public/resources/projects/microCATDiIorioQ2.png</url>
</online>
</distribution>
</associatedMaterial>
</lter:researchProject>