<?xml version="1.0" encoding="UTF-8"?>
<lter:researchProject xmlns:lter="eml://ecoinformatics.org/lter-project-2.1.0" xmlns:xsi="http://www.w3.org/2001/XMLSchema-instance" xsi:schemaLocation="eml://ecoinformatics.org/lter-project-2.1.0 http://gce-lter.marsci.uga.edu/public/files/schemas/project-eml-210/lter-project.xsd" id="knb-lter-gce.p21" scope="system" system="knb">
<shortName>Groundwater wells</shortName>
<title>GCE groundwater well monitoring</title>
<creator><individualName><salutation>Dr.</salutation>
<givenName>Carolyn</givenName>
<givenName>D.</givenName>
<surName>Ruppel</surName>
</individualName>
<organizationName>United States Geological Survey</organizationName>
<address><deliveryPoint>United States Geological Survey</deliveryPoint>
<deliveryPoint>Woods Hole Science Center</deliveryPoint>
<deliveryPoint>384 Woods Hole Road</deliveryPoint>
<city>Woods Hole</city>
<administrativeArea>Massachusetts</administrativeArea>
<postalCode>02543-1598</postalCode>
<country>USA</country>
</address>
<electronicMailAddress>cruppel@usgs.gov</electronicMailAddress>
<userId directory="http://gce-lter.marsci.uga.edu/public/app/personnel_bios.asp?id=cruppel">cruppel</userId>
</creator>
<creator><individualName><salutation>Dr.</salutation>
<givenName>Samantha</givenName>
<givenName>B.</givenName>
<surName>Joye</surName>
</individualName>
<organizationName>University of Georgia</organizationName>
<address><deliveryPoint>Dept. of Marine Sciences</deliveryPoint>
<deliveryPoint>University of Georgia</deliveryPoint>
<city>Athens</city>
<administrativeArea>Georgia</administrativeArea>
<postalCode>30602-3636</postalCode>
<country>USA</country>
</address>
<electronicMailAddress>mjoye@uga.edu</electronicMailAddress>
<onlineUrl>http://www.marsci.uga.edu/FacultyPages/Joye/</onlineUrl>
<userId directory="http://gce-lter.marsci.uga.edu/public/app/personnel_bios.asp?id=mjoye">mjoye</userId>
</creator>
<metadataProvider><organizationName>Georgia Coastal Ecosystems LTER Project</organizationName>
<address><deliveryPoint>Dept. of Marine Sciences</deliveryPoint>
<deliveryPoint>University of Georgia</deliveryPoint>
<city>Athens</city>
<administrativeArea>Georgia</administrativeArea>
<postalCode>30602-3636</postalCode>
<country>USA</country>
</address>
<electronicMailAddress>gcelter@uga.edu</electronicMailAddress>
<onlineUrl>http://gce-lter.marsci.uga.edu/</onlineUrl>
</metadataProvider>
<associatedParty><individualName><salutation>Dr.</salutation>
<givenName>Carolyn</givenName>
<givenName>D.</givenName>
<surName>Ruppel</surName>
</individualName>
<organizationName>United States Geological Survey</organizationName>
<address><deliveryPoint>United States Geological Survey</deliveryPoint>
<deliveryPoint>Woods Hole Science Center</deliveryPoint>
<deliveryPoint>384 Woods Hole Road</deliveryPoint>
<city>Woods Hole</city>
<administrativeArea>Massachusetts</administrativeArea>
<postalCode>02543-1598</postalCode>
<country>USA</country>
</address>
<electronicMailAddress>cruppel@usgs.gov</electronicMailAddress>
<userId directory="http://gce-lter.marsci.uga.edu/public/app/personnel_bios.asp?id=cruppel">cruppel</userId>
<role>Principal investigator</role>
<temporalCoverage><rangeOfDates><beginDate><calendarDate>2000-01-01</calendarDate>
</beginDate>
<endDate><calendarDate>2002-12-31</calendarDate>
</endDate>
</rangeOfDates>
</temporalCoverage>
</associatedParty>
<associatedParty><individualName><salutation>Dr.</salutation>
<givenName>Samantha</givenName>
<givenName>B.</givenName>
<surName>Joye</surName>
</individualName>
<organizationName>University of Georgia</organizationName>
<address><deliveryPoint>Dept. of Marine Sciences</deliveryPoint>
<deliveryPoint>University of Georgia</deliveryPoint>
<city>Athens</city>
<administrativeArea>Georgia</administrativeArea>
<postalCode>30602-3636</postalCode>
<country>USA</country>
</address>
<electronicMailAddress>mjoye@uga.edu</electronicMailAddress>
<onlineUrl>http://www.marsci.uga.edu/FacultyPages/Joye/</onlineUrl>
<userId directory="http://gce-lter.marsci.uga.edu/public/app/personnel_bios.asp?id=mjoye">mjoye</userId>
<role>Principal investigator</role>
<temporalCoverage><ongoing><beginDate><calendarDate>2000-01-01</calendarDate>
</beginDate>
</ongoing>
</temporalCoverage>
</associatedParty>
<pubDate>2010</pubDate>
<abstract><section><title>Overview</title>
<para>Groundwater enters the GCE domain via sub-marsh flow, at seepage fronts, and as baseflow to tidal creeks.  We have well fields at two sites (GCE 4 and 10) that are sampled regularly for nutrients and water level (wells previously installed at GCE 3 are no longer flowing).  We also have instrumented wells located on two marsh hammocks that were set up as part of our efforts to evaluate controls of upland/intertidal gradients lateral gradients (Q4).  </para>
<para>Time series of well water level fluctuations can be used to identify the predominant flow paths at each site.  Analyses of these time series during GCE I by C. Ruppel identified an asymmetric tidally-induced groundwater signal at site 10, which indicates that the hammock’s surficial aquifer responds like a confined aquifer to fluctuations in the Duplin River. Thus, we infer relatively low discharge rate or material exchange between the hammock and the tidal creek. At site 3, Ruppel documented a high degree of hydraulic connectivity between marsh monitoring wells proximal to the upland and the tidal creek, implying the presence of a high permeability pathway between the two and leading us to conclude that submarsh groundwater flow was a reasonable flow pathway along this salinity gradient.  At  site 4, on the landward side of the GCE, there is a "normal" signal in which the marsh acts as a low-pass filter for the tidal fluctuations, and there is relatively little evidence of submarsh flow.  This site is heavily dominated by the influence of surface water flow.</para>
</section>
<section><title>Associated GCE LTER research questions</title>
<para>Question 2: How do the spatial and temporal patterns of biogeochemical processes, primary production, community dynamics, decomposition, and disturbance vary across the estuarine landscape, and how do they relate to environmental gradients? (<ulink url="http://gce-lter.marsci.uga.edu/public/research/gce2_q2.asp">more information</ulink>)</para>
</section>
</abstract>
<keywordSet name="measurement">
<keyword>salinity</keyword>
</keywordSet>
<keywordSet name="organization">
<keyword>LTER</keyword>
<keyword>NSF</keyword>
</keywordSet>
<keywordSet name="place">
<keyword>Georgia</keyword>
</keywordSet>
<keywordSet name="site">
<keyword>GCE</keyword>
</keywordSet>
<keywordSet name="theme">
<keyword>groundwater</keyword>
<keyword>hammock</keyword>
<keyword>marsh</keyword>
<keyword>sub-marsh</keyword>
<keyword>wells</keyword>
</keywordSet>
<coverage><geographicCoverage><geographicDescription>Overall geographic extent of the research project</geographicDescription>
<boundingCoordinates><westBoundingCoordinate>-81.370752</westBoundingCoordinate>
<eastBoundingCoordinate>-81.195661</eastBoundingCoordinate>
<northBoundingCoordinate>31.546868</northBoundingCoordinate>
<southBoundingCoordinate>31.448419</southBoundingCoordinate>
</boundingCoordinates>
</geographicCoverage>
<temporalCoverage><rangeOfDates><beginDate><calendarDate>2000-01-01</calendarDate>
</beginDate>
<endDate><calendarDate>2002-12-31</calendarDate>
</endDate>
</rangeOfDates>
</temporalCoverage>
</coverage>
<funding><section><para>National Science Foundation grant number OCE-9982133</para>
</section>
</funding>
<studyAreaDescription><descriptor name="hydrology" citableClassificationSystem="false">
<descriptorValue>estuary marsh complex</descriptorValue>
</descriptor>
<coverage><geographicCoverage><geographicDescription>Hunt Camp - Barrier island/marsh site on western Sapelo Island.  This site is located at the upper reaches of the Duplin River, and is within the Sapelo Island National Estuarine Research Reserve. Existing well fields border small marsh area to northwest, some wells have been installed to south end of hammock where marsh is more extensive and permanent plots are located. Two existing hydrographic sondes and weather stations within this site are operated by SINERR (Hunt Camp dock) and UGAMI (flume dock).</geographicDescription>
<boundingCoordinates><westBoundingCoordinate>-81.295506</westBoundingCoordinate>
<eastBoundingCoordinate>-81.258908</eastBoundingCoordinate>
<northBoundingCoordinate>31.497026</northBoundingCoordinate>
<southBoundingCoordinate>31.462320</southBoundingCoordinate>
</boundingCoordinates>
</geographicCoverage>
<geographicCoverage><geographicDescription>North Sapelo - High salinity marsh/Sapelo Sound site.  Few or no small creeks, but one large creek is easily accessed. Further upstream upland drainage is affected by culvert at Reynolds' duck pond. Upland is heavily forested. Hydrographic sonde is deployed adjacent to this site attached to a channel marker (under U.S. Coast Guard permit). A huge mud flat is present at the northern tip of Sapelo Island.</geographicDescription>
<boundingCoordinates><westBoundingCoordinate>-81.233249</westBoundingCoordinate>
<eastBoundingCoordinate>-81.195661</eastBoundingCoordinate>
<northBoundingCoordinate>31.546868</northBoundingCoordinate>
<southBoundingCoordinate>31.515188</southBoundingCoordinate>
</boundingCoordinates>
</geographicCoverage>
<geographicCoverage><geographicDescription>Meridian - Inland marsh and tidal creek site near Meridian, Georgia. The primary marsh site is to the south of the dock in front of the Sapelo Island Visitor Center. Some small creeks and one large creek (Hudson Creek) are present. Upland is heavily forested. Marsh to the north of the dock can be used for additional studies if larger areas are required. Upland to the North is being developed for residential use, so future access is uncertain. The USGS super station site (weather station plus multiple-sensor sonde) is deployed off the ferry dock. Salinity is similar to seawater because there is little freshwater input from the upland.</geographicDescription>
<boundingCoordinates><westBoundingCoordinate>-81.370752</westBoundingCoordinate>
<eastBoundingCoordinate>-81.357256</eastBoundingCoordinate>
<northBoundingCoordinate>31.463533</northBoundingCoordinate>
<southBoundingCoordinate>31.448419</southBoundingCoordinate>
</boundingCoordinates>
</geographicCoverage>
</coverage>
</studyAreaDescription>
</lter:researchProject>