<?xml version="1.0" encoding="UTF-8"?>
<lter:researchProject xmlns:lter="eml://ecoinformatics.org/lter-project-2.1.0" xmlns:xsi="http://www.w3.org/2001/XMLSchema-instance" xsi:schemaLocation="eml://ecoinformatics.org/lter-project-2.1.0 http://gce-lter.marsci.uga.edu/public/files/schemas/project-eml-210/lter-project.xsd" id="knb-lter-gce.p10" scope="system" system="knb">
<shortName>Phenotypic and genetic variation in marsh plants</shortName>
<title>Plant strategies across steep environmental gradients of a salt marsh</title>
<creator><individualName><salutation>Dr.</salutation>
<givenName>Steven</givenName>
<givenName>C.</givenName>
<surName>Pennings</surName>
</individualName>
<organizationName>University of Houston</organizationName>
<address><deliveryPoint>Department of Biology and Biochemistry</deliveryPoint>
<deliveryPoint>University of Houston</deliveryPoint>
<city>Houston</city>
<administrativeArea>Texas</administrativeArea>
<postalCode>77204-5513</postalCode>
<country>USA</country>
</address>
<electronicMailAddress>scpennin@central.uh.edu</electronicMailAddress>
<onlineUrl>http://www.bchs.uh.edu/~steve/</onlineUrl>
<userId directory="http://gce-lter.marsci.uga.edu/public/app/personnel_bios.asp?id=spennings">spennings</userId>
</creator>
<metadataProvider><organizationName>Georgia Coastal Ecosystems LTER Project</organizationName>
<address><deliveryPoint>Dept. of Marine Sciences</deliveryPoint>
<deliveryPoint>University of Georgia</deliveryPoint>
<city>Athens</city>
<administrativeArea>Georgia</administrativeArea>
<postalCode>30602-3636</postalCode>
<country>USA</country>
</address>
<electronicMailAddress>gcelter@uga.edu</electronicMailAddress>
<onlineUrl>http://gce-lter.marsci.uga.edu/</onlineUrl>
</metadataProvider>
<associatedParty><individualName><salutation>Dr.</salutation>
<givenName>Steven</givenName>
<givenName>C.</givenName>
<surName>Pennings</surName>
</individualName>
<organizationName>University of Houston</organizationName>
<address><deliveryPoint>Department of Biology and Biochemistry</deliveryPoint>
<deliveryPoint>University of Houston</deliveryPoint>
<city>Houston</city>
<administrativeArea>Texas</administrativeArea>
<postalCode>77204-5513</postalCode>
<country>USA</country>
</address>
<electronicMailAddress>scpennin@central.uh.edu</electronicMailAddress>
<onlineUrl>http://www.bchs.uh.edu/~steve/</onlineUrl>
<userId directory="http://gce-lter.marsci.uga.edu/public/app/personnel_bios.asp?id=spennings">spennings</userId>
<role>Principal investigator</role>
</associatedParty>
<associatedParty><individualName><salutation>Dr.</salutation>
<givenName>James</givenName>
<givenName>L.</givenName>
<surName>Hamrick</surName>
</individualName>
<organizationName>University of Georgia</organizationName>
<address><deliveryPoint>Department of Genetics</deliveryPoint>
<deliveryPoint>University of Georgia</deliveryPoint>
<city>Athens</city>
<administrativeArea>Georgia</administrativeArea>
<postalCode>30602</postalCode>
<country>USA</country>
</address>
<userId directory="http://gce-lter.marsci.uga.edu/public/app/personnel_bios.asp?id=jlhamrick">jlhamrick</userId>
<role>Co-investigator</role>
</associatedParty>
<associatedParty><individualName><salutation>Dr.</salutation>
<givenName>Lisa</givenName>
<givenName>A.</givenName>
<surName>Donovan</surName>
</individualName>
<organizationName>University of Georgia</organizationName>
<address><deliveryPoint>Botany Department</deliveryPoint>
<deliveryPoint>University of Georgia</deliveryPoint>
<city>Athens</city>
<administrativeArea>Georgia</administrativeArea>
<postalCode>30602</postalCode>
<country>USA</country>
</address>
<electronicMailAddress>donovan@plantbio.uga.edu</electronicMailAddress>
<onlineUrl>http://www.plantbio.uga.edu/~donovan/donovan.html</onlineUrl>
<userId directory="http://gce-lter.marsci.uga.edu/public/app/personnel_bios.asp?id=ldonovan">ldonovan</userId>
<role>Co-investigator</role>
</associatedParty>
<associatedParty><individualName><salutation>Dr.</salutation>
<givenName>Rodney</givenName>
<surName>Mauricio</surName>
</individualName>
<organizationName>University of Georgia</organizationName>
<address><deliveryPoint>Department of Genetics</deliveryPoint>
<deliveryPoint>University of Georgia</deliveryPoint>
<city>Athens</city>
<administrativeArea>Georgia</administrativeArea>
<postalCode>30602</postalCode>
<country>USA</country>
</address>
<userId directory="http://gce-lter.marsci.uga.edu/public/app/personnel_bios.asp?id=rmauricio">rmauricio</userId>
<role>Co-investigator</role>
</associatedParty>
<associatedParty><individualName><salutation>Dr.</salutation>
<givenName>Steven</givenName>
<givenName>J.</givenName>
<surName>Franks</surName>
</individualName>
<organizationName>University of Georgia</organizationName>
<address><deliveryPoint>Department of Plant Biology</deliveryPoint>
<deliveryPoint>University of Georgia</deliveryPoint>
<city>Athens</city>
<administrativeArea>Georgia</administrativeArea>
<postalCode>30602</postalCode>
<country>USA</country>
</address>
<userId directory="http://gce-lter.marsci.uga.edu/public/app/personnel_bios.asp?id=sjfranks">sjfranks</userId>
<role>Co-investigator</role>
</associatedParty>
<associatedParty><individualName><salutation>Dr.</salutation>
<givenName>Christina</givenName>
<givenName>L.</givenName>
<surName>Richards</surName>
</individualName>
<organizationName>SUNY Stony Brook</organizationName>
<address><deliveryPoint>650 Life Sciences Building</deliveryPoint>
<deliveryPoint>SUNY Stony Brook - Dept of Ecology and Evolution</deliveryPoint>
<city>Stony Brook</city>
<administrativeArea>New York</administrativeArea>
<postalCode>11794-5245</postalCode>
<country>USA</country>
</address>
<electronicMailAddress>richards@life.bio.sunysb.edu</electronicMailAddress>
<userId directory="http://gce-lter.marsci.uga.edu/public/app/personnel_bios.asp?id=crichards">crichards</userId>
<role>Graduate research assistant</role>
</associatedParty>
<pubDate>2010</pubDate>
<abstract><section><title>Overview</title>
<para>C. Richards (Ph.D. student) and L. Donovan (UGA) conducted field surveys of plant phenotypes, environmental parameters and allozyme patterns as well as a greenhouse study and a reciprocal transplant study to determine what strategies plants use to live across the steep environmental gradients of the salt marsh.  They found that 12 plant species express a broad range of phenotypes that are correlated with environmental factors in Sapelo Island salt marshes. Allozyme markers revealed that clone size in Borrichia frutescens and Spartina alterniflora is not as large as anticipated. Both the greenhouse and field reciprocal transplant studies of Borrichia frutescens showed evidence of phenotypic plasticity for all traits measured.</para>
</section>
<section><title>Associated GCE LTER research questions</title>
<para>Question 2: How do the spatial and temporal patterns of biogeochemical processes, primary production, community dynamics, decomposition, and disturbance vary across the estuarine landscape, and how do they relate to environmental gradients? (<ulink url="http://gce-lter.marsci.uga.edu/public/research/gce2_q2.asp">more information</ulink>)</para>
</section>
</abstract>
<keywordSet name="organization">
<keyword>LTER</keyword>
<keyword>NSF</keyword>
</keywordSet>
<keywordSet name="place">
<keyword>Georgia</keyword>
<keyword>Sapelo Island</keyword>
</keywordSet>
<keywordSet name="site">
<keyword>GCE</keyword>
</keywordSet>
<keywordSet name="taxonomic">
<keyword>Borrichia frutescens</keyword>
<keyword>Spartina alterniflora</keyword>
</keywordSet>
<keywordSet name="theme">
<keyword>allozyme markers</keyword>
<keyword>phenotype</keyword>
<keyword>salt marsh</keyword>
</keywordSet>
<coverage><geographicCoverage><geographicDescription>Overall geographic extent of the research project</geographicDescription>
<boundingCoordinates><westBoundingCoordinate>-81.759763</westBoundingCoordinate>
<eastBoundingCoordinate>-81.119291</eastBoundingCoordinate>
<northBoundingCoordinate>31.771190</northBoundingCoordinate>
<southBoundingCoordinate>30.892711</southBoundingCoordinate>
</boundingCoordinates>
</geographicCoverage>
<temporalCoverage><rangeOfDates><beginDate><calendarDate>1994-01-01</calendarDate>
</beginDate>
<endDate><calendarDate>2004-12-31</calendarDate>
</endDate>
</rangeOfDates>
</temporalCoverage>
</coverage>
<funding><section><para>National Science Foundation grant number OCE-9982133 and Georgia Sea Grant</para>
</section>
</funding>
<studyAreaDescription><descriptor name="hydrology" citableClassificationSystem="false">
<descriptorValue>estuary marsh complex</descriptorValue>
</descriptor>
<coverage><geographicCoverage><geographicDescription>Central Georgia Coast - Central Georgia coastal region from the South Newport River (northern extent) to the Satilla River (southern extent), and from the outer banks of the barrier islands (eastern extent) to approximately 35km inland (western extent)</geographicDescription>
<boundingCoordinates><westBoundingCoordinate>-81.759763</westBoundingCoordinate>
<eastBoundingCoordinate>-81.119291</eastBoundingCoordinate>
<northBoundingCoordinate>31.771190</northBoundingCoordinate>
<southBoundingCoordinate>30.892711</southBoundingCoordinate>
</boundingCoordinates>
</geographicCoverage>
</coverage>
</studyAreaDescription>
<associatedMaterial category="publication" id="gce.228" date="2006">
<distribution><offline><mediumName>Blanton, J.O., Andrade, F.A. and Adelaide Ferreira, M. 2006. The relationship of hydrodynamics and morphology in tidal-creek and salt-marsh systems in South Carolina and Georgia. Pages 93-107 in: Kleppel, G.S., DeVoe, M.R. and Rawson, M.V. (editors). Implications of changing land use patterns to coastal ecosystems. Springer-Verlag, New York, NY.</mediumName>
</offline>
</distribution>
</associatedMaterial>
<associatedMaterial category="publication" id="gce.113" date="2005">
<distribution><offline><mediumName>Richards, C.L., Pennings, S.C. and Donovan, L.A. 2005. Habitat range and phenotypic variation in salt marsh plants. Plant Ecology. 176:263-273.</mediumName>
</offline>
</distribution>
</associatedMaterial>
<associatedMaterial category="publication" id="gce.274" date="2005">
<distribution><offline><mediumName>Richards, C.L., Donovan, L.A. and Mauricio, R. 2005. Presentation: Selection, but no local adaptation of plant physiological traits in contrasting salt marsh environments. ERF 2005 - The 18th Biennial Conference of the Estuarine Research Federation, October 16-21, 2005, Norfolk, Virginia.</mediumName>
</offline>
</distribution>
</associatedMaterial>
<associatedMaterial category="publication" id="gce.217" date="2004">
<distribution><offline><mediumName>Richards, C.L., Hamrick, J.L., Donovan, L.A. and Mauricio, R. 2004. Unexpectedly high clonal diversity of two salt marsh perennials across a severe environmental gradient. Ecology Letters. 2004(7):1155-1162.</mediumName>
</offline>
</distribution>
</associatedMaterial>
<associatedMaterial category="publication" id="gce.270" date="2004">
<distribution><online><onlineDescription>Franks, S.J., Richards, C.L., Gonzales, E., Cousins, J.C., and Hamrick, J.L. 2004. Multi-Scale Genetic Analysis of Uniola Paniculata (Poaceae): A Coastal Species with a Linear, Fragmented Distribution. American Journal of Botany. 91:1345-1351.</onlineDescription>
<url>http://www.amjbot.org/cgi/content/full/91/9/1345</url>
</online>
</distribution>
</associatedMaterial>
<associatedMaterial category="publication" id="gce.50" date="2003">
<distribution><offline><mediumName>Callaway, R.M., Pennings, S.C. and Richards, C.L. 2003. Phenotypic plasticity and interactions among plants. Ecology. 84(5):1115-1128.</mediumName>
</offline>
</distribution>
</associatedMaterial>
<associatedMaterial category="publication" id="gce.178" date="2003">
<distribution><offline><mediumName>Richards, C.L., Donovan, L.A., Mauricio, R. and Hamrick, J.L. 2003. Presentation:  Patterns of genetic diversity along a severe environmental gradient in a salt marsh perennial. Estuarine Research Federation 2003 Conference Abstracts. Seattle, WA.</mediumName>
</offline>
</distribution>
</associatedMaterial>
<associatedMaterial category="publication" id="gce.179" date="2003">
<distribution><offline><mediumName>Richards, C.L., Donovan, L.A., Mauricio, R. and Hamrick, J.L. 2003. Presentation:  Genetic diversity and clonal structure of the salt marsh perennial Borrichia frutescens. Ecological Society of America 2003 Annual Meeting Abstracts. Savannah, GA.</mediumName>
</offline>
</distribution>
</associatedMaterial>
<associatedMaterial category="publication" id="gce.180" date="2003">
<distribution><offline><mediumName>Richards, C.L., Donovan, L.A., Mauricio, R. and Hamrick, J.L. 2003. Poster:  Patterns of genetic diversity along a severe environmental gradient in a salt marsh perennia. National Estuarine Research Reserve (NERR) 2003 annual meeting. Charleston, SC.</mediumName>
</offline>
</distribution>
</associatedMaterial>
<associatedMaterial category="publication" id="gce.183" date="2003">
<distribution><offline><mediumName>Hamrick, J.L., Richards, C.L., Donovan, L.A. and Mauricio, R. 2003. Presentation:  Genetic diversity and clonal structure of the salt marsh perennial Borrichia frutescens. Society for the Study of Evolution 2003 annual meeting. Chico, CA.</mediumName>
</offline>
</distribution>
</associatedMaterial>
<associatedMaterial category="publication" id="gce.114" date="2002">
<distribution><offline><mediumName>Richards, C.L., Pennings, S.C. and Donovan, L.A. 2002. Poster:  Community-wide patterns of phenotypic variation in salt marsh plants. 2002 National Estuarine Research Reserve (NERR) Annual Meeting.</mediumName>
</offline>
</distribution>
</associatedMaterial>
<associatedMaterial category="publication" id="gce.115" date="2002">
<distribution><offline><mediumName>Franks, S.J., Richards, C.L., Gonzales, E., Cousins, J.E. and Hamrick, J.L. 2002. Presentation:  Multi-scale genetic analysis of Uniola paniculata L.: a coastal species with a fragmented, linear distribution. American Society of Naturalists National Meeting. Banff, Canada.</mediumName>
</offline>
</distribution>
</associatedMaterial>
<associatedMaterial category="publication" id="gce.69" date="2001">
<distribution><offline><mediumName>Franks, S.J., Jones, F.A., Johnston, J.A., Bouck, A.C., Comita, L.S., Hardesty, B.D., Richards, C.L., Rosenthal, D.R. and West, J.B. 2001. Presentation:  What is Molecular Ecology?. Annual meeting for the Society for the Study of Evolution, 2001. Ecological genetics. Society for the Study of Evolution, Knoxville, Tennessee.</mediumName>
</offline>
</distribution>
</associatedMaterial>
<associatedMaterial category="publication" id="gce.71" date="2001">
<distribution><offline><mediumName>Richards, C.L. 2001. Presentation:  Conservation genetics of three salt marsh perennials. Annual Meeting 2001 Garden Club of America. Garden Club of America, Orlando, Florida.</mediumName>
</offline>
</distribution>
</associatedMaterial>
<associatedMaterial category="publication" id="gce.22" date="2001">
<distribution><offline><mediumName>Richards, C.L., White, S.N., Mcguire, M.A., Franks, S.J. and Donovan, L.A. 2001. Presentation:  Evidence for local adaptation along a salinity gradient in a salt marsh perennial. ESA 2001. Ecological Society of America, Aug 01, 2001.</mediumName>
</offline>
</distribution>
</associatedMaterial>
<associatedMaterial category="publication" id="gce.21" date="2000">
<distribution><offline><mediumName>Richards, C.L., Pennings, S.C. and Donovan, L.A. 2000. Presentation:  Morphological variation in twelve salt marsh plant species on Sapelo Island, GA. ESA 2000. Ecological Society of America, Aug 01, 2000.</mediumName>
</offline>
</distribution>
</associatedMaterial>
</lter:researchProject>