<?xml version="1.0" encoding="UTF-8"?>
<lter:researchProject xmlns:lter="eml://ecoinformatics.org/lter-project-2.1.0" xmlns:xsi="http://www.w3.org/2001/XMLSchema-instance" xsi:schemaLocation="eml://ecoinformatics.org/lter-project-2.1.0 http://gce-lter.marsci.uga.edu/public/files/schemas/project-eml-210/lter-project.xsd" id="knb-lter-gce.p30" scope="system" system="knb">
<shortName>GCE CTD monitoring surveys</shortName>
<title>GCE CTD  monitoring surveys</title>
<creator><individualName><salutation>Dr.</salutation>
<givenName>Daniela</givenName>
<surName>Di Iorio</surName>
</individualName>
<organizationName>University of Georgia</organizationName>
<address><deliveryPoint>Dept. of Marine Sciences</deliveryPoint>
<deliveryPoint>University of Georgia</deliveryPoint>
<city>Athens</city>
<administrativeArea>Georgia</administrativeArea>
<postalCode>30602-3636</postalCode>
<country>USA</country>
</address>
<electronicMailAddress>daniela@uga.edu</electronicMailAddress>
<onlineUrl>http://www.marsci.uga.edu/FacultyPages/Daniela/daniela.html</onlineUrl>
<userId directory="http://gce-lter.marsci.uga.edu/public/app/personnel_bios.asp?id=ddiiorio">ddiiorio</userId>
</creator>
<creator><individualName><salutation>Dr.</salutation>
<givenName>Samantha</givenName>
<givenName>B.</givenName>
<surName>Joye</surName>
</individualName>
<organizationName>University of Georgia</organizationName>
<address><deliveryPoint>Dept. of Marine Sciences</deliveryPoint>
<deliveryPoint>University of Georgia</deliveryPoint>
<city>Athens</city>
<administrativeArea>Georgia</administrativeArea>
<postalCode>30602-3636</postalCode>
<country>USA</country>
</address>
<electronicMailAddress>mjoye@uga.edu</electronicMailAddress>
<onlineUrl>http://www.marsci.uga.edu/FacultyPages/Joye/</onlineUrl>
<userId directory="http://gce-lter.marsci.uga.edu/public/app/personnel_bios.asp?id=mjoye">mjoye</userId>
</creator>
<metadataProvider><organizationName>Georgia Coastal Ecosystems LTER Project</organizationName>
<address><deliveryPoint>Dept. of Marine Sciences</deliveryPoint>
<deliveryPoint>University of Georgia</deliveryPoint>
<city>Athens</city>
<administrativeArea>Georgia</administrativeArea>
<postalCode>30602-3636</postalCode>
<country>USA</country>
</address>
<electronicMailAddress>gcelter@uga.edu</electronicMailAddress>
<onlineUrl>http://gce-lter.marsci.uga.edu/</onlineUrl>
</metadataProvider>
<associatedParty><individualName><salutation>Dr.</salutation>
<givenName>Daniela</givenName>
<surName>Di Iorio</surName>
</individualName>
<organizationName>University of Georgia</organizationName>
<address><deliveryPoint>Dept. of Marine Sciences</deliveryPoint>
<deliveryPoint>University of Georgia</deliveryPoint>
<city>Athens</city>
<administrativeArea>Georgia</administrativeArea>
<postalCode>30602-3636</postalCode>
<country>USA</country>
</address>
<electronicMailAddress>daniela@uga.edu</electronicMailAddress>
<onlineUrl>http://www.marsci.uga.edu/FacultyPages/Daniela/daniela.html</onlineUrl>
<userId directory="http://gce-lter.marsci.uga.edu/public/app/personnel_bios.asp?id=ddiiorio">ddiiorio</userId>
<role>Principal investigator</role>
</associatedParty>
<associatedParty><individualName><salutation>Dr.</salutation>
<givenName>Samantha</givenName>
<givenName>B.</givenName>
<surName>Joye</surName>
</individualName>
<organizationName>University of Georgia</organizationName>
<address><deliveryPoint>Dept. of Marine Sciences</deliveryPoint>
<deliveryPoint>University of Georgia</deliveryPoint>
<city>Athens</city>
<administrativeArea>Georgia</administrativeArea>
<postalCode>30602-3636</postalCode>
<country>USA</country>
</address>
<electronicMailAddress>mjoye@uga.edu</electronicMailAddress>
<onlineUrl>http://www.marsci.uga.edu/FacultyPages/Joye/</onlineUrl>
<userId directory="http://gce-lter.marsci.uga.edu/public/app/personnel_bios.asp?id=mjoye">mjoye</userId>
<role>Principal investigator</role>
<temporalCoverage><ongoing><beginDate><calendarDate>2001-01-01</calendarDate>
</beginDate>
</ongoing>
</temporalCoverage>
</associatedParty>
<associatedParty><individualName><salutation>Dr.</salutation>
<givenName>Melissa</givenName>
<givenName>G.</givenName>
<surName>Booth</surName>
</individualName>
<organizationName>University of Georgia Marine Institute</organizationName>
<address><deliveryPoint>University of Georgia Marine Institute</deliveryPoint>
<city>Sapelo Island</city>
<administrativeArea>Georgia</administrativeArea>
<postalCode>31327</postalCode>
<country>USA</country>
</address>
<electronicMailAddress>booth@uga.edu</electronicMailAddress>
<userId directory="http://gce-lter.marsci.uga.edu/public/app/personnel_bios.asp?id=mbooth">mbooth</userId>
<role>Co-investigator</role>
</associatedParty>
<associatedParty><individualName><givenName>Daniel</givenName>
<givenName>F.</givenName>
<surName>Saucedo</surName>
</individualName>
<organizationName>University of Georgia Marine Institute</organizationName>
<address><deliveryPoint>University of Georgia Marine Institute</deliveryPoint>
<city>Sapelo Island</city>
<administrativeArea>Georgia</administrativeArea>
<postalCode>31327</postalCode>
<country>USA</country>
</address>
<electronicMailAddress>dsaucedo@uga.edu</electronicMailAddress>
<userId directory="http://gce-lter.marsci.uga.edu/public/app/personnel_bios.asp?id=dsaucedo">dsaucedo</userId>
<role>Research technician</role>
</associatedParty>
<associatedParty><individualName><givenName>Jacob</givenName>
<surName>Shalack</surName>
</individualName>
<organizationName>University of Georgia Marine Institute</organizationName>
<address><deliveryPoint>University of Georgia Marine Institute</deliveryPoint>
<city>Sapelo Island</city>
<administrativeArea>Georgia</administrativeArea>
<postalCode>31327</postalCode>
<country>USA</country>
</address>
<electronicMailAddress>shalack@uga.edu</electronicMailAddress>
<userId directory="http://gce-lter.marsci.uga.edu/public/app/personnel_bios.asp?id=jshalack">jshalack</userId>
<role>Research technician</role>
</associatedParty>
<associatedParty><individualName><givenName>Kimberley</givenName>
<givenName>S.</givenName>
<surName>Hunter</surName>
</individualName>
<organizationName>University of Georgia</organizationName>
<address><deliveryPoint>Dept. of Marine Sciences</deliveryPoint>
<deliveryPoint>University of Georgia</deliveryPoint>
<city>Athens</city>
<administrativeArea>Georgia</administrativeArea>
<postalCode>30602</postalCode>
<country>USA</country>
</address>
<electronicMailAddress>kshunter@uga.edu</electronicMailAddress>
<userId directory="http://gce-lter.marsci.uga.edu/public/app/personnel_bios.asp?id=khunter">khunter</userId>
<role>Research technician</role>
</associatedParty>
<pubDate>2010</pubDate>
<abstract><section><title>Overview</title>
<para>We  deploy CTDs to collect vertical profiles of conductivity, temperature and dissolved oxygen at each station.  This program transitioned from quarterly cruise sampling (during GCE-I) to monthly sampling during 2006-2007 (GCE-II).  An additional monitoring station was added in summer 2008 at the mouth of Altamaha Sound (AL-02) to better capture the near-shore end member for that system.</para>
</section>
<section><title>Associated GCE LTER research questions</title>
<para>Question 2: How do the spatial and temporal patterns of biogeochemical processes, primary production, community dynamics, decomposition, and disturbance vary across the estuarine landscape, and how do they relate to environmental gradients? (<ulink url="http://gce-lter.marsci.uga.edu/public/research/gce2_q2.asp">more information</ulink>)</para>
</section>
</abstract>
<keywordSet name="measurement">
<keyword>conductivity</keyword>
<keyword>depth</keyword>
<keyword>dissolved oxygen</keyword>
<keyword>temperature</keyword>
</keywordSet>
<keywordSet name="organization">
<keyword>LTER</keyword>
<keyword>NSF</keyword>
</keywordSet>
<keywordSet name="place">
<keyword>Georgia</keyword>
</keywordSet>
<keywordSet name="site">
<keyword>GCE</keyword>
</keywordSet>
<keywordSet name="theme">
<keyword>cruises</keyword>
</keywordSet>
<coverage><geographicCoverage><geographicDescription>Overall geographic extent of the research project</geographicDescription>
<boundingCoordinates><westBoundingCoordinate>-81.582311</westBoundingCoordinate>
<eastBoundingCoordinate>-81.154122</eastBoundingCoordinate>
<northBoundingCoordinate>31.559628</northBoundingCoordinate>
<southBoundingCoordinate>31.172459</southBoundingCoordinate>
</boundingCoordinates>
</geographicCoverage>
<temporalCoverage><ongoing><beginDate><calendarDate>2001-01-01</calendarDate>
</beginDate>
</ongoing>
</temporalCoverage>
</coverage>
<funding><section><para>National Science Foundation grant numbers OCE-9982133 and OCE-0620959</para>
</section>
</funding>
<studyAreaDescription><descriptor name="hydrology" citableClassificationSystem="false">
<descriptorValue>estuary marsh complex</descriptorValue>
</descriptor>
<coverage><geographicCoverage><geographicDescription>Altamaha River - Altamaha River transect used for GCE quarterly hydrographic monitoring surveys.  Nominal profiling stations are defined every 2km from -4km to 40km (relative to station 0km at the line of demarcation), based on an estimated Thalweg line running up the main river channel.</geographicDescription>
<boundingCoordinates><westBoundingCoordinate>-81.582311</westBoundingCoordinate>
<eastBoundingCoordinate>-81.237936</eastBoundingCoordinate>
<northBoundingCoordinate>31.401403</northBoundingCoordinate>
<southBoundingCoordinate>31.296034</southBoundingCoordinate>
</boundingCoordinates>
</geographicCoverage>
<geographicCoverage><geographicDescription>Doboy Sound - Doboy Sound transect used for GCE quarterly hydrographic monitoring surveys.  Nominal profiling stations are defined every 2km from -2km to 12km and at 12.6km (relative to station 0km at the line of demarcation), based on an estimated Thalweg line running up the main sound channel.</geographicDescription>
<boundingCoordinates><westBoundingCoordinate>-81.368240</westBoundingCoordinate>
<eastBoundingCoordinate>-81.242954</eastBoundingCoordinate>
<northBoundingCoordinate>31.455664</northBoundingCoordinate>
<southBoundingCoordinate>31.340942</southBoundingCoordinate>
</boundingCoordinates>
</geographicCoverage>
<geographicCoverage><geographicDescription>Duplin River - Duplin River transect used for GCE quarterly hydrographic monitoring surveys.  Nominal profiling stations are defined at various locations along the Duplin River west of Sapelo Island, Georgia.</geographicDescription>
<boundingCoordinates><westBoundingCoordinate>-81.301987</westBoundingCoordinate>
<eastBoundingCoordinate>-81.263124</eastBoundingCoordinate>
<northBoundingCoordinate>31.486493</northBoundingCoordinate>
<southBoundingCoordinate>31.410854</southBoundingCoordinate>
</boundingCoordinates>
</geographicCoverage>
<geographicCoverage><geographicDescription>Intracoastal Waterway - Intracoastal Waterway transect used for GCE quarterly hydrographic monitoring surveys.  Nominal profiling stations are defined at varying distances from -28km to 32km (South to North, relative to station 0km at the sourthernmost tip of Wolf Island near the mouth of the Altamaha River), based on an estimated Thalweg line running up the main channel.</geographicDescription>
<boundingCoordinates><westBoundingCoordinate>-81.439160</westBoundingCoordinate>
<eastBoundingCoordinate>-81.257748</eastBoundingCoordinate>
<northBoundingCoordinate>31.546850</northBoundingCoordinate>
<southBoundingCoordinate>31.172459</southBoundingCoordinate>
</boundingCoordinates>
</geographicCoverage>
<geographicCoverage><geographicDescription>Sapelo River - Sapelo River transect used for GCE quarterly hydrographic monitoring surveys.  Nominal profiling stations are defined every 3-4km from 0km to 36km (relative to station 0km at the line of demarcation), based on an estimated Thalweg line running up the main river channel.</geographicDescription>
<boundingCoordinates><westBoundingCoordinate>-81.431980</westBoundingCoordinate>
<eastBoundingCoordinate>-81.154122</eastBoundingCoordinate>
<northBoundingCoordinate>31.559628</northBoundingCoordinate>
<southBoundingCoordinate>31.516636</southBoundingCoordinate>
</boundingCoordinates>
</geographicCoverage>
</coverage>
</studyAreaDescription>
<associatedMaterial category="publication" id="gce.458" date="2008">
<distribution><offline><mediumName>Alber, M., Schaefer, S.C., Pomeroy, L.R., Sheldon, J.E. and Joye, S.B. 2008. Presentation: Nitrogen inputs to the Altamaha River estuary (Georgia, USA): a historic analysis. American Society of Limnology and Oceanography, 3/08, Orlando, FL.</mediumName>
</offline>
</distribution>
</associatedMaterial>
</lter:researchProject>