<?xml version="1.0" encoding="UTF-8"?>
<lter:researchProject xmlns:lter="eml://ecoinformatics.org/lter-project-2.1.0" xmlns:xsi="http://www.w3.org/2001/XMLSchema-instance" xsi:schemaLocation="eml://ecoinformatics.org/lter-project-2.1.0 http://gce-lter.marsci.uga.edu/public/files/schemas/project-eml-210/lter-project.xsd" id="knb-lter-gce.p22" scope="system" system="knb">
<shortName>Groundwater biogeochemistry</shortName>
<title>GCE groundwater biogeochemistry</title>
<creator><individualName><salutation>Dr.</salutation>
<givenName>Christof</givenName>
<surName>Meile</surName>
</individualName>
<organizationName>University of Georgia</organizationName>
<address><deliveryPoint>Dept. of Marine Sciences</deliveryPoint>
<deliveryPoint>University of Georgia</deliveryPoint>
<city>Athens</city>
<administrativeArea>Georgia</administrativeArea>
<postalCode>30602-3636</postalCode>
<country>USA</country>
</address>
<electronicMailAddress>cmeile@uga.edu</electronicMailAddress>
<onlineUrl>http://www.marsci.uga.edu/directory/cmeile.htm</onlineUrl>
<userId directory="http://gce-lter.marsci.uga.edu/public/app/personnel_bios.asp?id=cmeile">cmeile</userId>
</creator>
<creator><individualName><salutation>Dr.</salutation>
<givenName>Samantha</givenName>
<givenName>B.</givenName>
<surName>Joye</surName>
</individualName>
<organizationName>University of Georgia</organizationName>
<address><deliveryPoint>Dept. of Marine Sciences</deliveryPoint>
<deliveryPoint>University of Georgia</deliveryPoint>
<city>Athens</city>
<administrativeArea>Georgia</administrativeArea>
<postalCode>30602-3636</postalCode>
<country>USA</country>
</address>
<electronicMailAddress>mjoye@uga.edu</electronicMailAddress>
<onlineUrl>http://www.marsci.uga.edu/FacultyPages/Joye/</onlineUrl>
<userId directory="http://gce-lter.marsci.uga.edu/public/app/personnel_bios.asp?id=mjoye">mjoye</userId>
</creator>
<metadataProvider><organizationName>Georgia Coastal Ecosystems LTER Project</organizationName>
<address><deliveryPoint>Dept. of Marine Sciences</deliveryPoint>
<deliveryPoint>University of Georgia</deliveryPoint>
<city>Athens</city>
<administrativeArea>Georgia</administrativeArea>
<postalCode>30602-3636</postalCode>
<country>USA</country>
</address>
<electronicMailAddress>gcelter@uga.edu</electronicMailAddress>
<onlineUrl>http://gce-lter.marsci.uga.edu/</onlineUrl>
</metadataProvider>
<associatedParty><individualName><salutation>Dr.</salutation>
<givenName>Christof</givenName>
<surName>Meile</surName>
</individualName>
<organizationName>University of Georgia</organizationName>
<address><deliveryPoint>Dept. of Marine Sciences</deliveryPoint>
<deliveryPoint>University of Georgia</deliveryPoint>
<city>Athens</city>
<administrativeArea>Georgia</administrativeArea>
<postalCode>30602-3636</postalCode>
<country>USA</country>
</address>
<electronicMailAddress>cmeile@uga.edu</electronicMailAddress>
<onlineUrl>http://www.marsci.uga.edu/directory/cmeile.htm</onlineUrl>
<userId directory="http://gce-lter.marsci.uga.edu/public/app/personnel_bios.asp?id=cmeile">cmeile</userId>
<role>Principal investigator</role>
<temporalCoverage><rangeOfDates><beginDate><calendarDate>2001-01-01</calendarDate>
</beginDate>
<endDate><calendarDate>2006-12-31</calendarDate>
</endDate>
</rangeOfDates>
</temporalCoverage>
</associatedParty>
<associatedParty><individualName><salutation>Dr.</salutation>
<givenName>Samantha</givenName>
<givenName>B.</givenName>
<surName>Joye</surName>
</individualName>
<organizationName>University of Georgia</organizationName>
<address><deliveryPoint>Dept. of Marine Sciences</deliveryPoint>
<deliveryPoint>University of Georgia</deliveryPoint>
<city>Athens</city>
<administrativeArea>Georgia</administrativeArea>
<postalCode>30602-3636</postalCode>
<country>USA</country>
</address>
<electronicMailAddress>mjoye@uga.edu</electronicMailAddress>
<onlineUrl>http://www.marsci.uga.edu/FacultyPages/Joye/</onlineUrl>
<userId directory="http://gce-lter.marsci.uga.edu/public/app/personnel_bios.asp?id=mjoye">mjoye</userId>
<role>Principal investigator</role>
<temporalCoverage><rangeOfDates><beginDate><calendarDate>2001-01-01</calendarDate>
</beginDate>
<endDate><calendarDate>2006-12-31</calendarDate>
</endDate>
</rangeOfDates>
</temporalCoverage>
</associatedParty>
<associatedParty><individualName><salutation>Dr.</salutation>
<givenName>Willard</givenName>
<givenName>S.</givenName>
<surName>Moore</surName>
</individualName>
<organizationName>University of South Carolina</organizationName>
<address><deliveryPoint>Department of Geological Sciences</deliveryPoint>
<deliveryPoint>University of South Carolina</deliveryPoint>
<city>Columbia</city>
<administrativeArea>South Carolina</administrativeArea>
<postalCode>29208</postalCode>
<country>USA</country>
</address>
<electronicMailAddress>moore@geol.sc.edu</electronicMailAddress>
<onlineUrl>http://www.geol.sc.edu/billy.htm</onlineUrl>
<userId directory="http://gce-lter.marsci.uga.edu/public/app/personnel_bios.asp?id=wmoore">wmoore</userId>
<role>Co-investigator</role>
</associatedParty>
<associatedParty><individualName><givenName>William</givenName>
<givenName>P.</givenName>
<surName>Porubsky</surName>
</individualName>
<organizationName>University of Georgia</organizationName>
<address><deliveryPoint>Dept. of Marine Sciences</deliveryPoint>
<deliveryPoint>University of Georgia</deliveryPoint>
<city>Athens</city>
<administrativeArea>Georgia</administrativeArea>
<postalCode>30602-3636</postalCode>
<country>USA</country>
</address>
<electronicMailAddress>newcastl@uga.edu</electronicMailAddress>
<userId directory="http://gce-lter.marsci.uga.edu/public/app/personnel_bios.asp?id=bporubsky">bporubsky</userId>
<role>Graduate research assistant</role>
</associatedParty>
<pubDate>2010</pubDate>
<abstract><section><title>Overview</title>
<para>Field measurements were used to characterize the biogeochemistry of groundwater along a shallow monitoring well transect on a coastal hammock. Radium isotope data indicate considerable discharge of groundwater into the river bordering the hammock. Nutrient measurements indicated a switch in the redox status of the dissolved inorganic nitrogen (DIN) pool in the well closest to the upland/saltmarsh transition over the spring-neap tidal cycle. The DIN pool was dominated by NOx (NO2- + NO3-) during spring tide and by ammonium (NH4+) during neap tide. A two dimensional density-dependent reaction-transport model was employed to investigate the processes responsible for the observed redox switch. The model represents a saturated vertical plane from the upland to the upland/saltmarsh transition; measured pressure heads were used to constrain transport over spring and neap tides. Using process parameterizations derived from laboratory experiments, the observed N redox-switch was evaluated with regard to the relative roles of denitrification (DNF), dissimilatory nitrate reduction to ammonium (DNRA), ammonium adsorption, and variations in flow regime between spring and neap tides. The spring tide flow was found to cause increased intrusion of sea water into the near marsh zone and promote higher NOx concentrations under spring conditions. Additionally, the impact of increased dissolved organic matter and DIN loading was evaluated by the inclusion of septic effluent simulations which indicated that while the DNF rate increased ~95%, the increased rate could not keep pace with the increase in DIN loading, removing only ~40% of the NO3- load, resulting in export of DIN.</para>
</section>
<section><title>Associated GCE LTER research questions</title>
<para>Question 2: How do the spatial and temporal patterns of biogeochemical processes, primary production, community dynamics, decomposition, and disturbance vary across the estuarine landscape, and how do they relate to environmental gradients? (<ulink url="http://gce-lter.marsci.uga.edu/public/research/gce2_q2.asp">more information</ulink>)</para>
</section>
</abstract>
<keywordSet name="measurement">
<keyword>dissolved inorganic nitrogen</keyword>
</keywordSet>
<keywordSet name="organization">
<keyword>LTER</keyword>
<keyword>NSF</keyword>
</keywordSet>
<keywordSet name="place">
<keyword>Georgia</keyword>
</keywordSet>
<keywordSet name="site">
<keyword>GCE</keyword>
</keywordSet>
<keywordSet name="theme">
<keyword>biogeochemistry</keyword>
<keyword>groundwater</keyword>
<keyword>radium isotope</keyword>
<keyword>salt marsh</keyword>
<keyword>upland</keyword>
<keyword>wells</keyword>
</keywordSet>
<coverage><geographicCoverage><geographicDescription>Overall geographic extent of the research project</geographicDescription>
<boundingCoordinates><westBoundingCoordinate>-81.295506</westBoundingCoordinate>
<eastBoundingCoordinate>-81.258908</eastBoundingCoordinate>
<northBoundingCoordinate>31.497026</northBoundingCoordinate>
<southBoundingCoordinate>31.462320</southBoundingCoordinate>
</boundingCoordinates>
</geographicCoverage>
<temporalCoverage><rangeOfDates><beginDate><calendarDate>2001-01-01</calendarDate>
</beginDate>
<endDate><calendarDate>2006-12-31</calendarDate>
</endDate>
</rangeOfDates>
</temporalCoverage>
</coverage>
<funding><section><para>National Science Foundation grant number OCE-9982133. Additional funding by the Georgia Sea Grant: 'Assessing the impact of residential development and recreational land use on shallow groundwater quality in coastal environment'; separate awards to S.B. Joye and C.D. Meile.</para>
</section>
</funding>
<studyAreaDescription><descriptor name="hydrology" citableClassificationSystem="false">
<descriptorValue>estuary marsh complex</descriptorValue>
</descriptor>
<coverage><geographicCoverage><geographicDescription>Hunt Camp - Barrier island/marsh site on western Sapelo Island.  This site is located at the upper reaches of the Duplin River, and is within the Sapelo Island National Estuarine Research Reserve. Existing well fields border small marsh area to northwest, some wells have been installed to south end of hammock where marsh is more extensive and permanent plots are located. Two existing hydrographic sondes and weather stations within this site are operated by SINERR (Hunt Camp dock) and UGAMI (flume dock).</geographicDescription>
<boundingCoordinates><westBoundingCoordinate>-81.295506</westBoundingCoordinate>
<eastBoundingCoordinate>-81.258908</eastBoundingCoordinate>
<northBoundingCoordinate>31.497026</northBoundingCoordinate>
<southBoundingCoordinate>31.462320</southBoundingCoordinate>
</boundingCoordinates>
</geographicCoverage>
</coverage>
</studyAreaDescription>
<associatedMaterial category="publication" id="gce.542" date="2010">
<distribution><online><onlineDescription>Porubsky, W.P., Joye, S.B., Moore, W.S., Tuncay, K. and Meile, C. 2010. Hammock groundwater flow and biogeochemistry: Field measurements and modeling. Biogeochemistry. (DOI: DOI 10.1007/s10533-010-9484-8)</onlineDescription>
<url>http://www.springerlink.com/content/t18x02358tt6x123/</url>
</online>
</distribution>
</associatedMaterial>
<associatedMaterial category="publication" id="gce.543" date="2009">
<distribution><offline><mediumName>Meile, C., Porubsky, W.P., Walter, R. and Payne, K. 2009. Natural Attenuation Of Nitrogen Loading From Septic Effluents: Spatial And Environmental Controls. Water Research. 44(5):1399-1408. (DOI: 10.1016/j.watres.2009.11.019)</mediumName>
</offline>
</distribution>
</associatedMaterial>
<associatedMaterial category="publication" id="gce.496" date="2009">
<distribution><offline><mediumName>Porubsky, W.P. and Meile, C. 2009. Controls on groundwater nutrient mitigation: Natural attenuation of nitrogen loading from septic effluents. In: Hatcher, K.J. (editor). Proceedings of the Georgia Water Resources Conference. Athens, Georgia.</mediumName>
</offline>
</distribution>
</associatedMaterial>
<associatedMaterial category="publication" id="gce.403" date="2007">
<distribution><offline><mediumName>Porubsky, W.P., Meile, C. and Joye, S.B. 2007. Presentation: Using field measurements, laboratory assays and modeling to examine flow conditions and variations in groundwater biogeochemistry. Estuarine Research Federation 2007 Annual Meeting, 4-8 November 2007, Providence, Rhode Island.</mediumName>
</offline>
</distribution>
</associatedMaterial>
<associatedMaterial category="publication" id="gce.431" date="2007">
<distribution><offline><mediumName>Porubsky, W.P., Meile, C. and Joye, S.B. 2007. Poster: Variations in groundwater biogeochemistry and flow on Moses Hammock (Sapelo Island, GA): Field measurements, laboratory assays, and modeling. American Society of Limnology and Oceanography 2007 Aquatic Sciences Meeting, 4-9 February 2007, Santa Fe, New Mexico.</mediumName>
</offline>
</distribution>
</associatedMaterial>
<associatedMaterial category="publication" id="gce.79" date="2001">
<distribution><offline><mediumName>Joye, S.B., Weston, N.B. and MacAvoy, S.E. 2001. Presentation:  Groundwater inputs and sediment biogeochemical processes in Georgia and South Carolina coastal ecosystems. Biannual Meeting of the Estuarine Research Federation. Estuarine Research Federation, November, 2001, St. Petersburg, Florida.</mediumName>
</offline>
</distribution>
</associatedMaterial>
</lter:researchProject>