<?xml version="1.0" encoding="UTF-8"?>
<lter:researchProject xmlns:lter="eml://ecoinformatics.org/lter-project-2.1.0" xmlns:xsi="http://www.w3.org/2001/XMLSchema-instance" xsi:schemaLocation="eml://ecoinformatics.org/lter-project-2.1.0 http://gce-lter.marsci.uga.edu/public/files/schemas/project-eml-210/lter-project.xsd" id="knb-lter-gce.p69" scope="system" system="knb">
<shortName>Hypsometric curves of the Duplin River</shortName>
<title>Hypsometric curves of the Duplin River</title>
<creator><individualName><salutation>Dr.</salutation>
<givenName>Jackson</givenName>
<givenName>O.</givenName>
<surName>Blanton</surName>
</individualName>
<organizationName>Skidaway Institute of Oceanography</organizationName>
<address><deliveryPoint>10 Ocean Science Circle</deliveryPoint>
<city>Savannah</city>
<administrativeArea>Georgia</administrativeArea>
<postalCode>31411</postalCode>
<country>USA</country>
</address>
<electronicMailAddress>jack.blanton@skio.usg.edu</electronicMailAddress>
<onlineUrl>http://www.skio.peachnet.edu/faculty/blanton.html</onlineUrl>
<userId directory="http://gce-lter.marsci.uga.edu/public/app/personnel_bios.asp?id=jblanton">jblanton</userId>
</creator>
<metadataProvider><organizationName>Georgia Coastal Ecosystems LTER Project</organizationName>
<address><deliveryPoint>Dept. of Marine Sciences</deliveryPoint>
<deliveryPoint>University of Georgia</deliveryPoint>
<city>Athens</city>
<administrativeArea>Georgia</administrativeArea>
<postalCode>30602-3636</postalCode>
<country>USA</country>
</address>
<electronicMailAddress>gcelter@uga.edu</electronicMailAddress>
<onlineUrl>http://gce-lter.marsci.uga.edu/</onlineUrl>
</metadataProvider>
<associatedParty><individualName><salutation>Dr.</salutation>
<givenName>Jackson</givenName>
<givenName>O.</givenName>
<surName>Blanton</surName>
</individualName>
<organizationName>Skidaway Institute of Oceanography</organizationName>
<address><deliveryPoint>10 Ocean Science Circle</deliveryPoint>
<city>Savannah</city>
<administrativeArea>Georgia</administrativeArea>
<postalCode>31411</postalCode>
<country>USA</country>
</address>
<electronicMailAddress>jack.blanton@skio.usg.edu</electronicMailAddress>
<onlineUrl>http://www.skio.peachnet.edu/faculty/blanton.html</onlineUrl>
<userId directory="http://gce-lter.marsci.uga.edu/public/app/personnel_bios.asp?id=jblanton">jblanton</userId>
<role>Principal investigator</role>
<temporalCoverage><rangeOfDates><beginDate><calendarDate>2004-01-01</calendarDate>
</beginDate>
<endDate><calendarDate>2007-12-31</calendarDate>
</endDate>
</rangeOfDates>
</temporalCoverage>
</associatedParty>
<associatedParty><individualName><salutation>Dr.</salutation>
<givenName>Marie</givenName>
<surName>Adelaide Ferreira</surName>
</individualName>
<organizationName>IMAR-Marine Laboratory</organizationName>
<address><deliveryPoint>IMAR-Marine Laboratory</deliveryPoint>
<country>Portugal</country>
</address>
<userId directory="http://gce-lter.marsci.uga.edu/public/app/personnel_bios.asp?id=mferreira">mferreira</userId>
<role>Co-investigator</role>
<temporalCoverage><rangeOfDates><beginDate><calendarDate>2004-01-01</calendarDate>
</beginDate>
<endDate><calendarDate>2007-12-31</calendarDate>
</endDate>
</rangeOfDates>
</temporalCoverage>
</associatedParty>
<associatedParty><individualName><givenName>Francisco</givenName>
<surName>Andrade</surName>
</individualName>
<organizationName>University of Lisbon</organizationName>
<address><deliveryPoint>University of Lisbon</deliveryPoint>
<country>Portugal</country>
</address>
<userId directory="http://gce-lter.marsci.uga.edu/public/app/personnel_bios.asp?id=fandrade">fandrade</userId>
<role>Co-investigator</role>
<temporalCoverage><rangeOfDates><beginDate><calendarDate>2004-01-01</calendarDate>
</beginDate>
<endDate><calendarDate>2007-12-31</calendarDate>
</endDate>
</rangeOfDates>
</temporalCoverage>
</associatedParty>
<associatedParty><individualName><givenName>Julie</givenName>
<surName>Amft</surName>
</individualName>
<organizationName>Skidaway Institute of Oceanography</organizationName>
<address><deliveryPoint>10 Ocean Science Circle</deliveryPoint>
<city>Savannah</city>
<administrativeArea>Georgia</administrativeArea>
<postalCode>31411</postalCode>
<country>USA</country>
</address>
<electronicMailAddress>julie.amft@skio.usg.edu</electronicMailAddress>
<userId directory="http://gce-lter.marsci.uga.edu/public/app/personnel_bios.asp?id=jamft">jamft</userId>
<role>Co-investigator</role>
<temporalCoverage><rangeOfDates><beginDate><calendarDate>2004-01-01</calendarDate>
</beginDate>
<endDate><calendarDate>2007-12-31</calendarDate>
</endDate>
</rangeOfDates>
</temporalCoverage>
</associatedParty>
<pubDate>2010</pubDate>
<abstract><section><title>Overview</title>
<para>J.Blanton (SkIO) is worked in collaboration with F. Andrade (Univ. of Lisbon), M. Adelaide Ferreira (IMAR-Marine Laboratory, Portugal) and J. Amft (SkIO) to construct a high resolution DEM for the system.  They completed the classification and analysis of a series of 7 aerial infrared images of the Duplin River, covering low water (LW) to high water (HW). For each pass, a total of eight images were obtained on infrared (IR) film. The photographs were processed to yield the water surface area as a function of time. Subsurface pressure gages deployed along the tidal creek were used to determine the vertical reference level for the corresponding flooded area. The analyses of these images were used to construct curves relating flooded area to water level (Figure 5). </para>
<para>J. Blanton (SKIO) and J. Amft (SKIO) used aerial photos to delineate tributary tidal creeks and their drainage areas along the Duplin River.  They defined polygons for low-water and high-water areas for 12 tributary creeks and their intertidal area (Fig. 2). The implied assumption for each polygon is that no water crosses the drainage boundaries. While some cross-boundary transport may occur at extreme high tides, the volumes involved are quite small compared to the creek fluxes draining the intertidal areas. Estimates of the low water and high water areas of each polygon are being used to estimate the relative magnitude of tidal water storage in various parts of the Duplin intertidal area.</para>
<para> </para>
<para>The hypsometric curves produced from this analysis (Figure 6) have a consistent pattern of growth in water level versus time based on following the evolution of water area during a flood tide. Eleven of 16 prisms show relatively slow growth rates and small initial volumes. The largest tidal prisms are found for Polygon 1 (Barn Creek) and Polygon 5 (Marsh along the east fork north of Hunt Camp). Careful study of the individual hypsometric curves as well as those describing the growth in water volume is likely to reveal morphological details throughout the Duplin River intertidal area that would be relevant to the distribution of plants and animals as well as residence time of water. Numerical models of water circulation in the river may simulate tidal currents more accurately by incorporating the DEM into their model grids.</para>
</section>
<section><title>Associated GCE LTER research questions</title>
<para>Question 2: How do the spatial and temporal patterns of biogeochemical processes, primary production, community dynamics, decomposition, and disturbance vary across the estuarine landscape, and how do they relate to environmental gradients? (<ulink url="http://gce-lter.marsci.uga.edu/public/research/gce2_q2.asp">more information</ulink>)</para>
</section>
</abstract>
<keywordSet name="organization">
<keyword>LTER</keyword>
<keyword>NSF</keyword>
</keywordSet>
<keywordSet name="place">
<keyword>Duplin River</keyword>
<keyword>Georgia</keyword>
</keywordSet>
<keywordSet name="site">
<keyword>GCE</keyword>
</keywordSet>
<keywordSet name="theme">
<keyword>aerial imagery</keyword>
<keyword>DEM</keyword>
<keyword>eleveation</keyword>
<keyword>infrared</keyword>
<keyword>intertidal</keyword>
</keywordSet>
<coverage><geographicCoverage><geographicDescription>Overall geographic extent of the research project</geographicDescription>
<boundingCoordinates><westBoundingCoordinate>-81.301987</westBoundingCoordinate>
<eastBoundingCoordinate>-81.263124</eastBoundingCoordinate>
<northBoundingCoordinate>31.486493</northBoundingCoordinate>
<southBoundingCoordinate>31.410854</southBoundingCoordinate>
</boundingCoordinates>
</geographicCoverage>
<temporalCoverage><rangeOfDates><beginDate><calendarDate>2004-01-01</calendarDate>
</beginDate>
<endDate><calendarDate>2007-12-31</calendarDate>
</endDate>
</rangeOfDates>
</temporalCoverage>
</coverage>
<funding><section><para>National Science Foundation grant numbers OCE-9982133 and OCE-0620959</para>
</section>
</funding>
<studyAreaDescription><descriptor name="hydrology" citableClassificationSystem="false">
<descriptorValue>estuary marsh complex</descriptorValue>
</descriptor>
<coverage><geographicCoverage><geographicDescription>Duplin River - Duplin River transect used for GCE quarterly hydrographic monitoring surveys.  Nominal profiling stations are defined at various locations along the Duplin River west of Sapelo Island, Georgia.</geographicDescription>
<boundingCoordinates><westBoundingCoordinate>-81.301987</westBoundingCoordinate>
<eastBoundingCoordinate>-81.263124</eastBoundingCoordinate>
<northBoundingCoordinate>31.486493</northBoundingCoordinate>
<southBoundingCoordinate>31.410854</southBoundingCoordinate>
</boundingCoordinates>
</geographicCoverage>
</coverage>
</studyAreaDescription>
<associatedMaterial category="image">
<distribution><online><onlineDescription>Figure 5. Water level curves for 15 April 2004 along the axis of the Duplin River. The red vertical lines (T1 through T7) show the times of each aerial pass. The locations of the three curves are shown in the image on the right. Water level at a given time varies within 0.1 m over a distance of 7 km, so water surface is assumed to be horizontal over the 2 min duration of a single pass of the airplane.</onlineDescription>
<url>http://gce-lter.marsci.uga.edu/public/resources/projects/waterCurvesFig5DiQ2.png</url>
</online>
</distribution>
</associatedMaterial>
<associatedMaterial category="image">
<distribution><online><onlineDescription>Figure 6. A comparison of hypsometric curves for four polygons with one for the total drainage area. The final line segment in each plot connects water depths and areas from 2.19 to 2.30 meters. The area at 2.19 m references the largest water area calculated for the final overflight (T7). The area at 2.30 m (the water level of the NOAA published mean spring HHW) references the total polygon area. Areas for the total Duplin tidal watershed have been divided by ten to scale that curve with the polygons.</onlineDescription>
<url>http://gce-lter.marsci.uga.edu/public/resources/projects/hypsoCurvesFig6DiQ2.png</url>
</online>
</distribution>
</associatedMaterial>
</lter:researchProject>