<collection xmlns="http://exist.sourceforge.net/NS/exist" name="/db/projects/util/xquery" owner="projectDBuser" group="projectDB" mode="774" created="2009-04-24T14:38:15-04:00" version="1">
    <resource type="BinaryResource" name="base_query.xql" owner="projectDBuser" group="projectDB" mode="755" created="2009-04-21T14:32:25-04:00" modified="2009-04-25T06:41:51-04:00" filename="base_query.xql" mimetype="application/xquery"/>
    <resource type="BinaryResource" name="doPut.xql" owner="projectDBuser" group="projectDB" mode="755" created="2009-04-23T15:22:28-04:00" modified="2009-04-23T15:44:25-04:00" filename="doPut.xql" mimetype="application/xquery"/>
    <resource type="BinaryResource" name="getEmlPartyByLterId.xql" owner="projectDBuser" group="projectDB" mode="755" created="2009-05-13T08:02:51-04:00" modified="2009-05-13T08:10:57-04:00" filename="getEmlPartyByLterId.xql" mimetype="application/xquery"/>
    <resource type="BinaryResource" name="getEmlProjectById.xql" owner="projectDBuser" group="projectDB" mode="755" created="2009-05-02T07:36:42-04:00" modified="2009-05-08T07:21:14-04:00" filename="getEmlProjectById.xql" mimetype="application/xquery"/>
    <resource type="BinaryResource" name="getPersonByLastname.xql" owner="projectDBuser" group="projectDB" mode="755" created="2009-04-23T16:19:33-04:00" modified="2009-05-08T07:32:30-04:00" filename="getPersonByLastname.xql" mimetype="application/xquery"/>
    <resource type="BinaryResource" name="getPersonByLterId.xql" owner="projectDBuser" group="projectDB" mode="755" created="2009-05-08T07:37:12-04:00" modified="2009-05-08T07:37:12-04:00" filename="getPersonByLterId.xql" mimetype="application/xquery"/>
    <resource type="BinaryResource" name="getProjectById.xql" owner="projectDBuser" group="projectDB" mode="755" created="2009-03-26T15:32:24-04:00" modified="2009-06-23T05:16:54-04:00" filename="getProjectById.xql" mimetype="application/xquery"/>
    <resource type="BinaryResource" name="getProjects.xql" owner="projectDBuser" group="projectDB" mode="774" created="2009-04-23T09:42:22-04:00" modified="2010-10-14T13:33:34-04:00" filename="getProjects.xql" mimetype="application/xquery"/>
    <resource type="BinaryResource" name="getProjectsAdminQueryForm.xql" owner="projectDBuser" group="projectDB" mode="755" created="2009-05-01T17:59:35-04:00" modified="2009-05-01T17:59:35-04:00" filename="getProjectsAdminQueryForm.xql" mimetype="application/xquery"/>
    <resource type="BinaryResource" name="getProjectsByDateRange.xql" owner="projectDBuser" group="projectDB" mode="755" created="2009-04-21T17:34:47-04:00" modified="2009-04-25T06:46:27-04:00" filename="getProjectsByDateRange.xql" mimetype="application/xquery"/>
    <resource type="BinaryResource" name="getProjectsByKeyword.xql" owner="projectDBuser" group="projectDB" mode="755" created="2009-04-22T13:57:50-04:00" modified="2009-06-23T06:18:29-04:00" filename="getProjectsByKeyword.xql" mimetype="application/xquery"/>
    <resource type="BinaryResource" name="getProjectsByLocation.xql" owner="projectDBuser" group="projectDB" mode="755" created="2009-04-21T15:46:02-04:00" modified="2009-04-25T06:47:19-04:00" filename="getProjectsByLocation.xql" mimetype="application/xquery"/>
    <resource type="BinaryResource" name="getProjectsByParty.xql" owner="projectDBuser" group="projectDB" mode="755" created="2009-04-21T14:46:03-04:00" modified="2009-05-08T07:49:40-04:00" filename="getProjectsByParty.xql" mimetype="application/xquery"/>
    <resource type="BinaryResource" name="getProjectsBySubSiteBoundingBox.xql" owner="projectDBuser" group="projectDB" mode="755" created="2009-04-22T06:02:02-04:00" modified="2009-04-25T06:47:47-04:00" filename="getProjectsBySubSiteBoundingBox.xql" mimetype="application/xquery"/>
    <resource type="BinaryResource" name="getProjectsByTextSearch.xql" owner="projectDBuser" group="projectDB" mode="755" created="2009-04-22T12:28:47-04:00" modified="2009-04-25T06:48:12-04:00" filename="getProjectsByTextSearch.xql" mimetype="application/xquery"/>
    <resource type="BinaryResource" name="getProjectsDatasets.xql" owner="projectDBuser" group="projectDB" mode="755" created="2009-04-21T15:48:05-04:00" modified="2009-04-25T06:48:25-04:00" filename="getProjectsDatasets.xql" mimetype="application/xquery"/>
    <resource type="BinaryResource" name="getProjectsPermissions.xql" owner="projectDBuser" group="projectDB" mode="774" created="2009-04-23T08:43:24-04:00" modified="2009-04-25T06:48:38-04:00" filename="getProjectsPermissions.xql" mimetype="application/xquery"/>
    <resource type="BinaryResource" name="getProjectsQueryForm.xql" owner="projectDBuser" group="projectDB" mode="755" created="2009-04-24T15:38:52-04:00" modified="2009-04-25T06:32:59-04:00" filename="getProjectsQueryForm.xql" mimetype="application/xquery"/>
    <resource type="BinaryResource" name="getProjectsReporting.xql" owner="projectDBuser" group="projectDB" mode="755" created="2009-04-23T10:23:13-04:00" modified="2009-04-25T06:52:00-04:00" filename="getProjectsReporting.xql" mimetype="application/xquery"/>
    <resource type="BinaryResource" name="projects.xql" owner="projectDBuser" group="projectDB" mode="755" created="2009-04-21T10:30:52-04:00" modified="2009-05-08T08:18:50-04:00" filename="projects.xql" mimetype="application/xquery"/>
</collection>