<?xml version="1.0" encoding="UTF-8"?>
<lter:researchProject xmlns:lter="eml://ecoinformatics.org/lter-project-2.1.0" xmlns:xsi="http://www.w3.org/2001/XMLSchema-instance" xsi:schemaLocation="eml://ecoinformatics.org/lter-project-2.1.0 ../projectDB/schema/lter-project.xsd" id="knb-lter-sbc.cruises1.1">
  <alternateIdentifier system="sbclter_filename">project_sbc_cruises1.xml</alternateIdentifier>
  <title>SBCLTER: Cruises in the Santa Barbara Channel</title>

  <creator scope="document">
    <individualName><givenName>Mark</givenName>
      <surName>Brzezinski</surName>
    </individualName>
    <organizationName>SBCLTER</organizationName>
    <address scope="document">
      <deliveryPoint>Marine Science Institute</deliveryPoint>
      <deliveryPoint>University of California</deliveryPoint>
      <city>Santa Barbara</city>
      <administrativeArea>CA</administrativeArea>
      <postalCode>93106-6150</postalCode>
      <country>USA</country>
    </address>
    <phone phonetype="voice">805-893-8605</phone>
    <electronicMailAddress>brzezins@lifsci.ucsb.edu</electronicMailAddress>
  </creator>
  <creator scope="document">
    <individualName><givenName>Craig</givenName>
      <surName>Carlson</surName>
    </individualName>
    <organizationName>SBCLTER</organizationName>
    <address scope="document">
      <deliveryPoint>Marine Science Institute</deliveryPoint>
      <deliveryPoint>University of California</deliveryPoint>
      <city>Santa Barbara</city>
      <administrativeArea>CA</administrativeArea>
      <postalCode>93106-6150</postalCode>
      <country>USA</country>
    </address>
    <phone phonetype="voice">805-893-2451</phone>
    <electronicMailAddress>carlson@lifsci.ucsb.edu</electronicMailAddress>
  </creator>
  <creator scope="document">
    <individualName><givenName>David</givenName>
      <surName>Siegel</surName>
    </individualName>
    <organizationName>SBCLTER</organizationName>
    <address scope="document">
      <deliveryPoint>Institute for Computational Earth System Science</deliveryPoint>
      <deliveryPoint>University of California</deliveryPoint>
      <city>Santa Barbara</city>
      <administrativeArea>CA</administrativeArea>
      <postalCode>93106-3060</postalCode>
      <country>USA</country>
    </address>
    <phone phonetype="voice">805-893-4547</phone>
    <electronicMailAddress>davey@icess.ucsb.edu</electronicMailAddress>
  </creator>
  <creator scope="document">
    <individualName><givenName>Libe</givenName>
      <surName>Washburn</surName>
    </individualName>
    <organizationName>SBCLTER</organizationName>
    <address scope="document">
      <deliveryPoint>Marine Science Institute</deliveryPoint>
      <deliveryPoint>University of California</deliveryPoint>
      <city>Santa Barbara</city>
      <administrativeArea>CA</administrativeArea>
      <postalCode>93106-3060</postalCode>
      <country>USA</country>
    </address>
    <phone phonetype="voice">805-893-7367</phone>
    <electronicMailAddress>washburn@icess.ucsb.edu</electronicMailAddress>
  </creator>
  <associatedParty scope="document">
    <individualName><givenName>Chris</givenName>
      <surName>Gotschalk</surName>
    </individualName>
    <organizationName>SBCLTER</organizationName>
    <address scope="document">
      <deliveryPoint>Marine Science Institute</deliveryPoint>
      <deliveryPoint>University of California</deliveryPoint>
      <city>Santa Barbara</city>
      <administrativeArea>CA</administrativeArea>
      <postalCode>93106-6150</postalCode>
      <country>USA</country>
    </address>
    <electronicMailAddress>gots@lifesci.ucsb.edu</electronicMailAddress>
    <onlineUrl>http://sbc.lternet.edu</onlineUrl>
    <role>processor</role>
  </associatedParty>
  <associatedParty scope="document">
    <individualName><givenName>Janice</givenName>
      <surName>Jones</surName>
    </individualName>
    <organizationName>SBCLTER</organizationName>
    <address scope="document">
      <deliveryPoint>Marine Science Institute</deliveryPoint>
      <deliveryPoint>University of California</deliveryPoint>
      <city>Santa Barbara</city>
      <administrativeArea>CA</administrativeArea>
      <postalCode>93106-6150</postalCode>
      <country>USA</country>
    </address>
    <phone phonetype="voice">805-893-7061</phone>
    <electronicMailAddress>ja_jones@lifesci.ucsb.edu</electronicMailAddress>
    <onlineUrl>http://sbc.lternet.edu</onlineUrl>
    <role>processor</role>
  </associatedParty>
  <associatedParty scope="document">
    <individualName><givenName>David</givenName>
      <surName>Salazar</surName>
    </individualName>
    <organizationName>SBCLTER</organizationName>
    <address scope="document">
      <deliveryPoint>Institute for Computational Earth System Science</deliveryPoint>
      <deliveryPoint>University of California</deliveryPoint>
      <city>Santa Barbara</city>
      <administrativeArea>CA</administrativeArea>
      <postalCode>93106-3060</postalCode>
      <country>USA</country>
    </address>
    <phone phonetype="voice">805-893-8480</phone>
    <electronicMailAddress>dsalazar@icess.ucsb.edu</electronicMailAddress>
    <onlineUrl>http://sbc.lternet.edu</onlineUrl>
    <role>contentProvider</role>
  </associatedParty>
  <abstract><section><para>16 cruises were conducted on the R/V Pt Sur from September 2001 until Spring 2005.
        Cruises were approximately 7 days in length, the data collected included but is not limited
        to: Seabird CTD, ADCP, surface fluorometry and water temperature. Seven cross-channel
        transects were surveyed twice each cruise with a towed undulating towed CTD package. 25
        stations along these transects were sampled with profiling CTD/Rosette packages. Ancillary
        data included shipboard fluorometry and meteorology and ADCP. </para>
    </section>
  </abstract>
  <keywordSet name="sbclter categories">
    <keyword keywordType="theme">Ocean_biogeochemistry</keyword>
    <keyword keywordType="theme">phytoplankton</keyword>
    <keyword keywordType="theme">UNOLS_cruises</keyword>
    <keywordThesaurus>SBCLTER Categories</keywordThesaurus>
  </keywordSet>
  <keywordSet><keyword keywordType="theme">Biomass</keyword>
    <keyword keywordType="theme">Carbon</keyword>
    <keyword keywordType="theme">Chlorophyll</keyword>
    <keyword keywordType="theme">Nitrate</keyword>
    <keyword keywordType="theme">Nutrients</keyword>
    <keyword keywordType="theme">Temperature</keyword>
    <keyword keywordType="theme">Radiation</keyword>
    <keyword keywordType="theme">Marine</keyword>
    <keyword keywordType="theme">Productivity</keyword>
    <keywordThesaurus>KNB</keywordThesaurus>
  </keywordSet>
  <keywordSet name="gcmd">
    <keyword keywordType="theme">Water Temperature</keyword>
    <keyword keywordType="theme">Conductivity</keyword>
    <keyword keywordType="theme">Density</keyword>
    <keyword keywordType="theme">Potential Density</keyword>
    <keyword keywordType="theme">Salinity</keyword>
    <keyword keywordType="theme">Pressure</keyword>
    <keyword keywordType="theme">Attenuation/Transmission</keyword>
    <keyword keywordType="theme">Fluorescence</keyword>
    <keyword keywordType="theme">Photosynthetically Active Radiation</keyword>
    <keyword keywordType="theme">Nutrients</keyword>
    <keyword keywordType="theme">Nitrate</keyword>
    <keyword keywordType="theme">Nitrite</keyword>
    <keyword keywordType="theme">Phosphate</keyword>
    <keyword keywordType="theme">Ammonia</keyword>
    <keyword keywordType="theme">Silicate</keyword>
    <keyword keywordType="theme">Stable Isotopes</keyword>
    <keyword keywordType="theme">Pigments</keyword>
    <keyword keywordType="theme">Chlorophyll</keyword>
    <keyword keywordType="theme">Organic Carbon</keyword>
    <keyword keywordType="theme">Nitrogen</keyword>
    <keyword keywordType="theme">Oxygen</keyword>
    <keyword keywordType="theme">Ocean Currents</keyword>
    <keywordThesaurus>GCMD-6</keywordThesaurus>
  </keywordSet>

  <distribution><online><url function="information">http://sbc.lternet.edu</url>
    </online>
  </distribution>
  <coverage><geographicCoverage><geographicDescription>Santa Barbara Channel</geographicDescription>
      <boundingCoordinates><westBoundingCoordinate>-120.8</westBoundingCoordinate>
        <eastBoundingCoordinate>-119.2</eastBoundingCoordinate>
        <northBoundingCoordinate>34.6</northBoundingCoordinate>
        <southBoundingCoordinate>33.9</southBoundingCoordinate>
        <boundingAltitudes><altitudeMinimum>-612</altitudeMinimum>
          <altitudeMaximum>0</altitudeMaximum>
          <altitudeUnits>meter</altitudeUnits>
        </boundingAltitudes>
      </boundingCoordinates>
    </geographicCoverage>
    <temporalCoverage><rangeOfDates><beginDate><calendarDate>2001-09-01</calendarDate>
        </beginDate>
        <endDate><calendarDate>2005-03-31</calendarDate>
        </endDate>
      </rangeOfDates>

    </temporalCoverage>

  </coverage>
  <designDescription><description><section><title>There are 4 basic types of measurements:</title>
        <para>1. Profiles at 25 grid stations unique to the SBCLTER and 7 cross-channel stations
          (also occupied by the Plumes and Blooms project). Measurements include primary production,
          basic CTD parameters (Seabird), inorganic nutrients, phytoplankton
          pigments, particulate organic carbon and nitrogen, natural abundances of N and C isotopes,
          and occasionally biogenic and lithogenic silica, optics, and/or dissolved organic
          carbon.</para>
        <para>2. Two-dimensional sections of oceanic constituents are recorded in the top 120m with
          an undulating towed CTD scanning system ("Scanfish" or "Triaxis") on both along
          shore and cross-channel transects.</para>
        <para>3. Underway measurements: fluorometry, salinity and temperature are collected at a
          depth of 3 m with a flow-through system which also
          includes continuous climate measurements. </para>
        <para>4. Acoustic Dopler Current Profiles (ADCP) from the R/V Pt. Sur system
          (RDI). </para>
      </section>
      <section><para> On several cruises, additional data were collected for
          domoic acid and <emphasis>Pseudonitzschia sp.</emphasis> to assist investigations 
          of harmful algal blooms. Extra instrumentation was occasionally included, such as
          the NAS (EnviroTech? nitrate auto sampler).
        </para>
      </section>
    </description>

  </designDescription>
  <associatedMaterial category="dataset">
    <distribution><online><connection><connectionDefinition><schemeName system="sbclter">metacat</schemeName>
            <description>CRUISE 1</description>
            <parameterDefinition><name>docid</name>
              <definition>knb-lter-sbc.1001</definition>
            </parameterDefinition>
          </connectionDefinition>
        </connection>
      </online>
    </distribution>
  </associatedMaterial><associatedMaterial category="dataset">
    <distribution><online><connection><connectionDefinition><schemeName system="sbclter">metacat</schemeName>
            <description>CRUISE 2</description>
            <parameterDefinition><name>docid</name>
              <definition>knb-lter-sbc.1002</definition>
            </parameterDefinition>
          </connectionDefinition>
        </connection>
      </online>
    </distribution>
  </associatedMaterial><associatedMaterial category="dataset">
    <distribution><online><connection><connectionDefinition><schemeName system="sbclter">metacat</schemeName>
            <description>CRUISE 3</description>
            <parameterDefinition><name>docid</name>
              <definition>knb-lter-sbc.1003</definition>
            </parameterDefinition>
          </connectionDefinition>
        </connection>
      </online>
    </distribution>
  </associatedMaterial><associatedMaterial category="dataset">
    <distribution><online><connection><connectionDefinition><schemeName system="sbclter">metacat</schemeName>
            <description>CRUISE 4</description>
            <parameterDefinition><name>docid</name>
              <definition>knb-lter-sbc.1004</definition>
            </parameterDefinition>
          </connectionDefinition>
        </connection>
      </online>
    </distribution>
  </associatedMaterial><associatedMaterial category="dataset">
    <distribution><online><connection><connectionDefinition><schemeName system="sbclter">metacat</schemeName>
            <description>CRUISE 5</description>
            <parameterDefinition><name>docid</name>
              <definition>knb-lter-sbc.1005</definition>
            </parameterDefinition>
          </connectionDefinition>
        </connection>
      </online>
    </distribution>
  </associatedMaterial><associatedMaterial category="dataset">
    <distribution><online><connection><connectionDefinition><schemeName system="sbclter">metacat</schemeName>
            <description>CRUISE 6</description>
            <parameterDefinition><name>docid</name>
              <definition>knb-lter-sbc.1006</definition>
            </parameterDefinition>
          </connectionDefinition>
        </connection>
      </online>
    </distribution>
  </associatedMaterial><associatedMaterial category="dataset">
    <distribution><online><connection><connectionDefinition><schemeName system="sbclter">metacat</schemeName>
            <description>CRUISE 7</description>
            <parameterDefinition><name>docid</name>
              <definition>knb-lter-sbc.1007</definition>
            </parameterDefinition>
          </connectionDefinition>
        </connection>
      </online>
    </distribution>
  </associatedMaterial>
<associatedMaterial category="dataset">
    <distribution><online><connection><connectionDefinition><schemeName system="sbclter">metacat</schemeName>
            <description>CRUISE 8</description>
            <parameterDefinition><name>docid</name>
              <definition>knb-lter-sbc.1008</definition>
            </parameterDefinition>
          </connectionDefinition>
        </connection>
      </online>
    </distribution>
  </associatedMaterial><associatedMaterial category="dataset">
    <distribution><online><connection><connectionDefinition><schemeName system="sbclter">metacat</schemeName>
            <description>CRUISE 9</description>
            <parameterDefinition><name>docid</name>
              <definition>knb-lter-sbc.1009</definition>
            </parameterDefinition>
          </connectionDefinition>
        </connection>
      </online>
    </distribution>
  </associatedMaterial><associatedMaterial category="dataset">
    <distribution><online><connection><connectionDefinition><schemeName system="sbclter">metacat</schemeName>
            <description>CRUISE 10</description>
            <parameterDefinition><name>docid</name>
              <definition>knb-lter-sbc.1010</definition>
            </parameterDefinition>
          </connectionDefinition>
        </connection>
      </online>
    </distribution>
  </associatedMaterial><associatedMaterial category="dataset">
    <distribution><online><connection><connectionDefinition><schemeName system="sbclter">metacat</schemeName>
            <description>CRUISE 11</description>
            <parameterDefinition><name>docid</name>
              <definition>knb-lter-sbc.1011</definition>
            </parameterDefinition>
          </connectionDefinition>
        </connection>
      </online>
    </distribution>
  </associatedMaterial><associatedMaterial category="dataset">
    <distribution><online><connection><connectionDefinition><schemeName system="sbclter">metacat</schemeName>
            <description>CRUISE 12</description>
            <parameterDefinition><name>docid</name>
              <definition>knb-lter-sbc.1012</definition>
            </parameterDefinition>
          </connectionDefinition>
        </connection>
      </online>
    </distribution>
  </associatedMaterial><associatedMaterial category="dataset">
    <distribution><online><connection><connectionDefinition><schemeName system="sbclter">metacat</schemeName>
            <description>CRUISE 13</description>
            <parameterDefinition><name>docid</name>
              <definition>knb-lter-sbc.1013</definition>
            </parameterDefinition>
          </connectionDefinition>
        </connection>
      </online>
    </distribution>
  </associatedMaterial><associatedMaterial category="dataset">
    <distribution><online><connection><connectionDefinition><schemeName system="sbclter">metacat</schemeName>
            <description>CRUISE 14</description>
            <parameterDefinition><name>docid</name>
              <definition>knb-lter-sbc.1014</definition>
            </parameterDefinition>
          </connectionDefinition>
        </connection>
      </online>
    </distribution>
  </associatedMaterial>
  <associatedMaterial category="dataset">
    <distribution><online><connection><connectionDefinition><schemeName system="sbclter">metacat</schemeName>
            <description>CRUISE 15</description>
            <parameterDefinition><name>docid</name>
              <definition>knb-lter-sbc.1015</definition>
            </parameterDefinition>
          </connectionDefinition>
        </connection>
      </online>
    </distribution>
  </associatedMaterial>
  <associatedMaterial category="dataset">
    <distribution><online><connection><connectionDefinition><schemeName system="sbclter">metacat</schemeName>
            <description>CRUISE 16</description>
            <parameterDefinition><name>docid</name>
              <definition>knb-lter-sbc.1016</definition>
            </parameterDefinition>
          </connectionDefinition>
        </connection>
      </online>
    </distribution>
  </associatedMaterial>
</lter:researchProject>